class,text
9, Neither changes in agonist binding or in the effect of Gpp(NH)p on the agonist binding to beta-adrenoceptors could be observed in allergic patients.
4, Our preliminary results show that diffusion-weighted MR imaging can be useful in distinguishing between arachnoid cysts and epidermoid tumors.
9,Oral ofloxacin therapy for invasive external otitis.
20, Plasma samples were obtained at least once a month.
10,Gastrointestinal transit of solid-liquid meal in chronic alcoholics.
17, No previous report of this association has been found in a survey of the literature.
9, Previous studies have identified two bacterial factors involved in enteropathogenic Escherichia coli (EPEC) infection.
1, In this report we review the cases of cutaneous cytomegalovirus in the literature and the laboratory detection methods available to establish this diagnosis.
4,Social support and the cancer patient. Implications for future research and clinical care.
7," In these methods, the raised true columella worsens the dorsal dislocation of the lateral crura of the alar cartilages and the lateral and dorsal displacement of the alar domes."
14,Sexual function of women taking antihypertensive agents: a comparative study.
8, All symptoms similar to those of obstructive sleep apnea were relieved.
13, Lung growth and maturation were studied in a model of early gestation obstructive uropathy to understand better their relationship and their prenatal regulation.
10, Seventy of 178 patients with acoustic tumors initially were treated conservatively and have been followed up for an average of 26 +/- 2 months.
9, CONCLUSION: There is sufficient evidence to show that the noise from low-level flights is harmful to human health.
17," In addition, we assigned the type VII collagen gene (COL7A1) to chromosome 3 by hybridization to a panel of human x rodent somatic cell hybrids."
4," The mean operative times were 54, 59, and 56 minutes for Groups 1, 2, and 3, respectively."
2," We conclude that microvesicular steatosis does not necessarily signify hepatotoxicity in patients on chronic valproic acid, and should not lead to discontinuation of the drug until other causes of acute or chronic liver disease have been excluded."
22," This direct patient-xenograft correlation further validates the usefulness of the nude mouse model in the search for effective therapies for malignant mesothelioma, a tumor characterized by frequent refractoriness to most available agents."
13," They do, however, recommend vaginal apex irradiation for these patients."
23, Twenty-five percent of patients in the control group and 63% in the aprotinin group did not receive banked blood or homologous blood products.
20, A middle-aged woman developed recurrent episodes of severe life-threatening anaphylaxis.
12, These manifestations of systemic toxicity may contribute to the development of pulmonary edema during therapy.
15," Furosemide was the only significantly associated drug (relative risk, 3.1); the excess risk attributable to any exposure in a 5-month interval was 1.7 per million."
4, We undertook a longitudinal prospective study in which the native kidneys of 30 dialysis patients were surveyed by serial CT during a 7-year period to study the natural history of acquired renal cystic disease and the frequency of associated complications.
7, Improvements in the quality of the latter are possible with a systematic approach to shaping the bone graft.
20," In both IgA and membranoproliferative glomerulonephritis, the data are more sparse."
6," Endoscopy in 23 patients detected 16 (70%) rings, and also depended on ring caliber: less than or equal to 13 mm, 6/6 (100%); 14-19 mm, 5/9 (56%); greater than or equal to 20 mm, 5/8 (63%)."
10, Presenting symptoms included deafness and mutism.
22, gamma-Irradiation (800-1000 cGy) immediately after removal of 2-mm-diameter sections of antral mucosa resulted in ulcer craters 5-7 days later.
3, These studies assess the roles of subpopulations of T lymphocytes in inducing and modulating resistance to Schistosoma mansoni.
15," Ten clinically complete responses (47%) and five clinically partial responses (23%) were registered, for an overall 70% objective response."
11, Nine of the 11 patients with hypopyon were positive for HLA B27.
16," The immunobead binding, which was restricted to the sperm head and tail-tip or the midpiece and tail-tip, correlated with the indirect immunofluorescence pattern."
14, Their use in the treatment of hypertension has resulted in a marked decline in hypertension-induced morbidity and mortality.
22," This observation was further supported by morphometric evaluation of the outer nuclear layer thickness, which revealed a greater preservation of the photoreceptor nuclei in the drug-treated animals at 6 and 14 days after exposure."
13,Appendectomy during pregnancy: a Swedish registry study of 778 cases.
4,Bronchioloalveolar carcinoma of the lung and congenital cystic adenomatoid malformation.
8, The majority were young female patients.
4, All patients received irradiation to the whole brain with parallel opposed fields.
17," Thereafter, the polarity of the treatment electrode on the wound was changed every 3 days until the wound progressed to a stage II classification."
10," These results suggest extensive sharing of idiotopes among anti-AChR mAb, which are also present in EAMG serum."
14, Head-up tilt may be less useful in youthful subjects with vasovagal syncope than in other subjects.
16," Pulmonary blood flow was increased with normal inspiration, and was much augmented by the Mueller manoeuvre."
2," Overall, 30% (13/43) of all adenovirus hexon-positive specimens were enteric serotypes, and by extrapolation, enteric adenoviruses were identified in an equal percentage of children (2%) with and without diarrhea."
4, A total of 65 patients underwent extraperitoneal pelvic staging lymphadenectomy before radiotherapy.
14," Following intravenous administration of cocaine, instead of gradual disappearance of 201Tl from the left ventricle, there was continuous increase in 201Tl concentration in the left ventricle."
14, Minor noncardiac side effects related to the dipyridamole-handgrip test occurred only in 5% of 63 study sessions.
13, Computed tomography scans revealed an intrasellar mass lesion.
2," An autosomal recessive autoimmune myocardial disease (amd) gene (possibly more than one gene), which determined susceptibility to CVB3-induced chronic myocarditis in the A/J and DBA/2J inbred mouse strains, was mapped to a segment of chromosome 14."
4," In a regression analysis, a linear relationship was indicated between the extent of nicking and receptor binding values (97% correlation) and between the extent of nicking and steroidogenic activity in vitro (99% correlation)."
16," The peripheral vision tests available on the Keystone View Tester and the Titmus Vision Tester were administered to 23 subjects with RP, 3 subjects with Type 2 Usher's syndrome, and 1 subject who was a partially affected carrier of X-linked recessive RP."
23, Both the incidence and frequency of vomiting in the scopolamine-treated group were significantly (P less than 0.05) lower than in the control group.
13, Two neonates (2.8% or 2 of 72) tested positive from oral-pharyngeal specimens.
8," 1.7 +/- 1.2 mmol/L.hr, p less than .01)."
21, We report the case of a young adult involved in a car accident who had these findings.
20," At 0400 h the nocturnal asthma group had significantly higher total leukocyte, neutrophil, eosinophil, lymphocyte, and epithelial cell counts."
14," Sodium bicarbonate (50 meq i.v.) was administered as a potential antidote in 11 of 15 dogs, and intravenous 5% dextrose was given in the remaining four."
8, Respiratory syncytial virus was the commonest pathogen identified and was found in 32 cases (37%).
4, Our results justify a broader clinical trial to evaluate the effects of the MCVAC regimen followed by PBSCT.
1, The number of neutrophils that migrated into the filter was used as an index of directed chemotaxis.
5, There was good correlation between the distribution of muscle involvement by MRI and functional testing.
22," A second experiment was performed with 58 animals fed five different mixtures of fats, all at 14% of total calories."
23," Two hundred forty-seven cases of Chagas' heart disease and 345 seropositive subjects with normal ECG (controls) were selected in a population survey in Goiania, Brazil."
4," In addition, two hemangiopericytomas and one leptomeningeal melanoma were examined."
2, Somewhat surprisingly in malignant lesions HPV DNA is also found as fragments incorporated into the cellular genome.
7, Mandibular reconstruction at the time of tumor resection remains a surgical dilemma.
21," The cases of three patients who had those findings are presented; in all three, the differential diagnosis between the vascular and skeletal injuries was difficult."
18, Thromboxane contributes to the regulation of glomerular hemodynamics in experimental models of diabetes and has been implicated as mediator in some models of glomerular injury.
17," This technique was most applicable to skin topography with a reliable geometrical pattern of triangles and squares, a feature of hair-bearing surfaces in general and in particular, the antecubital fossa."
15, The present study was undertaken to determine the effects of high-dose interleukin-2 administration in normal rats.
15, This corrected phenotype is later expressed in daughter cells.
12, After two courses of recombinant human tumor necrosis factor her psoriasis resolved.
12, The mean capacity of the reservoirs was 500 +/- 83 ml.
22," Early (3 hr) and late (20 hr) imaging was performed 1, 4, 7, 10, and 13 wk later, while the osteomyelitis progressed from acute to chronic."
19,Paradoxical response of growth hormone to peptide histidine methionine in acromegaly: comparison with the effects of thyrotropin-releasing hormone and vasoactive intestinal peptide.
5," A significant difference was demonstrated in total body loss, loss per level fused, and loss per kilogram of body weight when comparing the sealant group with random controls."
4," However, when tamoxifen treatment (12 months) was stopped, progesterone treatment initiated tumorigenesis."
7,Inhibition of fluorouracil-induced stomatitis by oral cryotherapy.
3, This case supports an aetiological role for toxoplasmosis in the pathogenesis of some cases of dermatomyositis.
20," The second case was of a 46-year-old woman with a palpable, left upper quadrant mass."
4," However, the presence of lymph nodes could not necessarily predict metastatic involvement of these nodes."
3, Plasmodium falciparum was identified in 77% of the cases.
16, Blood supplied by the intersegmental arteries drained via the pulmonary arteries of the right lung into main and left pulmonary arteries.
22," Restoration of flow within 16 minutes always resulted in full return of function, whereas with occlusion times of greater than 27 minutes all animals remained paralyzed."
10," In addition to CD, 16% of patients had oral dystonia, 12% mandibular dystonia, 10% hand/arm dystonia, and 10% had blepharospasm."
16," As a result, patients may have profound changes in arterial blood gases and prolongation of adaptation and recovery even with low levels of physical activity."
13," Of 38 leuprolide-treated patients presenting with menorrhagia, 37 (97%) had resolution of this symptom at the time of the final visit."
19," In nonsmoking patients, ultrasonically determined thyroid volume was significantly related to treatment duration."
12," Four patients in the forty to forty-nine age group had elevated PSA determinations, and 7 had abnormal findings on DRE."
17, Only four patients were atopic.
3,Clonorchis-associated cholangiocarcinoma: a report of two cases with unusual manifestations.
9," We found that the histology of the aural polyp was not a precise predictor of the presence or absence of cholesteatoma, nor of the subsequent course of the middle ear disease."
22, Blood pressure reduction was equal in the diabetic and nondiabetic SHR rats receiving either enalapril or hydralazine plus metoprolol.
11," A prospective, double-blind study was conducted to compare the effect of pressure at the P6 (Neikuan) point with placebo as an antiemetic in children."
15," During the pneumonia episode, serum immunoglobulin concentrations were profoundly reduced (IgG, 440 mg/dl; IgA, 40 mg/dl; IgM, 25 mg/dl)."
10," For this end, ratios were calculated among a number of metabolites of the main demethylation pathway of caffeine."
4," The presenting clinical and radiographic features and the pathology of this tumor are summarized, and an explanation is sought for its unusual location."
11, We completed a national study of blindness in children under 16.
14," The combination of an elevated vascular resistance and reduced RBF and GFR in young SHR implicates increased activity of a vasoconstrictor system(s), decreased activity of a vasodilator system(s), or both."
