class,text
14," Following intravenous administration of cocaine, instead of gradual disappearance of 201Tl from the left ventricle, there was continuous increase in 201Tl concentration in the left ventricle."
14, The origin of the neoplastic cells remains still undetermined.
14, Their use in the treatment of hypertension has resulted in a marked decline in hypertension-induced morbidity and mortality.
14," Since angioedema can progress to upper airway obstruction, otolaryngologists must be aware of this association."
14, The only significant metabolized product to be released from labeled fatty acid utilization in either group was 14CO2.
14, A granulomatous giant cell vasculitis of the temporal artery was observed in a biopsy specimen from a patient with corresponding clinical symptoms.
14," Of particular interest are data for southwestern US Native Americans and Mexican-Americans, which indicate low CHD prevalence rates despite high rates of obesity, diabetes mellitus, increasing hypertension, and low socioeconomic status."
14, Total exercise time increased in the placebo-treated patients from 677 +/- 114 seconds by 0.7% (p = NS).
14, OBJECTIVE--To determine the prognosis and adverse prognostic factors in patients with retinal infarction due to presumed atheromatous thromboembolism or cardiogenic embolism.
14,Sexual function of women taking antihypertensive agents: a comparative study.
14, The ready availability of echocardiography in the coronary care unit has made a major impact on the immediate diagnosis of mechanical complications in the hemodynamically compromised patient with acute myocardial infarction.
14, Minor noncardiac side effects related to the dipyridamole-handgrip test occurred only in 5% of 63 study sessions.
14," When considered with other evidence, these data suggest that platelet-derived factors such as serotonin may have a role in certain acute coronary ischemic syndromes."
14," To assess the effect of intravenous thrombolysis on the incidence of ventricular late potentials, 223 consecutive patients surviving a first AMI were included in the present study: 59 patients (53 men, 6 women, mean age +/- standard deviation 55 +/- 10 years) received intravenous recombinant tissue-type plasminogen activator (100 mg over 3 hours, group A) and 164 patients (123 men, 41 women, mean age 61 +/- 11 years) received conventional medical treatment (group B)."
14, The antihypertensive effects on nocturnal BP of the various medications was: central adrenergic inhibitors less than or equal to beta blockers with intrinsic sympathomimetic activity less than or equal to alpha (alpha beta) blockers less than or equal to angiotensin-converting enzyme inhibitors less than or equal to calcium antagonists.
14," The combination of an elevated vascular resistance and reduced RBF and GFR in young SHR implicates increased activity of a vasoconstrictor system(s), decreased activity of a vasodilator system(s), or both."
14, Central retinal vein occlusion has been linked with pseudotumor cerebri but rarely as an initial manifestation.
14, The etiology for the progressive organ injury in hypertension is largely speculative.
14," Sodium bicarbonate (50 meq i.v.) was administered as a potential antidote in 11 of 15 dogs, and intravenous 5% dextrose was given in the remaining four."
14," Insulin did not produce any effect on the inhibition of platelet aggregation by the prostaglandin in ""nonresponder"" patients."
14, This study tests whether the rate of IL-2 administration modulates the onset of edema and examines thromboxane (Tx) and neutrophils as possible mediators of this event.
2, Genital papillomatosis accompanied by distressing vulval symptoms is often termed vulvodynia.
2," An autosomal recessive autoimmune myocardial disease (amd) gene (possibly more than one gene), which determined susceptibility to CVB3-induced chronic myocarditis in the A/J and DBA/2J inbred mouse strains, was mapped to a segment of chromosome 14."
2," Histopathologic examination of the corneal button revealed an epithelial dendrite containing Cowdry type A inclusion bodies, moderate stromal edema, and a retrocorneal fibrous membrane."
2," More than half of cases were in children younger than 5 years of age, most of whom were unvaccinated."
2," They were injected subcutaneously with 10(4.1), 10(5.2), 10(6.1), or 10(7.3) TCID 50 of HAV vaccine (n = 40) or with placebo (n = 12) and were followed for 6 months."
2, An overall complete response was observed in 35% of these patients; the figure was significantly higher in those who did not have a visceral localization or opportunistic infections.
2, These studies illustrate that AIDS virus-specific CTL can be characterized in detail in the rhesus monkey and lay the foundation for exploring novel approaches to AIDS virus vaccination in this species.
2," A brief review of these cases, and three additional cases from the literature, indicate that the enteroviruses, particularly the group A Coxsackieviruses, are rare causes of acute focal encephalitis in children and adolescents."
2, The etiology of diarrhea in a significant number of patients remains unclear.
2," We conclude that microvesicular steatosis does not necessarily signify hepatotoxicity in patients on chronic valproic acid, and should not lead to discontinuation of the drug until other causes of acute or chronic liver disease have been excluded."
2, The risks of viral transmission from trauma patients is a continuing concern to those involved in their care.
2," Seropositivity for HIV correlated significantly with intravenous drug use (odds ratio, 3.3; 95% confidence interval, 1.4 to 4.4) and active tuberculosis (odds ratio, 7.0; 95% confidence interval, 3.4 to 13.5)."
2," Overall, 30% (13/43) of all adenovirus hexon-positive specimens were enteric serotypes, and by extrapolation, enteric adenoviruses were identified in an equal percentage of children (2%) with and without diarrhea."
2,A target-based model for increasing influenza immunizations in private practice. Genesee Hospital Medical Staff 
2," Clinical evidence of measles was found in 258 (48.0%) patients, of whom 59 had a second viral infection."
2," Although mean platelet immunoglobulin levels were higher in the IVDUs with thrombocytopenia than in IVDUs with normal platelet counts, these differences did not achieve significance."
2,Disseminated strongyloidiasis with central nervous system involvement diagnosed antemortem in a patient with acquired immunodeficiency syndrome and Burkitts lymphoma.
2, The men with AIDS all had pyosemia and grossly abnormal sperm.
2, Somewhat surprisingly in malignant lesions HPV DNA is also found as fragments incorporated into the cellular genome.
2," Of five additional H-2k murine strains tested, C3H/HEJ and CBA/N mice develop this GH-like disorder, whereas neither AKR/J, B10/BR, nor BALB/KAE mice do, indicating that the H-2K haplotype does not control the GH susceptibility."
2, Within 6 weeks of the end of treatment the median serum alanine aminotransferase concentration was not significantly different from that before treatment.
21," RESULTS: There were 7,926 incident OCTS claims identified for the years 1984-1988, which yields an industry-wide incidence rate of 1.74 claims/1,000 FTEs."
21, We employed capture-recapture methods as a strategy for evaluating needle exchange.
21, Only 15 cases required limited open reduction.
21," Results from this study indicate that in spite of wide-spread HIV-associated risk behaviors, the extent of HIV-seropositivity among incoming inmates in Michigan is relatively low."
21," The cases of three patients who had those findings are presented; in all three, the differential diagnosis between the vascular and skeletal injuries was difficult."
21, Clinicians should be knowledgeable about the nature of this agent and its pathophysiologic presentations since recognition of the toxidrome is often necessary to make this diagnosis.
21,Medical and dental students' attitudes about the AIDS epidemic.
21,The clinical utility and reliability of asbestos bodies in bronchoalveolar fluid.
21, A remote history of intravenous drug use or tattoo application was elicited in 55% of individuals less than 40 yr old.
21," The endothelial cells were stained with acridine orange, then the cell ratios in the reproductive phase (S + G2 + M) were investigated with flow cytometry."
21," In the chronic phase, there was a positive correlation between the degree of spontaneous activity in a muscle and the length of its axon (p less than .01) and a negative correlation between the amount of spontaneous activity and the degree of reflex activity (p less than .01)."
21," The patients were randomized to no drain, closed suction, or sump drainage and respective perihepatic abscess rates were 6.7%, 3.5%, and 13% (p less than 0.03; suction compared to closed suction)."
21," Debridement, fecal diversion, and rectal washout have been proposed as the primary therapy for complex perineal lacerations, but, in most series, survivors have a pelvic sepsis rate of 40-80%."
21, We report the case of a young adult involved in a car accident who had these findings.
21," Pain, stability, and strength were corrected equally between groups; however, strength was restored more rapidly in the new method group."
21,Multidisciplinary baseline assessment of homosexual men with and without human immunodeficiency virus infection. II. Standardized clinical assessment of current and lifetime psychopathology.
21," Possible needle penetration risk factors included high myopia, previous scleral buckling procedures, injection by nonophthalmologists, and poor patient cooperation during the injection."
21," Reconstructed knees from six sheep of each group were evaluated at 12, 26, and 52 weeks postreconstruction with respect to clinical assessment, gross pathology, mechanical properties, and histology."
21, Reported increases in the number of fractures of the proximal femur in Europe are greater than can be explained by demographic changes alone.
21,Piroxicam decreases postirradiation colonic neoplasia in the rat.
21, Opportunities for prevention and treatment are therefore lost.
4, All patients received irradiation to the whole brain with parallel opposed fields.
4," To assess directly the role of these RR1 protein sequences in cell transformation, the Pst I-C fragment was cloned in an expression vector (p91023) containing an adenovirus-simian virus 40 promoter-enhancer to generate recombinant plasmid p9-C."
4, Positive scans were observed only in patients bearing tumors with high affinity SRIH-binding sites.
4, Median survival time for patients after palliative resection or no resection was 12 months.
4," Nine of the 51 patients experienced systemic objective tumor responses (3 complete response, 6 partial response), but had Mx concentrations in their mononuclear cells equal to the Mx levels of non-responders during IFN-alpha therapy."
4,Social support and the cancer patient. Implications for future research and clinical care.
4," However, when tamoxifen treatment (12 months) was stopped, progesterone treatment initiated tumorigenesis."
4,Bronchioloalveolar carcinoma of the lung and congenital cystic adenomatoid malformation.
4," Pharmacokinetics, immunogenicity, and biodistribution of a 131I-labeled mouse/human chimeric monoclonal antibody (C-17-1A) was studied in six metastatic colon cancer patients."
4," In a regression analysis, a linear relationship was indicated between the extent of nicking and receptor binding values (97% correlation) and between the extent of nicking and steroidogenic activity in vitro (99% correlation)."
4, Our preliminary results show that diffusion-weighted MR imaging can be useful in distinguishing between arachnoid cysts and epidermoid tumors.
4,Activation of erythropoietin receptors by Friend viral gp55 and by erythropoietin and down-modulation by the murine Fv-2r resistance gene.
4," The presenting clinical and radiographic features and the pathology of this tumor are summarized, and an explanation is sought for its unusual location."
4, We undertook a longitudinal prospective study in which the native kidneys of 30 dialysis patients were surveyed by serial CT during a 7-year period to study the natural history of acquired renal cystic disease and the frequency of associated complications.
4, A total of 65 patients underwent extraperitoneal pelvic staging lymphadenectomy before radiotherapy.
4, Our results justify a broader clinical trial to evaluate the effects of the MCVAC regimen followed by PBSCT.
4," In addition, two hemangiopericytomas and one leptomeningeal melanoma were examined."
4,Renal lesion characterization with gadolinium-enhanced MR imaging: efficacy and safety in patients with renal insufficiency.
4," Mean and median follow-up were 49.7 months and 47 months, respectively."
4," However, the presence of lymph nodes could not necessarily predict metastatic involvement of these nodes."
4," We studied the effect of fibrinogen degradation products D, E, and D-dimer on a human promonocytic leukemia cell line, NOMO-1."
10, Seventy of 178 patients with acoustic tumors initially were treated conservatively and have been followed up for an average of 26 +/- 2 months.
10, We reviewed our experience with clean intermittent catheterization instituted when upper tract deterioration was found.
10," For this end, ratios were calculated among a number of metabolites of the main demethylation pathway of caffeine."
10," Copper concentration in the liver of LEC rats was over 40 times that of normal Long-Evans Agouti (LEA) rats, while the serum ceruloplasmin and copper concentrations in LEC rats decreased significantly."
10," There were 25 exposures in children less than 6 yrs., 11 exposures in adolescents, and 37 exposures in adults."
10," In animal models of parkinsonism, the ability to lose a substantial proportion of dopaminergic neurons without behavioral deficits does not derive from other systems taking over function of the dopaminergic pathway."
10," In addition to CD, 16% of patients had oral dystonia, 12% mandibular dystonia, 10% hand/arm dystonia, and 10% had blepharospasm."
10," The complex assessment, rehabilitation, and parent counseling should be performed by centers with the multidisciplinary staffs necessary to provide effective care for patients with this specialized auditory prosthesis."
10,Long-term effects of nimodipine on cerebral infarcts and outcome after aneurysmal subarachnoid hemorrhage and surgery.
10," These results suggest extensive sharing of idiotopes among anti-AChR mAb, which are also present in EAMG serum."
10, Residents with comprehensive understanding of the newborn's capacity to feel pain were more likely to be using DPNB than their less well-informed counterparts.
10, The most common cause of perioperative stroke is embolism.
10," However, with intra-amniotic microinjections, 3-hydroxyacetaminophen and N-acetyl-p-benzoquinoneimine were roughly equipotent for eliciting abnormal neurulation, whereas 3-methoxyacetaminophen required greater than 30-fold higher concentrations."
10,Brain and ocular abnormalities in infants with in utero exposure to cocaine and other street drugs.
10,Arthrodesis of the knee with an intramedullary nail.
10," Snoring, by report, was improved in all patients but one (p less than 0.001) and was eliminated in 42 percent (95 percent confidence interval 30 to 55 percent)."
10,Controlling stability of a complex movement system.
10, Presenting symptoms included deafness and mutism.
10," A case is reported of rapid regression of a large cyst of the fourth ventricle after oral praziquantel, avoiding the need for surgery."
10,Acute twin-twin transfusion: a possible mechanism for brain-damaged survivors after intrauterine death of a monochorionic twin.
10,Gastrointestinal transit of solid-liquid meal in chronic alcoholics.
1," 6 PCR results turned out to be false negatives, 3 to be false positives and 4 to be mis-identification of strains."
1, We studied the clinical characteristics and the epidemiology of primary septicemia associated with Vibrio vulnificus in 70 patients.
1, Sixty-eight typical cases were studied to define the course of Pityrosporum folliculitis in a tropical setting.
1," The sensitivity and specificity of PTC were 100 and 82.2%, and those of PSB were 64.7 and 93.5%, respectively."
1," Urinary incontinence is common in aged women, may precipitate nursing home admission, and may prompt use of a urine collection device, usually an indwelling urethral catheter."
1, Four patients were successfully treated with antibiotics alone without aspiration.
1, The organism was also found in the upper genital tract of 9 of the 12 women without laparoscopic evidence of PID.
1, Flaps are susceptible to the same complications as side-to-side closures.
1, The current challenge of neonatal candidiasis arises from the increased survival of very low birthweight infants.
1, Sixteen patients with coccidioidomycosis were treated with itraconazole for one year.
1, Prostaglandin E2 production by splenic macrophages (sM phi) from septic animals was increased (p less than 0.05) at 5 hours (9.1 +/- 2.2 ng/mL) and 10 hours (5.6 +/- 1.5 ng/mL) compared to controls (3.3 +/- 0.3 ng/mL at 5 hours; 1.3 +/- 1.3 ng/mL at 10 hours).
1, Aztreonam is the first monocyclic beta-lactam antibiotic (monobactam) to be tested clinically.
1, The dearth of intraluminal gas combined with thickening of the colon wall and ascites facilitated excellent sonographic evaluation.
1, Monitoring for asymptomatic bacteriuria and eradicating it in pregnancy should diminish the occurrence of endometritis and possible endomyometritis in the postpartum period.
1," Pityriasis alba usually presents as ill defined, scaly patches of hypomelanosis on the cheeks of children with an atopic diathesis."
1," In addition, most of the isolates that were non-typable by polyclonal antisera were recognized by one of the HmAb."
1, No patient had distant metastases at first admission.
1,Reoperative surgery for the morbidly obese. A university experience.
1," One hundred fifty (71%) of the wounds were partial thickness, and 62 (29%) were full thickness."
1, In this report we review the cases of cutaneous cytomegalovirus in the literature and the laboratory detection methods available to establish this diagnosis.
1," Yersinia pseudotuberculosis type VB was isolated from feces of one of them, antibodies to Yersinia pseudotuberculosis type VB in their sera were elevated."
23," Such involvement can be meaningful only after the patient is carefully counseled as to the pros and cons of surgery, as well as the alternatives."
23," We conclude that the stellate pattern is of diagnostic importance, particularly if the pattern is carefully defined and the clinician is experienced."
23, Each step has potential inhibitors that could be used for preventive therapy.
23," Export of HBeAg also correlated positively with markers of active viral replication (serum hepatitis B virus DNA, p less than 0.05 and tissue HBcAg, p less than 0.05)."
23," Positive intraoperative presacral cultures, the presence of anaerobes in the presacral space, and duration of pelvic drainage had no effect on the development of pelvic sepsis."
23, Both the incidence and frequency of vomiting in the scopolamine-treated group were significantly (P less than 0.05) lower than in the control group.
23, The frequency was twice as great in colitis (19%) as in ileocolitis (11%).
23," During intraoperative testing of the automatic implantable cardioverter defibrillator, transthoracic rescue shocks of 200-400 J were delivered when the device failed to defibrillate."
23," Successful engraftment was complicated by prolonged hypercalcaemia, which was controlled by a combination of a bisphosphonate, phosphate infusions, vigorous resalination, and salmon calcitonin."
23," Indium-111-DTPA was easy to administer and dosimetry was more acceptable than for 131I-cellulose, especially in constipated patients."
23," Strains of Epstein-Barr virus (EBV) with deletions of the small RNA (EBER) genes were made by homologous recombination using the EBV P3HR-1 strain, which has undergone deletion of the essential transforming gene that encodes the EBV nuclear antigen, EBNA-2, and a DNA fragment that was wild type at the EBNA-2 locus but from which the EBER genes had been deleted."
23, Mechanical stabilization has been shown to help reduce such blood loss.
23," Measurement of impedance may be a valuable adjunct in the evaluation of electrical burns, since significant changes strongly suggest nonviability."
23, The 2100 nm infrared pulsed thulium/holmium: YAG laser successfully recanalized an obtuse marginal bypass graft without complications.
23," More complete evaluation was made of one compound, N-(fluorenyl-9-methoxycarbonyl)leucine (NPC 15199)."
23," Clearly, there is much to be learned about the relationship between biochemical abnormalities and the phenotypic variability of the peroxisomal disorders."
23, We believe this is the first description of use of a GnRH agonist to treat this rare condition.
23,Bilateral coronary ostial stenosis associated with aortitis syndrome.
23, Beta-adrenergic blockade is of benefit in many of these patients.
23, Three tourists developed eosinophilic meningitis after visiting the Fijian Islands.
23," Patients with simple pancreatitis, pancreatic necrosis, pseudocyst, noninfected fluid collection or abscess may all have similar clinical pictures."
20, Extrapulmonary pneumocystosis is not limited to patients in any discrete risk group for HIV infection.
20," At 0400 h the nocturnal asthma group had significantly higher total leukocyte, neutrophil, eosinophil, lymphocyte, and epithelial cell counts."
20," Two with bronchiectasis responded to long-term cyclic antibiotic therapy, as did 1 patient with osteomyelitis."
20," Patients with systemic non-Hodgkin's lymphoma were thought to have a separate cerebral lymphoma on the basis of a prolonged disease-free interval from their systemic lymphoma, and the absence of systemic disease, when PCNSL was diagnosed and through subsequent follow-up."
20, Numerous tumor cell lines of leukemic origin are known to modulate cell surface expression of major histocompatibility complex (MHC) class I antigens resulting in alterations in their immune detection and tumorigenicity.
20," Recombinant IL-2 fully restored the proliferative responses of her T cells, suggesting that her poor immune function was related to IL-2 deficiency."
20," Bronchial hyperresponsiveness was defined arbitrarily as a PC20FEV1 of 2 mg/ml or less (or 11 mumol cumulative dose, PD20FEV1)."
20," The second case was of a 46-year-old woman with a palpable, left upper quadrant mass."
20, Plasma samples were obtained at least once a month.
20," These antigens were not present in Nigerian or US nonendemic control sera, in sera from patients with various other parasitic infections, or in sera from US patients with autoimmune diseases."
20," Chronic relapsing experimental autoimmune encephalomyelitis was induced in the Lewis rat and strain 13 guinea pig by immunization with whole guinea pig cord homogenate, complete Freund's adjuvant, and Mycobacterium tuberculosis."
20," There was a correlation between IFN-alpha, but not TNF-alpha, and the occurrence of HIV-1 p24 antigen in serum."
20, The overall prevalence of HIV-1 infection was 33.6%.
20, The implications of these findings for the choice of scales in clinical trials are described.
20, Such antisera needed to be administered early in the course of the disease and unfortunately was associated with significant risks of anaphylaxis and serum sickness.
20," In 1990, the number of reported acquired immunodeficiency syndrome (AIDS) cases among women in the United States exceeded 15,000, an increase of 34% from 1989 (1)."
20, Elevated urine porphyrins and decreased levels of coproporphyrinogen oxidase confirmed the correct diagnosis of hereditary coproporphyria.
20,Sexual behavior before AIDS: the hepatitis B studies of homosexual and bisexual men.
20," These men were from a cohort of 6,705 homosexual and bisexual men originally recruited for studies of sexually transmitted hepatitis B in San Francisco in 1978-80."
20," Between 5 March and 12 April 1990, we assessed transfusion practices and the risk of transfusion-associated HIV transmission in all the hospitals and medical centres in Kinshasa, Zaire."
20, Future in vitro studies should be directed towards reproducing the in vivo environment.
16," The malformations most suitable for nonbypass surgery without catheterization seem to be those with reduced pulmonary blood flow requiring systemic-pulmonary artery shunt, aortic coarctation and patent ductus arteriosus."
16," A thoracic or thoracolumbar myelomeningocele repair with split-thickness skin graft was significantly more likely to be complicated by skin problems than the defect in the lumbar, lumbosacral, or sacral region."
16, Limb lengthening is an option only for patients whose bones are smaller than normal.
16," Both patients demonstrated somatic hemihypertrophy, which is considered to have the same implications as the Beckwith-Wiedemann syndrome in terms of tumor risk."
16, Blood supplied by the intersegmental arteries drained via the pulmonary arteries of the right lung into main and left pulmonary arteries.
16," The immunobead binding, which was restricted to the sperm head and tail-tip or the midpiece and tail-tip, correlated with the indirect immunofluorescence pattern."
16," FC and acid elution showed similar results, with good correlation obtained between measured and expected quantities of fetal cells (r = 0.99 and 0.96, respectively)."
16, Eight of the 20 patients with such anomalies had only a restrictive ventricular septal defect in addition to the patent ductus arteriosus.
16, Vaginal leakage indicating ruptured membranes occurred in 16 women.
16, The effects of the test agents suggest that agents with biophysical properties different from surfactant may still aid lung expansion.
16," Neonatal adrenoleukodystrophy and infantile Refsum's disease appear to be genetically distinct, but clinically, biochemically, and pathologically similar to Zellweger syndrome, although milder."
16," This treatment also reversed the inhibitory effect of cystic fibrosis ELF on pseudomonas killing by neutrophils, which suggests that it may augment host defence in cystic fibrosis."
16," As a result, patients may have profound changes in arterial blood gases and prolongation of adaptation and recovery even with low levels of physical activity."
16," Monosomy of chromosome 3 was seen in six patients (43%), five of which were associated with anomalies of chromosome 8."
16," The peripheral vision tests available on the Keystone View Tester and the Titmus Vision Tester were administered to 23 subjects with RP, 3 subjects with Type 2 Usher's syndrome, and 1 subject who was a partially affected carrier of X-linked recessive RP."
16, The majority of fetuses with mild ventriculomegaly as an isolated finding and a normal karyotype are developing normally.
16, Eleven fetuses had complete and three fetuses had partial atrioventricular canal malformations.
16," Pulmonary blood flow was increased with normal inspiration, and was much augmented by the Mueller manoeuvre."
16, Thus we were unable to demonstrate slowing of fetal growth in our severely isoimmunized pregnancies.
16," We studied sFc epsilon R II levels in normal children and in patients with immunodeficiencies, including common variable immunodeficiency (CVI), partial DiGeorge syndrome, and immunodeficiency associated with ectodermal dysplasia to examine the relationship of sFc epsilon R II levels to B cell numbers and other immunoparameters."
16," Birth weight and the severity index contributed about equally to the prediction, and therefore they seem to represent partly independent components of baseline propensity for prolonged oxygen dependence."
8, High resolution CT has proved useful in characterizing the parenchymal changes and also in identifying early disease in all of these entities.
8," Also, reanastomosis can be performed after the cure of primary disease."
8, SETTING: Six medical intensive care units in a Department of Veterans Affairs Cooperative Study.
8," Fifty-three patients, 17 with stage IIIB and 36 with stage IV non-small-cell lung cancer, were given CODE (cisplatin, vincristine, doxorubicin, and etoposide) plus antibiotic prophylaxis and an antiemetic regimen in an intensive chemotherapy program emphasizing weekly treatment and a planned brief duration (9-12 weeks); for 45 of these patients, the CODE program also included antifungal prophylaxis and supportive corticosteroids."
8," 1.7 +/- 1.2 mmol/L.hr, p less than .01)."
8, All symptoms similar to those of obstructive sleep apnea were relieved.
8, Thus migratory activity was measured in cells recovered from lung transplant recipients by bronchoalveolar lavage.
8, Identifying the candidate gene products and understanding the chronology and stringency of mutational events at these loci will be an essential goal to understanding the cellular basis of lung tumors and for developing strategies for the next generation of diagnostic and therapeutic studies.
8,Intraoperative transesophageal echocardiography for pulmonary embolectomy without cardiopulmonary bypass.
8,An in vivo canine model for testing treatment effects in laryngeal hyperadduction disorders.
8, Shunting of pleural effusions is well tolerated and has good success rates in properly selected patients.
8,Electrothrombosis of saccular aneurysms via endovascular approach. Part 2: Preliminary clinical experience.
8," Grossly, they may or may not be pigmented and frequently attain large sizes."
8," Characterization of the T cell clones demonstrated the presence of both I-Ak and I-Ek-restricted clones, although the majority of clones recognized p97 in the context of I-Ek."
8,"Social stressors, social supports, and self-esteem as predictors of morbidity in adults with chronic lung disease."
8, Respiratory syncytial virus was the commonest pathogen identified and was found in 32 cases (37%).
8," Changes in lung function at 1 yr, as measured by resting alveolar-arterial oxygen difference P[A-a]O2, FVC, and single breath diffusing capacity for carbon monoxide (DLCOSB), were all somewhat better in the azathioprine/prednisone group compared with the prednisone alone group, although none of these comparisons were statistically significant."
8, Approaches to reconstitute CMV immunity in BMT patients by adoptive transfer of CMV-specific CD8+ CTL clones derived from the bone marrow donor are now being pursued.
8, We found that (1) total alpha 1AT levels were higher in Pi Z subjects with lung function impairment (FEV1 less than or equal to 65% of predicted) than in Pi Z subjects who were not impaired; (2) Pi Z subjects with lung function impairment had elevated serum levels of oxidized alpha 1AT; and (3) IgE levels were relatively elevated in first-degree Pi MZ relatives of impaired Pi Z subjects.
8," The cardiac index rose significantly at rest and under exercise only after the administration of nifedipine (+16 percent and +8 percent, resp)."
8, The majority were young female patients.
6, Remaining animals were followed to calculate survival.
6," Endoscopy in 23 patients detected 16 (70%) rings, and also depended on ring caliber: less than or equal to 13 mm, 6/6 (100%); 14-19 mm, 5/9 (56%); greater than or equal to 20 mm, 5/8 (63%)."
6, It is based on the use of annular prostheses of Teflon placed around the outside of the anastomotic line using appropriate surgical instruments.
6, Chronic anal fissure is a common condition usually treated by maximal anal dilatation or lateral subcutaneous sphincterotomy.
6, Feeding rats a diet containing large amounts of menhaden oil resulted in lower prostaglandin E2 and leukotriene B4 synthesis and lower sucrase activities.
6, This study led to increased clinical and prevention services for this high-risk population.
6, Ages of patients ranged from 16 to 81 yr (mean 45.9).
6, These are discussed in terms of their effects on swallow physiology.
6," Serum samples from 62 women, inadvertently infected with hepatitis B virus in an in vitro fertilization program, were tested for the presence of hepatitis B virus-DNA using the polymerase chain reaction."
6, The two main causes of gastrointestinal bleeding in cirrhosis are oesophageal varices and portal hypertensive gastropathy (PHG).
6, Type III collagen mRNA reached 5 times that in normal lipocytes and greater than 120 times that in hepatocytes.
6,Effect of epidermal growth factor in combination with sucralfate or omeprazole on the healing of chronic gastric ulcers in the rat.
6, Air travel allows many travelers to arrive back in the United States before manifesting symptoms and signs of illness acquired abroad.
6, Bovine serum is an integral part of the crude soluble antigen used in most ELISAs for E histolytica and G lamblia and needs to be replaced with purified antigen preparations.
6," CCK cholescintigrams were performed in 374 patients with recurrent postprandial right upper quadrant pain, biliary colic, and a normal gallbladder sonogram and/or cholecystogram."
6," Of a total of 58 lesions detected in 31 patients, no neoplastic lesion greater than or equal to 10 mm in size was missed; 16% of diminutive (less than or equal to 5 mm) neoplastic polyps and 12.3% of medium-sized (6-9 mm) neoplastic polyps were missed by the first examiner."
6, Between 2.8% and 14.3% of these clones showed a specific proliferative response to purified human hepatic asialoglycoprotein receptor.
6, This may be due to the frequent combination of etiological factors in every dysfunction episode.
6," Recent findings related to the effects of calcium on gastrointestinal cell proliferation, differentiation, and tumor occurrence in rodent models and in human subjects are summarized."
6," The ascitic fluid pH was 0% sensitive in detecting the presence of bacteria in the absence of neutrophils (i.e., no such specimens had a pH lower than 7.35)."
6, The Southern Surgeons Club conducted a prospective study of 1518 patients who underwent laparoscopic cholecystectomy for treatment of gallbladder disease in order to evaluate the safety of this procedure.
18," We have reviewed the clinical records of 155 patients with bone metastases of solid tumours, 122 of which were followed during the whole course of the disease until death."
18, Close to 40% of the patients had decreases of greater than 25% in low-density lipoprotein cholesterol levels with both drugs.
18," Women with low 25OHD had a reduced vertebral bone density (VBD), assessed by quantitative computed tomography, compared to age-matched controls (P less than 0.001)."
18," In the spleen, CFA injection induced sustained increases in cell proliferation and an associated major increase in the numbers of an immature cell type that expressed the Mac-1 surface antigen."
18, Control subjects were studied once and received an insulin bolus of 0.1 microU/kg.
18," The globulin fractions of four test serums, three from patients with type I (insulin-dependent) diabetes and one from a patient with the insulin autoimmune syndrome, showed clear (5- to 8-fold) stimulation of insulin release."
18,"Carbohydrate and lipid metabolism in patients with non-insulin-dependent diabetes mellitus: effects of a low-fat, high-carbohydrate diet vs a diet high in monounsaturated fatty acids."
18, Thromboxane contributes to the regulation of glomerular hemodynamics in experimental models of diabetes and has been implicated as mediator in some models of glomerular injury.
18, Transient asymptomatic hypocalcemia was noted in one patient.
18," When data of the MCP and cigarette smoking tests were combined, regression analyses showed a significant positive correlation between AVP peak responses to MCP and cigarette smoking in the oldest subjects."
18," For these time points, the mean increase in serum glucose levels (percent change) of the treatment group compared with the control group was as follows: ten minutes, 15.5 mg/dL (0.86 mmol/L) (11%), P less than .01; 15 minutes, 20.6 mg/dL (1.14 mmol/L) (14%), P less than .01; 20 minutes, 36.5 mg/dL (2.03 mmol/L) (26%), P less than .001; and 30 minutes, 34.7 mg/dL (1.93 mmol/L) (24%), P less than .001."
18, Vibrio vulnificus is killed by normal human blood but grows rapidly in blood from patients with hemochromatosis.
18," Serum pancreatic amylase increased significantly after secretin administration to healthy controls and nonpancreatitis patients but was uninfluenced in the marked and moderate pancreatitis groups, respectively."
18, In 10 diabetic patients (group A) the ratio was lower than 2 SD (P less than 0.05) from the mean response of normal subjects.
18," In the Early Treatment Diabetic Retinopathy Study, a randomized clinical trial sponsored by the National Eye Institute, one eye of each patient was assigned to early photocoagulation and the other to deferral of photocoagulation (i.e., careful follow-up and initiation of photocoagulation only if high-risk proliferative retinopathy developed)."
18,Autonomic nerve antibodies and autonomic nerve function in type 1 and type 2 diabetic patients.
18," All patients had radiculopathy, focal pain, or stiffness."
18," Thus, the displacement of 1A2 is a specific and sensitive marker of diabetes susceptibility easily applicable to mass screening."
18," On the other hand, a tendency toward Na+ retention characterizes all patients with IDDM, whereas hypertension develops only in a subgroup of diabetic patients."
18, Atrial fibrillation was present in 133 patients (61%) and 1+ or 2+ mitral regurgitation in 59 (27%).
18," The control children were matched to the HMA children on sex, race, age, and maternal education."
5, We present a rare anomaly of the fourth lumbrical muscle insertion as a cause of triggering of the right little finger.
5," Both tests were done preoperatively, and the condition of the rotator cuff was determined intraoperatively."
5," However, procedures that involve large surface areas are anesthetized more effectively with peripheral nerve blocks."
5, Twenty-seven children admitted for pneumonia with empyema were studied.
5, Technical limitations of the various methods are presented.
5,Arthritis in patients infected with human T lymphotropic virus type I. Clinical and immunopathologic features.
5, Substantial morbidity and mortality are associated with the complex because of the occurrence of cardiac myxoma.
5, This article reviews the dental findings reported in patients with dysosteosclerosis and presents the first reported case of osteomyelitis of the mandible in a patient with this disease.
5," In forty-eight (60 per cent) of the knees, the reconstruction was augmented with an extra-articular lateral sling of iliotibial band."
5," The charts also were reviewed to determine if any variables were associated with an increased use of F/E views, an increased likelihood of these views demonstrating instability, or any neurologic sequelae resulted from these studies."
5, There was good correlation between the distribution of muscle involvement by MRI and functional testing.
5, DIP changes were apparent later in the course of the disease and were less severe than in other affected joints.
5, Their pattern of limb alignment was studied roentgenographically and was found to differ significantly from the control group of 49 healthy young adults.
5," The same pattern was found in all three infants, including the two infants with trigonocephaly who did not have trisomy 13 or microcephaly."
5," A restriction fragment length polymorphism was found in DNA, and an aberrantly-sized transcript was found in hepatic RNA of the dwarf chicken."
5,Problems encountered in leg shortening.
5," A significant difference was demonstrated in total body loss, loss per level fused, and loss per kilogram of body weight when comparing the sealant group with random controls."
5," milleri is now widely recognized as an important cause of pyogenic infection, though it eluded suspicion for many years."
5," HLA antigens, C4 allotypes and T cell antigen receptor (TcR)beta DNA polymorphisms were determined in a community based study of connective tissue diseases (CTD)."
5," With this flap, the entire upper eyelid can be reconstructed as an aesthetic unit in one stage so that the result is satisfactory not only functionally, but also cosmetically."
5," By use of the polymerase chain reaction to amplify genomic fragments with the attachment of a high-melting G + C-rich region (GC clamp) and analysis of these fragments by denaturing gradient gel electrophoresis, heterozygous mutations in the Gs alpha-subunit gene were found in two kindreds."
12," Twenty-one days after this regimen was started, the body weight of cyclosporine-treated rats had increased 15%, a value only 38% less than the increase in pair-fed controls."
12," The 5-year survival rates were 75% for stage pT1, 63% for stage pT2, 31% for stage pT3 and 21% for stage pT4 disease."
12, We describe the results following treatment of 112 stones.
12,The correlation between sperm cell morphology and fertilization after zona pellucida slitting in subfertile males.
12, After two courses of recombinant human tumor necrosis factor her psoriasis resolved.
12," Four patients in the forty to forty-nine age group had elevated PSA determinations, and 7 had abnormal findings on DRE."
12," The positive predictive values of DRE, TRUS, and PSA determination were 39 percent, 35 percent, and 33 percent, respectively."
12, These manifestations of systemic toxicity may contribute to the development of pulmonary edema during therapy.
12, Nineteen PTRAs were successful or partly successful and two failed; the patients were operated on without delay.
12, Palpable cancer of the prostate is widely believed to be clinically significant.
12, Renal biopsies in 4 patients revealed focal and segmental glomerulosclerosis while 2 others showed proliferative and necrotizing glomerulonephritis with crescents.
12, Cortical evoked potentials were the most sensitive predictor of neural compression.
12,Management of spinal cord compression secondary to metastatic prostatic carcinoma.
12," At low concentrations of 0.01 mM and 0.1 mM, suramin stimulated growth while it was inhibitory at a higher concentration of 1.0 mM, and 10 mM suramin resulted in cell death."
12," In general, surgeons who know the anatomy protect the patient by virtue of less blood loss, better margins of resection, and greater functional preservation."
12, In 11 patients a significant progression of renal insufficiency was observed (mean creatinine level rose from 3.86 +/- 1.06 to 6.40 +/- 3.18 mg/dl within the same observation period; Group 2).
12,The long-term results of artificial sphincters in children.
12, The mean capacity of the reservoirs was 500 +/- 83 ml.
12," Because non-Ashkenazi Jews in Israel are of lower socioeconomic status than Ashkenazi Jews, we stratified our patients according to their socioeconomic parameters, median HbA1 values, and duration of diabetes."
12," Patients with a history of three or more previous events of tumor recurrence, positive urinary cytology, and multicentric disease, all fared worse than patients without these characteristics (p less than 0.05)."
12," With regard to histopathologic features in nephrectomized patients, low grade and stage were correlated with longer survival."
19," Renal function was assessed by measurement of iothalamate and creatinine clearances at intervals of 3 to 6 months, and the patients were followed for a minimum of 12 months (mean, 34.7)."
19, Hypothyroidism in the elderly may be associated with nonspecific symptoms.
19, The incidence of postpill amenorrhea of greater than 6 months' duration is probably less than 1%.
19, Our findings suggest that the methyl group at the beta-carbon of Val281 is required for heme incorporation and consequently enzymatic activity.
19," 77.8 +/- 7.9 nmol/L; P less than 0.01), and significantly lower in infants with athyreosis compared to those with ectopic or eutopic glands (P less than 0.05)."
19," In view of the fact that no recombinants between D10S94 and MEN2A or between D10S94 and D10Z1 were observed, the combined haplotypes formed from RFLPs and D10Z1 and D10S94 will increase the informativeness and accuracy of genotype prediction for at-risk members of the families having the MEN 2A syndrome, particularly when the affected parent is female."
19," Serious nonthyroid illness and caloric deprivation, which so often accompany systemic illness, have diverse and still incompletely understood effects on thyroid hormone economy."
19," However, severe storm may lead to irreversible cardiovascular collapse, especially in the older patient who may have atypical features of thyrotoxicosis."
19, Nodular goiter is a worldwide problem involving millions of persons.
19, Only one transfer was a direct result of an anesthesia complication.
19,Paradoxical response of growth hormone to peptide histidine methionine in acromegaly: comparison with the effects of thyrotropin-releasing hormone and vasoactive intestinal peptide.
19, Eighty-nine percent of these patients' primary cause of renal failure was matched with the same major hospital diagnostic code.
19, Biochemical data were consistent with Graves' disease unmasked by topical iodine application.
19," Conversely, patients known to have a C."
19," Kennedy's syndrome, X-linked adult-onset bulbospinal muscular atrophy, has been described in over 30 families."
19," To investigate the role of adrenal androgens in 3 alpha-androstanediol glucuronide (3AG) production in childhood, we compared serum 3AG and androgen levels [dehydroepiandrosterone (DHEA), DHEA sulfate (DS), androstenedione (delta 4-A), and testosterone (T)] in 32 children with premature pubarche due to idiopathic premature adrenarche (IPA; n = 26), partial 21-hydroxylase deficiency (n = 2), or 3 beta-hydroxysteroid dehydrogenase deficiency (n = 4) with those in 36 normal prepubertal (18 males and 18 females) and 22 normal pubertal Tanner II-III subjects (10 males and 12 females)."
19,Parathyroid hormone inhibits B cell proliferation: implications in chronic renal failure.
19," We conclude that lesion-to-nonlesion ratios greater than 1.5 and 1.3 on bone and gallium 67 scintigraphy, respectively, are indicative of NEO."
19," In nonsmoking patients, ultrasonically determined thyroid volume was significantly related to treatment duration."
19, The androgen-estrogen combination was discontinued and oral or transdermal estrogen replacement was instituted.
19," These data do not preclude a specific heart muscle disease related to diabetes, but suggest that these slightly raised blood pressures contribute significantly to left ventricular dysfunction in these patients, in whom the risk of cardiovascular disease is already greatly increased."
22, 7.
22," This direct patient-xenograft correlation further validates the usefulness of the nude mouse model in the search for effective therapies for malignant mesothelioma, a tumor characterized by frequent refractoriness to most available agents."
22," Early (3 hr) and late (20 hr) imaging was performed 1, 4, 7, 10, and 13 wk later, while the osteomyelitis progressed from acute to chronic."
22," Serous retinal detachments occurred rapidly, gradually enlarged over the next 3 days, and resolved in all eyes after 14 to 21 days."
22,"Case-control study of canine malignant lymphoma: positive association with dog owner's use of 2,4-dichlorophenoxyacetic acid herbicides "
22, The apparent affinity of AF102B also increased by Cu++ treatment suggesting that this compound interacts with rat cerebral cortex muscarinic receptors as an agonist.
22," Restoration of flow within 16 minutes always resulted in full return of function, whereas with occlusion times of greater than 27 minutes all animals remained paralyzed."
22," Finally, a carotid pig model of balloon angioplasty, a dog model of saphenous vein grafting, and a pig model of heart transplantation not only have provided insights into the pathophysiological process of accelerated atherosclerosis but also are allowing development of new antithrombotic and antiproliferative approaches for the prevention of these accelerated vascular diseases."
22," A second experiment was performed with 58 animals fed five different mixtures of fats, all at 14% of total calories."
22, Blood pressure reduction was equal in the diabetic and nondiabetic SHR rats receiving either enalapril or hydralazine plus metoprolol.
22, Acute thromboses occurred in five experimental arteries with thromboses of eight additional experimental arteries at followup.
22, Mild cerebrospinal fluid pleocytosis was evident 2 weeks after intracisternal inoculation of T.
22, BALB/c mice inoculated with 10(3) BCL1 leukemia cells were treated on day-1 with cyclophosphamide 100 mg/kg and transplanted with normal syngeneic BM cells on day 0.
22," The detection of a fetal anomaly may now lead to a change in the timing of delivery, a change in the mode of delivery, or prenatal treatment."
22, We conclude that this is a useful model of chronic left ventricular failure that is reproducible and applicable to investigations of therapeutic options in chronic heart failure.
22," On day 20, there was less active necrosis and healing had appeared to begin."
22, Strain across the supraspinous and anterior longitudinal ligaments was measured with two extensometers that were attached at the spondylolisthetic level and at the intact motion segments adjacent to the fixed level.
22, The only pathogen detected was an influenza virus antigenically related to the swine influenza virus (SIV).
22," This observation was further supported by morphometric evaluation of the outer nuclear layer thickness, which revealed a greater preservation of the photoreceptor nuclei in the drug-treated animals at 6 and 14 days after exposure."
22, gamma-Irradiation (800-1000 cGy) immediately after removal of 2-mm-diameter sections of antral mucosa resulted in ulcer craters 5-7 days later.
22," In experimental chronic renal failure, the long-term administration of verapamil protects against renal dysfunction and damage, independent of any effect on systemic mean arterial pressure."
15," Ten clinically complete responses (47%) and five clinically partial responses (23%) were registered, for an overall 70% objective response."
15,Heparin-induced thrombocytopenia: a case report.
15, This article reviews the CT manifestations of the most common chronic interstitial lung diseases.
15, One patient achieved complete response and 10 achieved partial response (overall response rate 42.3%).
15, This study is a follow-up evaluation of a group of Costa Rican children whose iron status and treatment were documented in infancy.
15, This corrected phenotype is later expressed in daughter cells.
15,Immune hydrops fetalis attributable to anti-HJK.
15," Low-dose cytarabine, which has been studied extensively because of its differentiating activity in vitro, is associated with a generally low rate of complete remission and substantial toxicity."
15, Responses were seen more commonly in children whose only lesion was a residual primary tumor and in children who had not been pretreated who experienced disseminated relapse.
15, A 35-year-old woman developed acute intravascular hemolysis within five days of beginning a course of ceftazidime.
15," Hair mineral analysis can be used as a reliable screening test for heavy metals, but it is not an established method for defining nutritional and disease states."
15," During the pneumonia episode, serum immunoglobulin concentrations were profoundly reduced (IgG, 440 mg/dl; IgA, 40 mg/dl; IgM, 25 mg/dl)."
15," This increase was followed after several days by strongly elevated granulocyte counts, which remained high for approximately 1 week."
15," The samples were separated by sodium dodecyl sulfate-agarose gel electrophoresis, overlaid with rabbit 125I-anti-human vWF IgG, and analyzed by autoradiography."
15, The dose of zidovudine was not altered.
15," DNA sequencing may allow to define the mutation, thus making the proper diagnosis."
15, The present study was undertaken to determine the effects of high-dose interleukin-2 administration in normal rats.
15," Myelosuppression was the most common dose-limiting toxicity, with 54% of patients experiencing Grade 3 or 4 leukopenia (including 28% with granulocytopenic fever and one septic death), and cumulative Grade 3 anemia occurred in 28% of patients."
15," After controlling for possible confounding factors, we found that high ethanol intake and hypertension were the only independent risk factors for intracerebral hemorrhage (p = 0.02 and p = 0.05, respectively)."
15, We conclude that levotryptophan-associated EF and localized scleroderma were present before the presumed date of contaminated levotryptophan availability.
15," Furosemide was the only significantly associated drug (relative risk, 3.1); the excess risk attributable to any exposure in a 5-month interval was 1.7 per million."
9," The cause of the symptoms of turbinate dysfunction for most of these patients is either vasomotor rhinitis, allergic rhinitis, or polypoid hypertrophic turbinates."
9," Of these, 3,608 were nonsmoking women who used four different types of cooking fuels: biomass, LPG, kerosene, and mixed fuels."
9, PATIENTS--40 adults (mean age 35 years) with a history of severe grass pollen allergy uncontrolled by standard antiallergic drugs.
9, The results of revision endolymphatic sac surgery on 30 patients with unilateral Meniere's disease are presented.
9, Neither changes in agonist binding or in the effect of Gpp(NH)p on the agonist binding to beta-adrenoceptors could be observed in allergic patients.
9," We found that the histology of the aural polyp was not a precise predictor of the presence or absence of cholesteatoma, nor of the subsequent course of the middle ear disease."
9, The most appropriate time for the electromyography examination to evaluate the degrees of the nerve injury and to anticipate the prognosis of recurrent laryngeal nerve palsy was proposed.
9, We should learn from history.
9, The 3H-(-)-Quinuclidinylbenzilate binding to muscarinic receptors in human nasal mucosa membranes was saturable and of high affinity in all groups.
9," Five patients had reduced deformability, including 3 out of 4 patients with a recent upper respiratory tract infection."
9," In the Palmerston North mouse, a model for systemic lupus erythematosus, sclerotic lesions consistently develop within the modiolus that are correlated with systemic autoimmune disease symptoms."
9, Hence those with dark eyes will suffer greater damage to the hearing than those with pale eyes.
9, Increased use of impedance audiometry to monitor children with otitis media with effusion would reduce the number requiring full pure-tone audiometry with a subsequent reduction in the workload of an audiology department.
9,"In vitro activity and in vivo efficacy of a new series of 9-deoxo-12-deoxy-9,12-epoxyerythromycin A derivatives."
9, CONCLUSION: There is sufficient evidence to show that the noise from low-level flights is harmful to human health.
9," They were, however, claimed to be nonspecific."
9, Tight peritoneal adherence of the stomach to the abdominal wall as a prerequisite of percutaneous gastrostomy can be achieved by a newly developed cannula.
9,Oral ofloxacin therapy for invasive external otitis.
9, Bilateral sequential singular neurectomies were performed in 7 patients and unilateral singular neurectomies in 88 patients.
9," Although the incidence of hypothyroidism in this group of Reinke's oedema patients is higher than expected in a normal population, it is similar to that in an age and sex matched control group, reflecting the prevalence of hypothyroidism in middle aged women."
9, Previous studies have identified two bacterial factors involved in enteropathogenic Escherichia coli (EPEC) infection.
17," Accordingly, we have developed methods to generate lymphocyte cultures from biopsies of inflammatory skin areas."
17, The longer activity of the metabolism of type III collagen related antigens could reflect their function in the regulation of collagen fibril formation.
17, All of these patients had a benign course and resolved completely within 10-15 months of the onset.
17, Only four patients were atopic.
17," Because of multisystem involvement of this disease, a high rate of osseous fusion is often difficult to achieve."
17, Endemic pemphigus foliaceus or fogo selvagem (FS) is a blistering autoimmune disease indigenous to certain states of Brazil.
17," Thereafter, the polarity of the treatment electrode on the wound was changed every 3 days until the wound progressed to a stage II classification."
17, They have not supplanted the first generation H1-receptor antagonists in atopic dermatitis treatment or as adjunctive treatment of pruritus and other symptoms in patients with anaphylaxis.
17," A positive round fingerpad sign was found in 72 of 72 ring fingers in 36 patients with progressive systemic sclerosis in 69 of 72 ring fingers in patients with mixed connective tissue disease, and in 24 of 24 ring fingers of patients with Raynaud's phenomenon and sclerodactyly."
17," Retinoic acid treatment (for 4 d at 10(-6) M) of psoriatic fibroblasts significantly increased the chemotactic effect of PDGF in these cells (p less than 0.01 and p less than 0.05, respectively, in involved and uninvolved skin at 20 ng/ml of platelet-derived growth factor as measured in a modified Boyden Chamber Assay)."
17," In addition, we assigned the type VII collagen gene (COL7A1) to chromosome 3 by hybridization to a panel of human x rodent somatic cell hybrids."
17,"Cellular, immunologic and biochemical characterization of topical retinoic acid-treated human skin [published erratum appears in J Invest Dermatol 1991 Jun;96(6):814]"
17," In trauma and OA synovia, tissue factor was seen only in association with vessels (endothelial cells), but in RA synovium, it was markedly increased throughout the tissues."
17," This technique was most applicable to skin topography with a reliable geometrical pattern of triangles and squares, a feature of hair-bearing surfaces in general and in particular, the antecubital fossa."
17, The frequency of TfC2 gene was significantly higher in these patients (0.3867) compared to the value in the control group (C2 = 0.247).
17," Because scleroderma involves the heart, in this study we examined the small and large coronary arteries, neural structures, and conduction system from eight victims dying with the toxic oil syndrome."
17, No previous report of this association has been found in a survey of the literature.
17, It correlated negatively with C-reactive protein (CRP).
17," In systemic mastocytosis the liver, spleen, and lymph nodes may be infiltrated by mast cells, with patterns of infiltration specific for each tissue."
17, Xanthogranulomas of the dura presenting with clinical symptoms are rare.
17," Two weeks after laser surgery, 5% 5-fluorouracil cream, used in the genital area, was initiated on a weekly basis for two months and every other week for two more months."
13," In absence of specific hPL-staining, the risk of ectopic pregnancy was about 50%."
13, PATIENTS PARTICIPANTS: Eight PCOS patients of whom six had failed to respond adequately to the conventional protocol.
13," In women with chronic hypertension in whom preeclampsia developed (13 pregnancies), blood pressure decreased and the renin-angiotensin-aldosterone system was stimulated in the first trimester as in the other groups."
13,Bupivacaine versus bupivacaine plus fentanyl for epidural analgesia: effect on maternal satisfaction 
13," Hepatic hemorrhage with persistent hypotension unresponsive to blood products should be managed by evacuating the hematoma, packing the damaged liver, and draining the operative site."
13," Nicks, or missing peptide linkages, have been found in hCG beta-subunit between residues 44 and 45 and between residues 47 and 48."
13," Suppression was reversed by extracts of two Chinese medicinal herbs, Astragalus membranaceus (AM) and Ligustrum lucidum (LL)."
13, Lung growth and maturation were studied in a model of early gestation obstructive uropathy to understand better their relationship and their prenatal regulation.
13, Most IUDs protect against ectopic pregnancy.
13," They do, however, recommend vaginal apex irradiation for these patients."
13,Appendectomy during pregnancy: a Swedish registry study of 778 cases.
13, Two neonates (2.8% or 2 of 72) tested positive from oral-pharyngeal specimens.
13," Concentrations of Me-Hg in maternal and cord blood were significantly correlated, and the mean ratio between fetal and maternal blood Me-Hg was 1.9."
13, Data from patients injected with hCG were analyzed retrospectively.
13, PATIENTS: Thirty-three patients with positive antisperm antibodies undergoing 50 cycles of IVF-ET in which maternal serum was replaced by 5 mg/mL of bovine serum albumin (BSA) comprised the study group.
13," Of 38 leuprolide-treated patients presenting with menorrhagia, 37 (97%) had resolution of this symptom at the time of the final visit."
13, Computed tomography scans revealed an intrasellar mass lesion.
13, This study suggests that there is risk for B19 infection in selected occupational settings and in households.
13,Hip pain in late pregnancy.
13, Cytotoxic and immunobead-binding antibody assays were used to document possible changes in antigenicity after the spermatozoa were subjected in vitro to capacitating conditions.
13, Further data are needed regarding the fascinating concept of the placenta as a modulator of infection.
11," One patient refused lumbar puncture, one had normal CSF constituents except for an elevated Lyme antibody index, and two had CSF lymphocytic pleocytosis that remained unexplained after extensive evaluations for causes other than Lyme disease."
11," Furthermore, age-related lowering of peak saccadic velocities implicated changes of extraocular muscle structure as a factor in the development of optic neuropathy."
11," Three months later, the abscess area was debrided, and histologic examination of the tissue revealed osteomyelitis of the mandible."
11, Symptoms and clinical signs resolved after mechanical removal of the larvae.
11," The mass enlarged slightly over 3 months and a biopsy revealed histiocytes and Touton giant cells, compatible with juvenile xanthogranuloma."
11, Six patients had secondary features that were infiltrative in character.
11," Cases have been reported in children, adults, and the elderly."
11," The presence of an abscess, which was ultimately found at surgical exploration, was not diagnosed by CT in any of these four patients."
11, The exact location of the lesion along the efferent nerve fibers can be established through evaluation of the functional level of those organs supplied by the cholinergic motor secretory components.
11," If only strongly positive reactions were considered, more than 50% of the tumors would be interpreted as negative for S-100 protein and NSE."
11, The mean value of ER in papillary carcinoma tissues (4.0 +/- 3.6 fmol/mg protein) was higher than that in normal thyroid tissues (0.8 +/- 0.4 fmol/mg protein) or that in Graves' thyroids (2.6 +/- 0.9 fmol/mg protein).
11," A prospective, double-blind study was conducted to compare the effect of pressure at the P6 (Neikuan) point with placebo as an antiemetic in children."
11," Fusion of these cells led to small syncytial formations, and the development of pseudopodia-like processes was occasionally observed."
11," In this report, the efficacy, safety, and dosing requirements of foscarnet in a hemodialysis-dependent patient with CMV retinitis are presented."
11," Of 241 women, 30 (12%) were heterozygous and two (1%) were homozygous for glucose 6-phosphate dehydrogenase deficiency."
11, Current techniques of rhegmatogenous retinal detachment repair allow most retinal detachments to be repaired successfully.
11," There are several ocular manifestations, one of which is nasolacrimal duct obstruction from osteosclerosis of the nasolacrimal foramen."
11, High-resolution contact B-scan echographic imaging of the ciliary body and peripheral retina was performed on five eyes with anterior hyaloidal fibrovascular proliferation and media opacity by means of a wide (58 degrees) scanning arc.
11, We completed a national study of blindness in children under 16.
11, Patients were followed up for an average of 16 months after the operation.
11, Nine of the 11 patients with hypopyon were positive for HLA B27.
7, All were treated orally with penicillin V for ten days.
7, A plate failure rate of 23% was encountered in those treated with preoperative irradiation and in 20% with those having postoperative irradiation.
7, The presence or absence of heartburn or its treatment had no bearing on outcome.
7, Management of symptomatic lichen planus with topical and systemic steroid is discussed.
7," The authors found that all examples of nonmelanoma immunostaining in the carcinomas tested were eliminated with the nonascites fluid preparations, whereas strong immunostaining of melanomas was retained."
7," Apicoectomy was then performed, leaving bony defects at the apex of each root."
7, Additional embolization therapy was necessary and was complicated by ischemic ulcers of the tongue.
7," Periodontal surgery should be performed only under certain conditions: the patient must be physically and mentally competent to undergo any type of surgery, and should understand and agree to the procedure and to postoperative management."
7," For a nonhomogeneous leukoplakia, this risk is 23.4% to 38.0%."
7," In these methods, the raised true columella worsens the dorsal dislocation of the lateral crura of the alar cartilages and the lateral and dorsal displacement of the alar domes."
7, Mandibular reconstruction at the time of tumor resection remains a surgical dilemma.
7, Twenty-three quinsy (abscess) tonsillectomies and 22 interval tonsillectomies were identified.
7,Oral Kaposi's sarcoma in a woman as a first indication of HIV infection.
7,Epidemiology and prevention of periodontal disease in individuals with diabetes.
7,Inhibition of fluorouracil-induced stomatitis by oral cryotherapy.
7," For patients with fever, both active treatments were equally effective antipyretic agents."
7," To the authors' knowledge, this is the first report of myofibroblastoma occurring in the tongue."
7,Identifying normal and abnormal development of dental occlusion.
7," We report another case, which uniquely affected not only the osseous portion of the mandible, including the condyle, but also the adjacent musculature."
7, This study also demonstrated the resolution of previously noted mitochondrial abnormalities found in the primary cleft lip patient.
7, Improvements in the quality of the latter are possible with a systematic approach to shaping the bone graft.
3," Many bacterial, viral, and parasitic organisms cause acute infectious diarrhea; appropriate antimicrobial therapy requires the accurate, rapid identification of the offending enteropathogen."
3," To evaluate the merit of antigen detection assays as a tool to monitor the efficacy of chemotherapy for lymphatic filariasis, we serially measured antigen levels in sera from jirds infected with Brugia malayi and from humans with bancroftian filariasis."
3, Pyrimethamine and sulfonamide treatment in vitro and in vivo did not alter lymphocyte response to TLA.
3, This case supports an aetiological role for toxoplasmosis in the pathogenesis of some cases of dermatomyositis.
3, Individuals with a past history of malaria could accurately distinguish current malarial infections from other febrile illnesses.
3," This information could be used to predict both the mortality rate and the abundance (key determinants of disease transmission potential) of tsetse over very large areas of the continent and to produce maps of high risk areas of disease transmission for the African trypanosomiases and, by implication, for many other vector-borne diseases."
3," Although enhanced larvicidal activity was not found to strictly correlate with production of any of several proposed effector molecules examined, activated monocyte-derived macrophages were capable of producing significant amounts of H2O2 and TNF-alpha."
3, donovani-infected euthymic BALB/c mice were treated with anti-IFN-gamma or anti-IL-2 monoclonal antibodies (MAbs) before and after Sb administration.
3, Studies with H-2 recombinant strains indicated that the high responsiveness on the B10 background was determined by the Ab allele and the low responsiveness influenced by the Ad allele.
3, We propose the inclusion of VL in the IVC-2 subgroup of the Centers for Disease Control (CDC) clinical classification of HIV-1 infection while prospective and larger studies further define whether there are clinical presentations that could justify adding VL to the list of opportunistic infections indicative of AIDS.
3,Clonorchis-associated cholangiocarcinoma: a report of two cases with unusual manifestations.
3,The effect of N-alkyl modification on the antimalarial activity of 3-hydroxypyridin-4-one oral iron chelators.
3, Three patients had conjunctival ophthalmomyiasis caused by the ovine nasal botfly.
3, These studies assess the roles of subpopulations of T lymphocytes in inducing and modulating resistance to Schistosoma mansoni.
3," In addition, higher titers of specific IgG1 in maternal and cord sera and of specific IgG3 in cord sera were associated with MRHPC."
3, Plasmodium falciparum was identified in 77% of the cases.
3, volvulus infection.
3,Trypanosomatid isolates from Honduras: differentiation between Trypanosoma cruzi and Trypanosoma rangeli.
3, gondii in infected mice.
3," Vaccination of 25 pregnant monkeys was non-pathogenic; however two of 25 fetuses were aborted, one of which was infected and one newborn had microphthalmia, retinitis and a cataract; four of the offspring were not tested."
3," The patient was treated with topical dibromopropamidine isethionate (Brolene) drops, neomycin and polymyxin B drops and fortified gentamicin drops."
23," Two hundred forty-seven cases of Chagas' heart disease and 345 seropositive subjects with normal ECG (controls) were selected in a population survey in Goiania, Brazil."
14," Preoperative magnetic resonance imaging for evaluation of the anatomical details, balloon occlusion test of the ICA, and intraoperative measurement of cortical blood flow were important to the success of the operation."
14, Head-up tilt may be less useful in youthful subjects with vasovagal syncope than in other subjects.
20," In a series of five assessable therapy patients, doses as small as 30 mCi 131I-LL2 IgG or F(ab')2 resulted in tumor responses (two partial remissions, two mixed and minor responses, and one no response), while one patient receiving diagnostic doses as low as 6.2 mCi showed a partial remission for 1 year and a complete remission after a second low radiation dose."
1," In patients without concomitant HP colonization, the thickness of the mucus gel was 0.162 +/- 0.045 mm, 0.175 +/- 0.067 mm, and 0.161 +/- 0.064 mm in duodenum, antrum, and corpus, respectively."
4, We report the results of a similar study for the population residing around nuclear sites in France.
14, Transesophageal echocardiography revealed a potential cardiac source of embolism in 41% (26) of the patients; 27% (seven) of these patients had no clinical cardiovascular abnormalities.
23, Twenty-five percent of patients in the control group and 63% in the aprotinin group did not receive banked blood or homologous blood products.
20, A middle-aged woman developed recurrent episodes of severe life-threatening anaphylaxis.
10, We conclude that the NBRS identifies during the intensive care nursery stay those infants at highest risk for an abnormal outcome related to nursery events.
21, Total and renal clearances of teicoplanin in IVDA patients were found to be significantly greater and more highly variable than those observed previously in normal healthy volunteers.
1, The number of neutrophils that migrated into the filter was used as an index of directed chemotaxis.
4," The mean operative times were 54, 59, and 56 minutes for Groups 1, 2, and 3, respectively."
4, In this report we demonstrate that retinoic acid (RA) also regulates PEPCK expression by inducing a 3-fold increase in the rate of transcription of the PEPCK gene.
20," In both IgA and membranoproliferative glomerulonephritis, the data are more sparse."
10, The results of total knee arthroplasty in patients with osteonecrosis of the medial femoral condyle were examined using Kaplan-Meier survival analysis.
16, Maternal age was significantly (P less than .005) related to the incidence of major anomalies.
