class,text
3,In another study a new concept allowing a rapid pathology review before randomization of patients has now been successfully tested and it may well have potential to form the basis for modern networking consultation pathology .
0,It is unknown if this association is causal .
3,"PUFA requirements of children with SAM are not met by current formulations of RUTF , or by an RUTF with elevated short-chain n-3 PUFA without additional preformed long-chain n-3 PUFA ."
1,"Additionally , PSD was applied once per week during the treatment ."
1,Patients in the trial group received clean liquid integral protein diet for 3 days before operation without mechanical bowel preparation .
3,"Trial design , protocol specification , training , and continuous supervision led to a high degree of treatment fidelity for the counseling interventions in this randomized clinical trial and will increase confidence in the interpretation of the trial findings ."
3,We suggest that one definitive local treatment modality combined with neoadjuvant chemotherapy is adequate to treat resectable stage IIIA/N2 non-small-cell lung cancer .
1,Five sham acupoints are used in the control group .
0,The aim of the study was to assess the effects of three different testosterone formulations on body weight and composition and metabolic and bone parameters .
4,Calcium intake during growth is essential for future bone health but varies widely between individuals and populations .
0,"To determine whether a point-of-care molecular HIV test increases ART access for hospitalized Malawian infants , we simulated a point-of-care test using rapid HIV RNA polymerase chain reaction ( Rapid PCR ) and compared patient outcomes with an optimized standard care that included assessment with the World Health Organization clinical algorithm for HIV infection plus a DNA PCR with a turnaround time of several weeks ( standard care ) ."
1,Follow-up in the ACCORD Lipid Trial was 4-8 years ( mean 4.7 years ) .
4,"Dietary patterns that are considered healthy ( eg , the Dietary Approaches to Stop Hypertension diet and Mediterranean diet ) may be more successful in reducing typical cardiovascular disease risks compared to dietary patterns considered unhealthy ( eg , energy-dense diets such as the typical American diet ) ."
0,"We aimed to examine associations of quantitative gastrointestinal and psychological traits with obesity , and to validate the ability of these traits to predict responses of obese individuals to pharmacotherapy ."
3,Cerebral oxygenation is significantly improved during BCP surgery when ventilation is adjusted to maintain E ' ( CO ) at 40-42 mm Hg compared with 30-32 mm Hg .
3,"Furthermore , optimally programmed AVD reduces BNP and improves exercise tolerance and functional class ."
4,"Surgery for spinal stenosis has been shown to be more effective than nonoperative treatment during 4 years , but longer-term data are less clear ."
0,The objective of this study was to explore the effects of hypotonic and isotonic oral mannitol on intestinal distention and fluorine-18 fluorodeoxyglucose ( ( 18 ) F-FDG ) intake in PET/computed tomography ( CT ) imaging .
3,"The rates of infection , rash , and abnormalities on liver-function testing were higher with daclizumab HYP than with interferon beta-1a ."
4,There are currently no agreed strategies for vitamin D replenishment after hip fracture surgery .
4,"Standard Trauma Focused Cognitive Behavioral Therapy may be insufficient for children traumatized by exposure to interparental violence , given the pervasive impact of interparental violence on the family system ."
4,"The objectives were to determine whether pulmonary rehabilitation increased physical activity as assessed by the International Physical Activity Questionnaire ( IPAQ ) , and improved quality of life and symptoms as assessed by the St George respiratory questionnaire for IPF ( SGRQ-I ) and the Borg dyspnea index ( BDI ) ."
2,"The frequencies of recurrent pleural effusions requiring reintervention were 5.88 % ( 3/51 ) , 4.35 % ( 2/46 ) and 5.26 % ( 3/57 ) , respectively , which had no significant differences between three groups ( P = 1.000 ) ."
3,A 12-week RTP improved MVIC and muscle power in MS patients .
0,To investigate effects of intra-abdominal pressure in pregnancy on the development of spinal blockade and incidence of hypotension during cesarean section .
4,Date 22nd July 2011 .
4,"UMIN000014559 , UMIN Clinical Trials Registry , registered on 15 July 2014 ."
2,The HRQOL evaluation showed no statistical difference between groups with and without CNI at any interval .
1,123 older adults with chronic and primary insomnia .
3,Further studies are necessary to determine the appropriate flow rate and indications for NHF in obese patients .
4,Knowledge among critical care nurses and their adherence to evidence-based guidelines for preventing ventilator-associated pneumonia is reported to be low .
3,High SOC scores were good predictors of successful lifestyle change in subjects at risk of type 2 diabetes .
4,These individual barriers might be addressed though patient navigation interventions .
1,The primary outcome was complete ulcer healing .
0,The aims of the present study were to assess the efficacy and safety of BT injection and combined treatment with BT injection and lowered dose glyceryltrinitrate ( GTN ) cream for the treatment of CAF .
3,The pharmacogenetic findings also implicate the kainate receptor in the mechanism of topiramate 's effects on heavy drinking .
4,DNA methylation has been linked to many important biological phenomena .
0,"Recurrent signs and symptoms are common despite treatment with a gluten-free diet ( GFD ) , yet no approved or proven nondietary treatment is available ."
2,The accumulated expelled volumes for an hour were in favor of the ASCD group .
0,Study participants were randomly assigned to receive amantadine hydrochloride 100 mg twice daily versus equivalent placebo for 28 days .
3,Meropenem at 1000mg over 30 minutes achieved a similar % TMIC to meropenem at 500mg given over 3 hours .
0,The aim of this study was to determine the efficacy of electrical stimulation when added to conventional physical therapy with regard to clinical and neurophysiologic changes in patients with Bell palsy .
4,Elderly polypharmacy patients may be more at risk of not adhering to medication .
1,"After each LC , intervention group subjects received video-based coaching by a surgeon , utilizing an adaptation of the GROW ( Goals , Reality , Options , Wrap-up ) coaching model ."
0,Sildenafil ( SIL ) and vardenafil ( VAR ) are approved for as-needed ( PRN ) dosing ; tadalafil ( TAD ) is approved for both PRN and once-a-day ( OaD ) dosing for ED .
0,"Opioid pharmacotherapy is now the leading treatment for chronic pain , a problem that affects nearly one third of the U.S. population ."
0,The objective of the present study was to determine the pharmacokinetics ( PK ) of a pilsicainide hydrochloride injection in healthy Chinese adults .
0,To compare the clinical benefit of a periodontal dressing applied after a one-stage full-mouth disinfection ( OSFMD ) in patients with chronic periodontitis up to 3months after therapy .
4,The aim of the present study was to evaluate the long-term effect of MBP regarding cancer recurrence and survival after colonic resections .
0,"This study used an in-depth mixed-methods design to examine individual variation in ( 1 ) impact on self-reported goal engagement ( ie , motivation , self-efficacy , awareness , effort , achievement ) of access to a weight management app ( POWeR Tracker ) when provided alongside a Web-based weight management intervention ( POWeR ) and ( 2 ) usage and views of POWeR Tracker ."
0,To assess the efficacy of trabeculectomy with a biodegradable Ologen implant ( OLO ) versus mitomycin C ( MMC ) in patients in a prospective randomized clinical trial .
1,Patients diagnosed with CTS will be recruited from an outpatient neurology clinic and randomly assigned to the intervention group ( mechanical traction ) or the control group ( care as usual ) .
1,All participants will undergo standard long down regulation protocol using human menopausal gonadotropin 300IU/day .
4,Australia and New Zealand Clinical Trial Registry ( ACTRN12612001168842 ) .
1,We excluded patients who were taking vitamin D or calcium supplements .
0,There is ongoing controversy regarding a ` J-curve ' phenomenon such that low and high blood pressure ( BP ) levels are associated with increased risks of recurrent stroke .
1,"Secondary outcomes include time until full sustainable return to work , health related quality of life , health related behavior , functional status , somatic and mental health , and perceptions of work ."
0,We estimate the effect size of hypoglycemia risk reduction on closed-loop control ( CLC ) versus open-loop ( OL ) sensor-augmented insulin pump therapy in supervised outpatient setting .
2,After 6 months of therapy the level of microalbuminuria decreased significantly in the study group compared with the control group .
0,The present study aimed to compare the postoperative contrast sensitivity functions between wavefront-guided LASIK eyes and their contralateral wavefront-guided PRK eyes .
4,Pregabalin may be an effective alternative .
2,There were relevant differences between patients and healthy control subjects in postural sway and DTI diffusion-tensor imaging parameters ( P < .05 ) .
3,Clinical benefit was lower in patients with de-novo Thr790Met and exon 20 insertion mutations .
4,"The primary objective of this study was to assess the effect of teduglutide on gastric emptying of liquids in healthy subjects , as measured by the pharmacokinetics of acetaminophen ."
0,We evaluated ego-integrity and rumination as mediators and assessed whether the effects of the intervention did not differ across middle-aged and older adults .
0,"To assess the relative bioavailability of a new subcutaneous ( SC ) diclofenac hydroxypropyl b-cyclodextrin ( HPbCD ) formulation administered to three body sites : quadriceps , gluteus , and abdomen ."
4,We investigated the impact of different group sizes on the outcome of resuscitation training .
0,The existing research findings regarding the effects of lemongrass ( Cymbopogon citratus ) tea on renal function indices are conflicting and inconclusive .
2,Five shoulders in the DCR+RCR group and 6 in the isolated RCR group were excluded from analysis due to loss of follow-up .
3,"The time of the pain beginning was 8.31 4.58 min in the treatment group and 7.10 3.54 min in the placebo group , which was not significantly different ( P = 0.266 ) ."
3,The use of the heating device upon administration of short-acting insulin analogues in pump-treated type 1 diabetic patients was found to enhance insulin absorption .
3,"Consistent with the hypothesis that ALS is a multisystem disorder , this deficit is related to disease in prefrontal regions ."
2,There were large discrepancies in the number of silicosis cases found .
2,Adverse reactions had nothing to do with CM treatment .
3,These data demonstrate that the acarbose/metformin FDC is bioequivalent to the loose combination of these agents .
3,Slight differences were seen among the reconstruction algorithms .
2,"Furthermore , this main effect was not particularly pronounced when the game was played online ."
0,"We sought to assess if the use of a solution of mepivacaine 2 % plus adrenaline with sodium bicarbonate 1.4 % results in less pain associated with local infiltration anesthesia preceding ambulatory phlebectomies , compared with standard preparation diluted with normal saline ."
4,Blood collection through intravenous lines frequently causes spurious hemolysis .
4,"To actually change physicians ' practice , a tailored strategy aimed at barriers that hinder physicians in abandoning the use of erythropoietin and perioperative blood salvage was systematically developed ."
1,PiCCO catheter was placed in modified surviving sepsis bundles group .
0,To assess whether vaginal misoprostol or oral nonsteroidal anti-inflammatory drugs ( NSAIDs ) reduce pain during and 30 minutes after hysterosalpingography ( HSG ) .
4,Several studies indicate that increasing the alimentary limb length in gastric bypass surgery produces only a minor improvement of excess BMI loss .
1,"An acute resistance exercise protocol was administered at 0 , 6 , and 12 weeks of training ."
3,"Propofol and isoflurane exert similar adverse effects on RT , psychomotor coordination , and visual memory ."
0,The treatment of bipolar disorder type I ( BD-I ) with a comorbid cocaine dependence disorder ( CDD ) is a challenge in current psychiatric practice .
1,"In addition , for all eye drop treatment groups , open-label ranibizumab was administered as needed ."
4,So far there is no evidence whether oral beta-blockers may reduce myocardial injury after coronary artery bypass grafting .
3,These effects do not appear to explain the glucose-lowering effect of rosiglitazone .
2,The mean LOS for the standard practice cohort was 5.3 4.6 days versus calculated LOS using the PCT guidance pathway of 3.7 2.8 days .
3,Early diagnosis and treatment did not prevent ASD as an outcome of IS .
4,Comparing individuals with SIS to those without shoulder pathology may provide information on the effects of TSM specifically in those with SIS .
3,"Moreover , it will assess the risks associated with this procedure ."
3,"In this population , BRCA-1 methylation was associated with a significant decrease in DFS events suggesting a better prognosis and potentially retained activity of DNA-damaging agents ."
4,Introduction of calcineurin inhibitors had led to improved survival rates in liver transplant recipients .
3,"Cinitapride usage is well tolerated , but its cardiovascular events need further evaluation ."
0,The aim of this study is to evaluate whether BMD changes after cessation of ronacaleret treatment .
0,To compare visual acuity with two visual acuity charts in preschool children .
4,"Additionally , it was investigated if cheek cell FA composition correlates with the FA composition of plasma , red blood cells ( RBC ) and peripheral blood mononuclear cells ( PBMC ) before and during both interventions ."
0,The purpose of this study was to determine whether 24 months of combined denosumab and teriparatide will increase hip and spine BMD more than either individual agent .
2,"All patients in the r-hLH 2,750 ( 13/13 ) , 5,500 ( 12 / 12 ) , 11,000 IU ( 13/13 ) , and u-hCG 5,000 IU ( 12 / 12 ) groups ovulated ; 3/5 patients in the r-hLH 825 IU and 2/12 in the r-hLH 22,000 IU group failed to ovulate ( p = 0.105 between evaluable groups ) ."
4,"Swallowing problems following stroke may result in increased risk of aspiration pneumonia , malnutrition , and dehydration ."
0,"To determine whether nalmefene combined with psychosocial support is cost-effective compared with psychosocial support alone for reducing alcohol consumption in alcohol-dependent patients with high/very high drinking risk levels ( DRLs ) as defined by the WHO , and to evaluate the public health benefit of reducing harmful alcohol-attributable diseases , injuries and deaths ."
3,"However , US is associated with improved efficiency ( decreased performance time and fewer needle passes ) ."
3,Consequently physical activity behaviour outcomes in trials will not be biased by the season in which they are measured .
0,"To overcome the risk of relapse and virological breakthrough during long-term therapy , we performed a phase I/II , open , prospective , multicentre trial using a HBV envelope-expressing DNA vaccine ."
3,"Higher PaCO2 was an independent predictor of sIVH/death , BPD/death and NDI/death ."
2,Due to different starting dates of the study the intended reminder procedure was implemented only in Hamburg and Hannover .
3,Monotherapy with amikacin as an empirical antibiotic did not result in a higher incidence of treatment failure in neonates at risk for early-onset sepsis as compared with piperacillin-tazobactum .
1,Analyses were done by intention to treat .
1,"The treatment group was treated with EA at Baihui ( GV 20 ) , Sishencong ( EX-HN 1 ) , Fengchi ( GB 20 ) , Shenshu ( BL 23 ) , Danzhong ( CV 17 ) , etc. in qijie area combined with spine muscle-relieving massage and comprehensive chiropractic ."
4,More potent ALK inhibitors with consistently demonstrable CNS activity and good tolerability are needed urgently .
3,"Moreover , future research should consider investigating factors predicting individual response ."
0,"The aim of this study is to compare preoperative and postoperative conditions of GMP-140 concentration , the aggregation and activation of platelets in congenital heart disease patients undergoing transcatheter closure of atrial septal defects ( ASDs ) or ventricular septal defects ( VSDs ) , and the appropriate dose of aspirin of patients after transcatheter closure ."
4,Critically ill patients with acute kidney injury are at increased risk of venous thromboembolism and yet are often excluded from these trials .
2,Both subgroups showed significant reductions in PLT transfusions with a no-prophylaxis strategy .
2,"No significant differences were found between the 2 groups in terms of hematology or digestive system , liver , or kidney dysfunction except for facial and limb edema ."
2,"In contrast , the proportion of visits with VVC was similar in the intervention ( 10.4 % ) versus placebo ( 11.3 % ) arms ( RR 0.92 , 95 % CI .62 -1.37 ) ."
1,"A subgingival preparation finish line of between 1 and 2 mm was ensured , andthe buccal aspects of 252 ( n = 63 ) teeth were clinically assessed for ease of application , time spent , bleeding , remnants , and dilatation ."
0,To compare anatomical and patient-reported outcomes at 12 months postoperatively for women who had anterior compartment pelvic organ prolapse ( POP ) surgery using a repair augmented with porcine small intestine submucosa mesh ( Mesh Group ) compared with those who had a native tissue repair ( No Mesh Group ) .
2,"In vitro , 9 of 36 ( 25 % ) Salmonella isolates were inhibited at 90 g of QBAs/mL ; all 36 were inhibited at 179 g of QBAs/mL ."
1,The incidence of adverse events was also considered .
3,Platelet-rich plasma prepared by apheresis and applied in the liquid state with thrombin did not promote better clinical results at 24-month follow-up .
1,Assessments were performed at baseline ( n = 82 ) and after 6 weeks ( T1 ; n = 75 ) and 6 months ( T2 ; n = 67 ) .
2,PR severity and RV mass/volume ratio were similar between these 2 groups .
2,"Forty-three patients underwent coronary artery bypass grafting ( CABG ) , 23 underwent valve surgery , 13 underwent CABG + valve surgery , 13 underwent major vascular surgery , and three underwent other surgeries ."
4,"ISRCTN99175498 FUNDING : The trial is supported by the Medical Research Council , the Wellcome Trust , National Health Service R&D support funding ( including the Primary Care Research and Diabetes Research Networks ) and National Institute of Health Research under its Programme Grants for Applied Research scheme ."
2,Twenty-six patients were enrolled and 25 were analyzed .
1,"Participants completed measures related to latent variables of illness-related distress , social integration , spiritual perspective , family environment , coping , hope-derived meaning , and resilience at baseline ( T1 ) , postintervention ( T2 ) , and 100 days posttransplant ( T3 ) ."
3,"As afatinib is not a relevant modulator or substrate of cytochrome P450 enzymes , the drug-drug interaction potential is considered to be low ."
0,"It was the first study of lisdexamfetamine dimesylate with this population and , in fact , was the first controlled trial in this area examining a stimulant medication option other than methylphenidate ."
1,Hyperhidrosis Disease Severity Scale was assessed before and after treatment up to 20 weeks .
4,The authors aimed to assess the effect of lower extremity nerve decompression surgery for painful diabetic polyneuropathy on pain and sensibility .
2,"Fibrotic scars developed in 24.7 % of eyes , and nonfibrotic scars developed in 20.6 % of eyes ."
1,"Preoperative , intraoperative , and postoperative variables and mortality were compared among groups ."
0,A patient-centered collaborative care program for depression and uncontrolled diabetes and/or coronary heart disease ( CHD ) demonstrated improved clinical outcomes relative to usual care .
1,The Long program consists of 3 weeks with full rehabilitation days .
0,Our goal was to compare the rate of infections among subgroups with and without prophylactic antibiotic treatment .
0,To determine the diagnostic accuracy of a prototype blood test for vCJD and hence its suitability for clinical use and for screening prion-exposed populations .
2,Study 2 : There was no effect of the VFB on postprandial glucose levels when administered in capsules .
0,"A 6-month aerobic and resistance training exercise regimen was implemented to examine interrelationships between circulating sex hormones , body composition , aerobic capacity , insulin sensitivity , and insulin resistance ."
2,"Subcutaneous fat mass ( -1,553 [ -2,767 , -340 ] cm ( 3 ) vs -751 [ -2,047 ; 546 ] cm ( 3 ) , respectively ) visceral fat mass ( -206 [ -783 , 371 ] cm ( 3 ) vs -241 [ -856 , 373 ] cm ( 3 ) , respectively ) and muscle fat content ( -0.09 % [ -0.16 % , -0.02 % ] vs -0.02 % [ -0.10 % , 0.05 % ] , respectively ) decreased similarly ."
4,Little is known about the impact of coronary calcification on outcomes after PCI for patients presenting with non-ST-segment elevation and ST-segment elevation ACS .
0,Frequent refresher training and in situ simulation are promising interventions .
2,Reported adverse events were mild to moderate in intensity ; none resulted in discontinuation .
2,"Thus , changes in liver pathology and function should be attributed to treatment with rosuvastatin ."
0,Examine psychological and behavioral predictors of 3-year weight loss maintenance in women .
2,"The period of endotracheal intubation was 7.0 ( 6.8 , 9.5 ) days , and 7.7 % ( 2/26 ) patients underwent re-intubation in sequential group ."
2,"The intervention group had better knowledge of precautions related to taking additional acetaminophen ( usual care 18.2 % , 95 % confidence interval [ CI ] = 10.9 % to 25.5 % vs. intervention 38 % , 95 % CI = 28.3 % to 47.7 % ; difference = 27.6 , 95 % CI of difference = 21.5 to 33.7 ) and knowledge of side effects ( usual care median = 1 , interquartile range [ IQR ] 0 to 2 vs. intervention median = 2 , IQR = 1 to 2 ; p < 0.0001 ) ."
4,This discrepancy is known as Developmental Disregard ( DD ) .
0,Prior longitudinal descriptive research has shown that there are distinct trajectories of PTSD symptoms over time in trauma survivors .
1,"Eligible subjects were randomized to either an intervention with low GI diet ( consisting of 45-50 % carbohydrate , 30-35 % fat and 15-20 % protein ) or conventional Chinese diet as control ( consisting of 55-60 % carbohydrate , 25-30 % fat and 10-15 % protein ) ."
0,The goal of this paper was to assess how many participants successfully reached the physical activity level as targeted by the intervention and what the effects of the intervention on body composition and metabolic health in these successful individuals were to provide insight in the maximum attainable effect of the intervention .
0,To demonstrate improved pulmonary function when postoperative analgesia was provided by combined bupivacaine wound infiltration and systemic opioid .
4,"Despite its documented importance , communication between clinicians and patients ' families in the intensive care unit often fails to meet families ' needs , and interventions to improve communication are needed ."
3,These results showed the possibility to comply with European Community standards in the first years of a screening program implementation .
0,To determine and compare the adverse events and long-term effectiveness for patients with small hepatocellular carcinoma ( HCC ) ( 3cm ) treated by percutaneous radiofrequency ablation ( RFA ) or hepatectomy .
2,"QoL improvement involved mainly affective , emotional , and social dimensions ."
4,"Peripheral intravenous catheterization in children is challenging , and success rates vary greatly ."
0,To compare regimen-specific early virologic response .
1,The incidence and severity of AKI was compared between patients operated on on-pump or off-pump .
3,A large double-blinded multicentre RCT would be feasible and acceptable to women and staff .
4,There is increasing evidence that measurement of central aortic pressure ( CAP ) better accounts for cardiovascular risk than brachial blood pressure ( BP ) .
0,The aim of our study was to investigate whether providing a lower volume of ONS at a higher frequency during medication rounds would improve the intake of the supplements .
4,"We assessed the safety and efficacy of peginterferon beta-1a after 48 weeks of treatment in the placebo-controlled phase of the ADVANCE trial , a study of patients with relapsing-remitting multiple sclerosis ."
4,Predictive low glucose management ( PLGM ) may help prevent hypoglycemia by stopping insulin pump delivery based on predicted sensor glucose values .
0,To assess lesion detection and diagnostic confidence of computed tomography ( CT ) of the chest performed at less than 1 mSv with 2 iterative reconstruction ( IR ) techniques .
0,To compare the efficacy of two surgical techniques for controllong nasal width after Le Fort I osteotomy .
4,"However , optimal settings remain unclear ."
1,The primary outcome of the effect evaluation is the percentage of patients undergoing primary elective total hip or knee arthroplasty in which erythropoietin or perioperative blood salvage is applied .
0,The AeroChamber Plus ( AC ) valved holding chamber has been enhanced to include the Flow-Vu ( FV ) inspiratory flow indicator that provides visual inhalation feedback during use .
1,Data collection for control group A ( CGA ) ( n = 162 ) started before the intervention was initiated .
4,Several randomized controlled clinical trials of PTA balloons coated with different formulations of paclitaxel have been conducted in Europe ( N Engl J Med 2008 ; 358:689 -699 ) ( Circulation 2008 ; 118:1358 -1365 ) ( Circ Cardiovasc Interv 2012 ; 5:831 -840 ) ( JACC Cardiovas Interv 2014 ; 7:10 -19 ) and demonstrated more durable efficacy than PTA with comparable safety .
1,"Pretreatment/posttreatment a fetus protein and Karnofsky Performance Status values , change of tumor according to Response Evaluation Criteria in Solid Tumors ( RECIST ) , and the survival time were analyzed ."
1,"On Day 5 , desmopressin ( 03g/kg ) or saline intravenous infusions were administered ."
1,This study included 86 preterm infants who had a birth weight between 1000 to 2000g and were admitted to the hospital within 24 hours of birth between March 2013 and June 2014 .
3,"No major clinical differences were observed with regard to implant survival , complications and marginal bone level changes when loading single implants immediately , early or conventionally ."
1,Time to first development of PDR was analyzed by Kaplan-Meier methods to calculate cumulative probabilities by group .
1,"The present study will enroll , at 64 medical institutions in Japan , 400 Japanese patients aged 20 years or older who have hyperuricemia without gouty arthritis , who present CKD stage 3 , and whose SUA concentration is 7.1-10 .0 mg/dL ."
3,"These results are exploratory and are not intended to guide clinical decision-making , but rather offer a potentially useful strategy in the design of larger trials of IPS ."
3,"ICS discontinuation after 30 months in COPD can worsen lung function decline , AHR , and QOL during 5-year follow-up ."
1,The values obtained before were compared to those obtained 12 weeks after the injections .
4,"Warfarin is the most widely used oral anticoagulant worldwide , but serious bleeding complications are common ."
2,The MS group showed a higher incidence of hypoxaemia .
4,"`` Practice effects '' ( PE ) , or performance improvements due to prior exposure to testing , are known to confound cognitive test results , particularly when short intervals occur between two test sessions ."
1,Both eyes were treated with topical anesthesia .
3,This study represents a first approach to the application of a passive relaxation technique in residential programs for the elderly .
0,To assess changes in circulating incretin levels and body fat compositions with initial combination therapy with - glucosidase inhibitor and dipeptidyl peptidase-4 inhibitor in patients with type 2 diabetes ( T2D ) .
2,Thirty-four participants receiving memantine and 36 receiving placebo completed the 1-year endpoint assessment ( n = 70 ) .
1,"Crusting , adhesion , bleeding , granulation tissue formation , infection , and frontal sinus ostium stenosis after endoscopic surgery were assessed using a grading scale ."
4,Neuroplasticity drives recovery of walking after a lesion of the descending tract .
3,"Future investigations will be needed to determine the full effects of the Imagine HEALTH intervention on insulin resistance , stress , and stress biomarkers ."
4,"The vaginal microbiota may play a role in mediating susceptibility to sexually transmitted infections , including Trichomonas vaginalis ( TV ) ."
2,"Relative to placebo , subjective sexual functioning was attenuated under reboxetine along with diminished neural activations within the caudate nucleus ."
1,"Regular assessment of knowledge , attitudes and practices on MIYCN will be done , coupled with assessments of nutritional status of the mother-child pairs and diarrhea morbidity for the children ."
2,"The postoperative voice recovery time were 7.2 days for the group of patients received conventional laryngeal microsurgery and 7.6 days for the group of patients treated with 2 W CO2 laser , which were hoch significantly different from that in the group of patients treated with 6 W CO2 laser ( P < 0.05 ) ."
1,A clinical evaluation was performed by the pediatrician at the start and end of the treatment period .
0,To assess whether adding clopidogrel to acetylsalicylic acid ( ASA ) has a long-term protective vascular effect in patients with lacunar stroke while taking ASA .
1,Randomisation and allocation to trial groups ( n = 27 and n = 27 ) were carried out by a central computer system .
3,"Pregabalin at doses up to 10 mg/kg/day in children aged 1 month to 16 years , and at doses up to 15 mg/kg/day in those aged < 6 years , demonstrated acceptable safety and tolerability ."
4,Netherlands Trial Register NTR2199 .
0,The 5-year clinical outcomes and prognostic factors of nasopharyngeal carcinoma ( NPC ) patients treated with intensity modulated radiotherapy ( IMRT ) were evaluated .
2,"After each dose , grade 3 fever ( > 40.0 C , rectal measurement ) was reported for maximum one toddler in each group with no differences between investigational formulations and PHiD-CV during primary vaccination ."
1,"In a split-mouth design , teeth were assigned to experimental ( with GO ) and control ( without GO ) groups ."
1,A fourth group served as nonsterilized controls .
1,"Thirty-three patients diagnosed with pancreas , stomach , rectum , colon malignancies , and undergoing major abdominal surgery at Ankara Numune Training and Research Hospital were randomly divided into two groups ; control ( CON ) and N-acetyl cysteine ( NAC ) ."
2,"As expected , RTL declined with increasing age in both cases and controls ."
0,This includes the antifungal fluconazole .
4,"Early risk-stratified chemotherapy is a standard treatment for breast , colorectal , and lung cancers , but not for high-risk localised prostate cancer ."
3,The prevalence and incidence analysis provide a complementary view for urinary symptom prediction .
2,Injection site erythema ( 68 % ) and induration ( 86 % ) peaked 1 week after revaccination .
1,"Preoperatively , patients were randomly assigned to receive either a supraclavicular or an infraclavicular catheter using an ultrasound-guided nonstimulating catheter insertion technique with a mepivacaine bolus via the catheter and ropivacaine perineural infusion initiated postoperatively ."
3,"In patients with longer cardiopulmonary bypass times , a single intravenous bolus of CsA administered prior to CABG surgery reduced the extent of PMI ."
2,"Following 12 weeks of training , there were no significant differences in the main measured outcome variables between RT and RTS ."
2,Overall response rate by clinical palpation was 64.5 % in all patients with a final palpation measurement .
3,This pilot study provides preliminary evidence for integrating error management skills into medical curricula and for the design of learning goals in simulation-based education .
3,"This was evident by increased expression of Th1 cytokines ( INF - , IL-2 ) and the ratio of Th1/Th2 ( INF - / IL-4 , IL-2 / IL-5 ) , as well as by decreased FACT-L scores and the expression of Th2 cytokines ( IL-4 , IL-5 ) ."
2,"Oral-health-related fatalism was apparent , with 74.2 % believing that most people usually get dental problems , 58.6 % believing that most people will need extractions at some stage , and that most children eventually get dental caries ."
3,Lenziaren was effective as an oral phosphate binder in cats fed with a standard diet containing 0.2 % phosphorus .
2,"Compared with the control diet , the high-fructose diet significantly increased IHCLs by 102 36 % and HGP by 16 3 % and decreased fasting lipid oxidation by 100 29 % ( all P < 0.05 ) ."
3,PCB may produce positive vessel remodeling .
2,"Across all studies , 757 , 198 , 454 , and 1,058 subjects were randomized to placebo or 1.5 , 6 , or 12 Amb a 1-U of MK-3641 , respectively ."
0,This study aims to determine the outcome of double-bundle anterior cruciate ligament ( ACL ) reconstruction using an allograft in comparison with ACL reconstruction using a double-bundle autograft or a single-bundle allograft .
1,"Secondary outcomes include ( i ) ulcer-related outcomes : time to healing , change in ulcer area , minor and major amputation , secondary infection and ( ii ) patient-related outcomes : local pain , mood and function ( EQ-5D ) , impact of the ulcer ( Cardiff Wound Impact Schedule ) and survival ."
1,We analyzed the changes using the 12 subscale score of frequency scale for the symptoms of GERD ( FSSG ) and 15 items of the Gastrointestinal Symptom Rating Scale at 4 and 8 weeks and compared the therapeutic efficacy between the 2 groups .
3,"Objective study of occupational health activities and measures were enabled by devising methods and procedures , e.g. , applying the waiting-list method for the control group ."
2,"Post hoc analyses indicated that there was a significant fall in ERI for patients with the highest baseline ESA resistance dialysed with the VE ( 9.28 [ 7.70-12 .5 ] versus 7.70 [ 5.34-12 .7 ] IU/week/kg / g/dL Hb , P = 0.01 ) but not the control membranes ( 9.45 [ 7.62-12 .3 ] versus 8.14 [ 4.44-15 .6 ] IU/week/kg / g/dL Hb , P = 0.41 ) ; this was not attributable to changes in CRP levels ."
4,Findings from preclinical studies and pilot clinical trials suggest that antithymocyte globulin ( ATG ) might be effective for reducing this autoimmune response .
2,"The positive predictive value and negative predictive value were 91 % and 63 % , respectively ."
0,We aimed to investigate whether the solitary addition of nonfat dairy products to the normal routine diet was capable of lowering blood pressure in middle-aged and older adults with elevated blood pressure .
1,"Safety was established through serial serum potassium levels and measurement of cystatin C , a non-creatinine measure of kidney function ."
0,"Widening socioeconomic disparities in mortality in the United States are largely explained by slower declines in tobacco use among smokers of low socioeconomic status ( SES ) than among those of higher SES , which points to the need for targeted tobacco cessation interventions ."
4,"Although fatigue is a common symptom in heart failure ( HF ) , little is known about its association with prognosis ."
0,"Here , we directly compared the effects of monthly minodronate with those of a standard single weekly 35-mg dose of alendronate ( weekly alendronate ) on L-BMD and baPWV in postmenopausal women with osteoporosis across a 12-month period ."
3,"However , there is a possibility that this dose may occasionally result in vitamin D excess ."
3,"Although the rate of IBTR in the intraoperative radiotherapy group was within the prespecified equivalence margin , the rate was significantly greater than with external radiotherapy , and overall survival did not differ between groups ."
3,Undertaking 12-month trial follow-up will allow us to evaluate the long-term effect of the intervention .
1,"Eighty participants , aged 18 to 66 years , completed questionnaires assessing trait disgust prior to a laboratory session ."
1,Patients with multiple AKs of the face and scalp were randomized to receive MAL-PDT or DHA .
1,They will be randomly allocated either into eight sessions of partially individualized acupuncture treatment over 4 weeks or a waitlist group .
3,"Dietary EPA augments skin EPA : AA content , shifting eicosanoid synthesis towards less pro-inflammatory species , and promoting a regulatory milieu under basal conditions and in response to inflammatory insult ."
1,Placebo ( syrup base ) or zinc ( 20 mg/5 mL elemental zinc as zinc sulfate ) orally given for a period of 2 weeks .
4,Atherosclerosis is a postprandial phenomenon .
0,To determine whether daily irrigation with sterile saline solution during silicone hydrogel ( SiH ) contact lens continuous wear ( CW ) can mitigate increases in corneal epithelial permeability ( Pdc ) and reduce the risk of adverse events .
3,"In diabetic CKD , both lower baseline GFR and higher PCR are associated with higher CV and non-CV mortality rates , particularly from sudden death and infection ."
1,Subject reported outcomes about the preparations were elicited .
0,Evaluate the performance of a robotic system for CT-guided lung biopsy in comparison to the conventional manual technique .
0,To explore perceptions of spinal manipulative therapy and exercise among adults aged 65 years and older with chronic neck pain .
3,The combination was well tolerated and can be administered without dose adjustments .
1,"Participants were evaluated before treatment , 3 weeks after completion , and at 2-month follow-up ."
