class,text
0,The objective of the present study was to determine the pharmacokinetics ( PK ) of a pilsicainide hydrochloride injection in healthy Chinese adults .
0,"However , the association between ARD and increased risk of dementia is uncertain ."
0,The aims of the present study were to assess the efficacy and safety of BT injection and combined treatment with BT injection and lowered dose glyceryltrinitrate ( GTN ) cream for the treatment of CAF .
0,To determine and compare the adverse events and long-term effectiveness for patients with small hepatocellular carcinoma ( HCC ) ( 3cm ) treated by percutaneous radiofrequency ablation ( RFA ) or hepatectomy .
0,"In clinical trials with first-generation drug-eluting stents , the complex strategy was not superior to the simple approach ."
0,Prior longitudinal descriptive research has shown that there are distinct trajectories of PTSD symptoms over time in trauma survivors .
0,"Here , we directly compared the effects of monthly minodronate with those of a standard single weekly 35-mg dose of alendronate ( weekly alendronate ) on L-BMD and baPWV in postmenopausal women with osteoporosis across a 12-month period ."
0,To compare the efficacy of two surgical techniques for controllong nasal width after Le Fort I osteotomy .
0,Evaluate the sensitivity and specificity of pelvic ultrasound ( US ) and abdominopelvic computed tomography ( CT ) for the identification of ovarian torsion in women presenting to the emergency department with acute lower abdominal or pelvic pain .
0,"To determine whether a point-of-care molecular HIV test increases ART access for hospitalized Malawian infants , we simulated a point-of-care test using rapid HIV RNA polymerase chain reaction ( Rapid PCR ) and compared patient outcomes with an optimized standard care that included assessment with the World Health Organization clinical algorithm for HIV infection plus a DNA PCR with a turnaround time of several weeks ( standard care ) ."
0,To determine whether daily irrigation with sterile saline solution during silicone hydrogel ( SiH ) contact lens continuous wear ( CW ) can mitigate increases in corneal epithelial permeability ( Pdc ) and reduce the risk of adverse events .
0,To compare the clinical benefit of a periodontal dressing applied after a one-stage full-mouth disinfection ( OSFMD ) in patients with chronic periodontitis up to 3months after therapy .
0,This study evaluated the safety and effects of sapropterin on hepatic and systemic hemodynamics in patients with cirrhosis and PHT .
0,The aims of the study were to assess the efficacy of a multicomponent intervention and evaluate the feasibility and user acceptance of an internet-based home telemedical surveillance system for the evaluation of pain and other key health outcomes in patients with fibromyalgia ( FM ) .
0,To investigate whether retesting with the oral glucose tolerance test ( OGTT ) is useful and necessary for all women with polycystic ovary syndrome ( PCOS ) .
0,The purpose of this study was to determine whether 24 months of combined denosumab and teriparatide will increase hip and spine BMD more than either individual agent .
0,To demonstrate improved pulmonary function when postoperative analgesia was provided by combined bupivacaine wound infiltration and systemic opioid .
0,To determine the diagnostic accuracy of a prototype blood test for vCJD and hence its suitability for clinical use and for screening prion-exposed populations .
0,We estimate the effect size of hypoglycemia risk reduction on closed-loop control ( CLC ) versus open-loop ( OL ) sensor-augmented insulin pump therapy in supervised outpatient setting .
0,"To determine whether nalmefene combined with psychosocial support is cost-effective compared with psychosocial support alone for reducing alcohol consumption in alcohol-dependent patients with high/very high drinking risk levels ( DRLs ) as defined by the WHO , and to evaluate the public health benefit of reducing harmful alcohol-attributable diseases , injuries and deaths ."
0,"To evaluate transient , large visual acuity ( VA ) decreases , termed sporadic vision loss , during anti-vascular endothelial growth factor treatment for neovascular age-related macular degeneration ( AMD ) ."
0,This prospective multicenter study examined whether elevated fecal calprotec tin ( FC ) concentrations after stopping TNF-blocking therapy can predict clinical or endoscopic relapse .
0,"This study used an in-depth mixed-methods design to examine individual variation in ( 1 ) impact on self-reported goal engagement ( ie , motivation , self-efficacy , awareness , effort , achievement ) of access to a weight management app ( POWeR Tracker ) when provided alongside a Web-based weight management intervention ( POWeR ) and ( 2 ) usage and views of POWeR Tracker ."
0,Examine psychological and behavioral predictors of 3-year weight loss maintenance in women .
0,Our goal was to compare the rate of infections among subgroups with and without prophylactic antibiotic treatment .
0,"The aim of this study is to compare preoperative and postoperative conditions of GMP-140 concentration , the aggregation and activation of platelets in congenital heart disease patients undergoing transcatheter closure of atrial septal defects ( ASDs ) or ventricular septal defects ( VSDs ) , and the appropriate dose of aspirin of patients after transcatheter closure ."
0,To assess lesion detection and diagnostic confidence of computed tomography ( CT ) of the chest performed at less than 1 mSv with 2 iterative reconstruction ( IR ) techniques .
0,"To determine whether the method of specimen preparation after transrectal ultrasound-guided biopsy of the prostate affected core fragmentation , and secondly to determine whether such fragmentation was influenced by the presence of malignancy in the biopsy specimen ."
0,We evaluated the efficacy of high advanced-collagen tripeptide ( HACP ) on wound healing and skin recovery .
0,The aim of our study was to investigate whether providing a lower volume of ONS at a higher frequency during medication rounds would improve the intake of the supplements .
0,The objective of this study was to explore the effects of hypotonic and isotonic oral mannitol on intestinal distention and fluorine-18 fluorodeoxyglucose ( ( 18 ) F-FDG ) intake in PET/computed tomography ( CT ) imaging .
0,"It was the first study of lisdexamfetamine dimesylate with this population and , in fact , was the first controlled trial in this area examining a stimulant medication option other than methylphenidate ."
0,The effects of brimonidine on daytime and nighttime intraocular pressure ( IOP ) and aqueous humor dynamics were evaluated in volunteers with ocular hypertension ( OHT ) .
0,Sildenafil ( SIL ) and vardenafil ( VAR ) are approved for as-needed ( PRN ) dosing ; tadalafil ( TAD ) is approved for both PRN and once-a-day ( OaD ) dosing for ED .
0,"However , recent evidence in well-trained cyclists has not consistently reported improved cycling economy or performance ."
0,Little is known about the transfer of essential fatty acids ( FAs ) across the human blood-brain barrier ( BBB ) in adulthood .
0,This study aims to determine the outcome of double-bundle anterior cruciate ligament ( ACL ) reconstruction using an allograft in comparison with ACL reconstruction using a double-bundle autograft or a single-bundle allograft .
0,The AeroChamber Plus ( AC ) valved holding chamber has been enhanced to include the Flow-Vu ( FV ) inspiratory flow indicator that provides visual inhalation feedback during use .
0,To explore perceptions of spinal manipulative therapy and exercise among adults aged 65 years and older with chronic neck pain .
0,"To assess the relative bioavailability of a new subcutaneous ( SC ) diclofenac hydroxypropyl b-cyclodextrin ( HPbCD ) formulation administered to three body sites : quadriceps , gluteus , and abdomen ."
0,"The aim of this study was to compare gait and cognitive performance before and after the use of rivastigmine in patients with HLGD , free from cognitive impairment or Parkinsonism ."
0,"The purpose of this study was to determine whether the SPRINT definition of a `` critical-sized defect '' ( fracture gap at least 1 cm in length and involving over 50 % of the cortical diameter ) was accurate , to discern which factors predict reoperation in patients with these defects , and to compare the patient-based outcomes of these patients with patients without a critical defect ."
0,To compare anatomical and patient-reported outcomes at 12 months postoperatively for women who had anterior compartment pelvic organ prolapse ( POP ) surgery using a repair augmented with porcine small intestine submucosa mesh ( Mesh Group ) compared with those who had a native tissue repair ( No Mesh Group ) .
0,To investigate whether the type of anesthetic agent administered affects the antitussive effect of remifentanil .
0,"In this double-blind randomized placebo controlled parallel-group trial , we investigated the effects of sodium nitrite administered immediately prior to reperfusion in patients with acute ST-elevation myocardial infarction ( STEMI ) ."
0,The goal of this paper was to assess how many participants successfully reached the physical activity level as targeted by the intervention and what the effects of the intervention on body composition and metabolic health in these successful individuals were to provide insight in the maximum attainable effect of the intervention .
0,The existing research findings regarding the effects of lemongrass ( Cymbopogon citratus ) tea on renal function indices are conflicting and inconclusive .
0,"To propose a simple correction of body-mass index ( BMI ) based on self-reported weight and height ( reported BMI ) using gender , body shape perception and socioeconomic status in an adolescent population ."
0,To determine the optimal method for use of the Canine Brief Pain Inventory ( CBPI ) to quantitate responses of dogs with osteoarthritis to treatment with carprofen or placebo .
0,"This assessment also offered us the opportunity to evaluate the influence of GI on appetite responses independently of insulinemia , which confounds findings in individuals without diabetes ."
0,Our objectives were to evaluate whether HRQoL in pHPT is associated with vitamin D insufficiency and whether vitamin D supplementation after parathyroidectomy ( PTX ) could improve HRQoL .
0,To evaluate the prevalence of respiratory impairment and dyspnea and their associations with objectively measured physical inactivity and performance-based mobility in sedentary older persons .
0,"Whether statin drug use influences the risk of screen detected disease is less clear , possibly because of complex detection biases ."
0,We investigated the association of baseline circulating levels of TF with stroke events occurred in the European Prospective Investigation into Cancer and Nutrition-Italy cohort .
0,Few publications of prospective studies have described patient outcomes in community-acquired bacterial pneumonia ( CABP ) - associated bacteremia .
0,There is ongoing controversy regarding a ` J-curve ' phenomenon such that low and high blood pressure ( BP ) levels are associated with increased risks of recurrent stroke .
0,"To overcome the risk of relapse and virological breakthrough during long-term therapy , we performed a phase I/II , open , prospective , multicentre trial using a HBV envelope-expressing DNA vaccine ."
0,A patient-centered collaborative care program for depression and uncontrolled diabetes and/or coronary heart disease ( CHD ) demonstrated improved clinical outcomes relative to usual care .
0,"To compare the cumulative analgesic effect of electroacupuncture ( EA ) stimulation of Sanyinjiao ( SP 6 ) , Xuanzhong ( GB 39 ) and non-acupoint for primary dysmenorrhea patients ."
0,We aimed to investigate whether the solitary addition of nonfat dairy products to the normal routine diet was capable of lowering blood pressure in middle-aged and older adults with elevated blood pressure .
0,To compare regimen-specific early virologic response .
0,We conducted a three-arm parallel study with balanced randomization to evaluate the effect of various disease-modifying therapies ( DMTs ) on cognitive function in MS.
0,To evaluate the effects of systemic doxycycline on clinical and microbiological parameters of diabetic subjects with chronic periodontitis .
0,Study participants were randomly assigned to receive amantadine hydrochloride 100 mg twice daily versus equivalent placebo for 28 days .
0,"To evaluate a novel aqueous oxygen peroxide ( AOP ) wound therapy ( BioxyQuell ) in a multi-centre , primary care-based , randomised , double-blind , placebo-controlled , parallel-group trial , monitoring long-term healing outcomes over 12 months ."
0,"Across the United States , tens of thousands of college students are mandated to receive an alcohol intervention following an alcohol policy violation ."
0,"A 6-month aerobic and resistance training exercise regimen was implemented to examine interrelationships between circulating sex hormones , body composition , aerobic capacity , insulin sensitivity , and insulin resistance ."
0,To assess changes in circulating incretin levels and body fat compositions with initial combination therapy with - glucosidase inhibitor and dipeptidyl peptidase-4 inhibitor in patients with type 2 diabetes ( T2D ) .
0,The aim of the study was to assess the effects of three different testosterone formulations on body weight and composition and metabolic and bone parameters .
0,"We sought to assess if the use of a solution of mepivacaine 2 % plus adrenaline with sodium bicarbonate 1.4 % results in less pain associated with local infiltration anesthesia preceding ambulatory phlebectomies , compared with standard preparation diluted with normal saline ."
0,"Recurrent signs and symptoms are common despite treatment with a gluten-free diet ( GFD ) , yet no approved or proven nondietary treatment is available ."
0,This study aims to evaluate the effects of nasal packs on surgical success and related complications in septoplasty .
0,To assess the efficacy of trabeculectomy with a biodegradable Ologen implant ( OLO ) versus mitomycin C ( MMC ) in patients in a prospective randomized clinical trial .
0,It is unknown if this association is causal .
0,This includes the antifungal fluconazole .
0,To compare visual acuity with two visual acuity charts in preschool children .
0,To investigate effects of intra-abdominal pressure in pregnancy on the development of spinal blockade and incidence of hypotension during cesarean section .
0,"Opioid pharmacotherapy is now the leading treatment for chronic pain , a problem that affects nearly one third of the U.S. population ."
0,The present study aimed to compare the postoperative contrast sensitivity functions between wavefront-guided LASIK eyes and their contralateral wavefront-guided PRK eyes .
0,We evaluated ego-integrity and rumination as mediators and assessed whether the effects of the intervention did not differ across middle-aged and older adults .
0,To evaluate the effects and costs of three doses of behavioral weight-loss treatment delivered via Cooperative Extension Offices in rural communities .
0,Evaluate the performance of a robotic system for CT-guided lung biopsy in comparison to the conventional manual technique .
0,To assess whether vaginal misoprostol or oral nonsteroidal anti-inflammatory drugs ( NSAIDs ) reduce pain during and 30 minutes after hysterosalpingography ( HSG ) .
0,The 5-year clinical outcomes and prognostic factors of nasopharyngeal carcinoma ( NPC ) patients treated with intensity modulated radiotherapy ( IMRT ) were evaluated .
0,"We aimed to examine associations of quantitative gastrointestinal and psychological traits with obesity , and to validate the ability of these traits to predict responses of obese individuals to pharmacotherapy ."
0,"Addressing these challenges requires an intervention that elicits motivation to engage in this activity , minimizes the direct relationship between unwanted internal experiences and inaction , and is also in itself accessible and convenient ."
0,The aim of this study is to evaluate whether BMD changes after cessation of ronacaleret treatment .
0,Hirsutism has negative impact on adolescent psychosocial development for both cosmetic and endocrine reasons .
0,"The aim of the present study was to evaluate the effect of Erythrinamu lungu on the control of dental anxiety in patients who had under gone bilateral extraction of asymptomatic , impacted mandibular third molars ."
0,"Widening socioeconomic disparities in mortality in the United States are largely explained by slower declines in tobacco use among smokers of low socioeconomic status ( SES ) than among those of higher SES , which points to the need for targeted tobacco cessation interventions ."
0,The treatment of bipolar disorder type I ( BD-I ) with a comorbid cocaine dependence disorder ( CDD ) is a challenge in current psychiatric practice .
0,To determine the prevalence of impaired olfaction in individuals presenting for cardiac surgery and the independent association between impaired olfaction and postoperative delirium and cognitive decline .
0,To assess whether adding clopidogrel to acetylsalicylic acid ( ASA ) has a long-term protective vascular effect in patients with lacunar stroke while taking ASA .
0,The aim of this study was to determine the efficacy of electrical stimulation when added to conventional physical therapy with regard to clinical and neurophysiologic changes in patients with Bell palsy .
0,Frequent refresher training and in situ simulation are promising interventions .
0,To determine the optimal duration of energy corrective treatment of ischemic stroke ( II ) with cytoflavin or ascorbic acid .
0,We investigated real-life oral anticoagulation ( OAC ) treatment after surgical ablation and examined its adherence to current recommendations .
0,To examine the influence of spinal fusion on adjacent segment disc space height as an indicator of disc degeneration at LTFU .
0,"To explore the outcomes of an Xbox Kinect intervention on balance ability , enjoyment and compliance for previously injured young competitive male athletes ."
0,To investigate functional and macular pigment ( MP ) changes in patients with early age-related macular degeneration ( AMD ) after multiple supplementation with lutein and zeaxanthin .
1,"Participants will be randomized ( in a 1:1 ratio ) to receive oral granulated Chinese herbal medicine YXBCM01 plus topical calcipotriol 0.005 % or oral YXBCM01 placebo plus topical calcipotriol 0.005 % treatment for 12 weeks , with a 12-week follow-up phase ."
1,123 older adults with chronic and primary insomnia .
1,This was a prospective randomized controlled trial performed between September 2009 and August 2011 .
1,Subject reported outcomes about the preparations were elicited .
1,Patients in the trial group received clean liquid integral protein diet for 3 days before operation without mechanical bowel preparation .
1,"The Modified Ashworth Scale , manual muscle test ( MMT ) , Manual Function Test ( MFT ) , Fugl-Meyer Scale ( FMS ) , and Box and Block Test were used to assess UE function ."
1,"We compared age , sex , fracture type ( Sanders classification ) , treatment given , Bhler angle , residual articular surface step-off at healing , type of occupation , and injury insurance between the 2 groups ."
1,All patients were premedicated orally 1 h before the induction of anesthesia .
1,The primary outcome of the effect evaluation is the percentage of patients undergoing primary elective total hip or knee arthroplasty in which erythropoietin or perioperative blood salvage is applied .
1,"Regular assessment of knowledge , attitudes and practices on MIYCN will be done , coupled with assessments of nutritional status of the mother-child pairs and diarrhea morbidity for the children ."
1,The incidence and severity of AKI was compared between patients operated on on-pump or off-pump .
1,"Safety was established through serial serum potassium levels and measurement of cystatin C , a non-creatinine measure of kidney function ."
1,"This is a single-centre , randomized controlled trial , with computer-generated randomization in a 1:1 allocation ratio ."
1,Hyperhidrosis Disease Severity Scale was assessed before and after treatment up to 20 weeks .
1,"On Day 5 , desmopressin ( 03g/kg ) or saline intravenous infusions were administered ."
1,A cutoff of 5 % mutant/wild-type sequences was selected to define RAS status ; we also report an analysis using a cutoff based on the technical lower limit for mutation identification ( 0.1 % ) .
1,"Eligible subjects were randomized to either an intervention with low GI diet ( consisting of 45-50 % carbohydrate , 30-35 % fat and 15-20 % protein ) or conventional Chinese diet as control ( consisting of 55-60 % carbohydrate , 25-30 % fat and 10-15 % protein ) ."
1,"A subgingival preparation finish line of between 1 and 2 mm was ensured , andthe buccal aspects of 252 ( n = 63 ) teeth were clinically assessed for ease of application , time spent , bleeding , remnants , and dilatation ."
1,"Pretreatment/posttreatment a fetus protein and Karnofsky Performance Status values , change of tumor according to Response Evaluation Criteria in Solid Tumors ( RECIST ) , and the survival time were analyzed ."
1,"Preoperatively , patients were randomly assigned to receive either a supraclavicular or an infraclavicular catheter using an ultrasound-guided nonstimulating catheter insertion technique with a mepivacaine bolus via the catheter and ropivacaine perineural infusion initiated postoperatively ."
1,Participants will receive treatment for 28 days .
1,"The secondary efficacy endpoint included the improvement rate at maximum frown at week 16 and at rest at weeks 4 and 16 by live assessment , and the improvement rate at maximum frown and at rest based on photographic assessment at week 4 ."
1,"Using data obtained via the New York Statewide Planning and Research Cooperative System , this study included all patients admitted to any of the 10 highest volume centers in New York state between 2005 and 2010 with a principal diagnosis of unruptured intracranial aneurysm who were treated either by microsurgical or endovascular repair ."
1,Caregivers of persons with chronic conditions who scored 7 or above in the Caregiver Strain Index were randomly assigned to the 8-week MBSR group ( n = 70 ) or the self-help control group ( n = 71 ) .
1,Five sham acupoints are used in the control group .
1,Initial treatment was compared in 4 risk groups .
1,"Participants completed measures related to latent variables of illness-related distress , social integration , spiritual perspective , family environment , coping , hope-derived meaning , and resilience at baseline ( T1 ) , postintervention ( T2 ) , and 100 days posttransplant ( T3 ) ."
1,The primary outcome will be levels of depression and secondary outcomes will be severity of psychotic symptoms and cost-effectiveness .
1,"The GLYNDIET study is a 6-mo randomized , parallel , controlled clinical trial conducted in 122 overweight and obese adults ."
1,Least squares means with 95 % confidence interval were compared using analysis of variance .
1,"HIV-uninfected men ( HIV - ; n = 60 ) , HIV-infected men using HAART ( HIV + / HAART + ; n = 58 ) , and HIV-infected men not using HAART ( HIV + / HAART - ; n = 41 ) recruited from two sites of the Multicenter AIDS cohort study ( MACS ) underwent a nocturnal sleep study , anthropometric assessment , and questionnaires for fatigue and the Epworth Sleepiness Scale ."
1,All participants will undergo standard long down regulation protocol using human menopausal gonadotropin 300IU/day .
1,Analyses were done by intention to treat .
1,"We randomly allocated 80 clusters ( LHW catchments ) of children to receive routine health and nutrition services ( controls ; n = 368 ) , nutrition education and multiple micronutrient powders ( enhanced nutrition ; n = 364 ) , responsive stimulation ( responsive stimulation ; n = 383 ) , or a combination of both enriched interventions ( n = 374 ) ."
1,"Other assessment measures included the 10-minute psychomotor vigilance task ( for neurobehavioral functioning ) , the time-line follow-back measure ( for alcohol consumption ) , the Penn Alcohol Craving Scale ( for alcohol craving ) , the Patient Health Questionnaire-9 item scale ( for depressive symptoms ) , and the Beck Anxiety Inventory ( for anxiety symptoms ) ."
1,"Comparison of coronary blood flow , ST-segment resolution ( STR ) , duration of hospital stay , 30-day major adverse cardiac events ( MACE ) and complications such as hemorrhage was conducted ."
1,"This trial is registered with ClinicalTrials.gov , number NCT01584830 ."
1,"The treatment group was treated with EA at Baihui ( GV 20 ) , Sishencong ( EX-HN 1 ) , Fengchi ( GB 20 ) , Shenshu ( BL 23 ) , Danzhong ( CV 17 ) , etc. in qijie area combined with spine muscle-relieving massage and comprehensive chiropractic ."
1,The primary endpoint was progression-free survival and overall survival was a secondary endpoint .
1,We analyzed the changes using the 12 subscale score of frequency scale for the symptoms of GERD ( FSSG ) and 15 items of the Gastrointestinal Symptom Rating Scale at 4 and 8 weeks and compared the therapeutic efficacy between the 2 groups .
1,"Preoperative , intraoperative , and postoperative variables and mortality were compared among groups ."
1,Both eyes were treated with topical anesthesia .
1,"Two recruitment strategies will be used : contacting men listed in primary care registers , and a community outreach method ( time-space sampling ) ."
1,Protocol therapy was either vandetanib 300 mg oral daily plus bicalutamide 50 mg oral daily ( Arm A ) or bicalutamide 50 mg oral daily alone ( Arm B ) with cross-over to vandetanib monotherapy at progression .
1,"The present study will enroll , at 64 medical institutions in Japan , 400 Japanese patients aged 20 years or older who have hyperuricemia without gouty arthritis , who present CKD stage 3 , and whose SUA concentration is 7.1-10 .0 mg/dL ."
1,A clinical evaluation was performed by the pediatrician at the start and end of the treatment period .
1,We evaluated predictors of pregnancy and adherence to study medication among HIV-1-uninfected women enrolled in a randomized placebo-controlled trial of PrEP among African HIV-1-serodiscordant couples .
1,Serum 25 ( OH ) D levels before and after the intervention were measured using the Diasorin Liaison platform immunoassay .
1,"Secondary outcomes include time until full sustainable return to work , health related quality of life , health related behavior , functional status , somatic and mental health , and perceptions of work ."
1,Probiotics were administered in Group A ; oral antibiotics were administered in Group B ; and neither probiotics nor oral antibiotics were administered in Group C. Stool samples were collected 9 and 2 days before and 7 and 14 days after the procedure .
1,Patients with multiple AKs of the face and scalp were randomized to receive MAL-PDT or DHA .
1,"This is a pragmatic , individually randomised , controlled , feasibility study comparing interpersonal problem-solving therapy plus treatment-as-usual with treatment-as-usual alone , for adults attending a general hospital following self-harm ."
1,Randomisation and allocation to trial groups ( n = 27 and n = 27 ) were carried out by a central computer system .
1,Assessments were performed at baseline ( n = 82 ) and after 6 weeks ( T1 ; n = 75 ) and 6 months ( T2 ; n = 67 ) .
1,PiCCO catheter was placed in modified surviving sepsis bundles group .
1,"Additionally , PSD was applied once per week during the treatment ."
1,Both groups used a secure website to upload data and to receive feedback from their endocrinologist .
1,Data collection for control group A ( CGA ) ( n = 162 ) started before the intervention was initiated .
1,"Eighty participants , aged 18 to 66 years , completed questionnaires assessing trait disgust prior to a laboratory session ."
1,Skin was assessed for pressure ulcers .
1,"Between september 2013 and may 2014 , 60 women with urethral syndrome and trigonitis were incuded in this study ."
1,Seed migration was defined as a seed position > 1 cm from the cluster of other seeds on radiography .
1,64 obese adult patients without diabetes and 58 normal weight control subjects were enrolled in this study .
1,A fourth group served as nonsterilized controls .
1,Both groups then entered a preplanned phase with IM interferon -- 1a for 12 months .
1,"In a split-mouth design , teeth were assigned to experimental ( with GO ) and control ( without GO ) groups ."
1,Blood samples were taken before and after B-TURP for serum chemistry evaluation .
1,"Participants were evaluated before treatment , 3 weeks after completion , and at 2-month follow-up ."
1,"Crusting , adhesion , bleeding , granulation tissue formation , infection , and frontal sinus ostium stenosis after endoscopic surgery were assessed using a grading scale ."
1,"Treatment-naive patients with HCV genotype 1 infection were assigned randomly to 1 of thefollowing groups : PEG-IFN/RBV for 48 weeks ( group A , n = 31 ) , PEG-IFN/RBV for 4 weeks followed by PEG-IFN/RBV for 44 weeks with 6 injections of TG4040 ( group B , n = 63 ) , or TG4040 for 12 weeks ( 7 injections ) followed by PEG-IFN/RBV for 48 weeks with 6 injections of TG4040 ( group C , n = 59 ) ."
1,Women with confirmed preterm prelabour rupture of membranes between 16 ( +0 ) and 24 ( +0 ) weeks ' gestation .
1,"According to clinical symptoms , 3 categories : complete remission , partial remission and no remission were mentioned in weekly follow-up ."
1,"An acute resistance exercise protocol was administered at 0 , 6 , and 12 weeks of training ."
1,The primary outcome was complete ulcer healing .
1,Ten volunteers were each studied on 4 randomly assigned days .
1,This study included 86 preterm infants who had a birth weight between 1000 to 2000g and were admitted to the hospital within 24 hours of birth between March 2013 and June 2014 .
1,The incidence of adverse events was also considered .
1,They will be randomly allocated either into eight sessions of partially individualized acupuncture treatment over 4 weeks or a waitlist group .
1,"Participants consisted of 101 patients , aged 20-76 years ( mean age 48 years ) , 49 men and 52 women , with burns that covered more than 20 % of the body ."
1,"In six left-sided patients , IMN-RT was simulated , and OAR doses were compared to those in the original plan ."
1,"In addition , for all eye drop treatment groups , open-label ranibizumab was administered as needed ."
1,Time to first development of PDR was analyzed by Kaplan-Meier methods to calculate cumulative probabilities by group .
1,Patients diagnosed with CTS will be recruited from an outpatient neurology clinic and randomly assigned to the intervention group ( mechanical traction ) or the control group ( care as usual ) .
1,"Using a car-following procedure in a high-fidelity driving simulator , participants were probed at random times to indicate whether they were on-task at that moment or mind-wandering ."
1,Placebo ( syrup base ) or zinc ( 20 mg/5 mL elemental zinc as zinc sulfate ) orally given for a period of 2 weeks .
1,"After each LC , intervention group subjects received video-based coaching by a surgeon , utilizing an adaptation of the GROW ( Goals , Reality , Options , Wrap-up ) coaching model ."
1,( Trial registered at ClinicalTrials.gov : NCT00693849 . )
1,present with clinical evidence or high suspicion of multiple trauma ( predicted Injury Severity Score [ ISS ] 16 ) and 3 .
1,Subjects in both arms used either treatment or placebo devices for 20 minutes daily for 4 weeks .
1,"We used linear mixed models to compare the outcomes of both groups immediately after training , after 6 months , and after 12 months , adjusted for baseline ."
1,"The research design was a prospective , randomized study ."
1,"Subjects who underwent monitoring of respiratory and circulatory dynamics without sedation during endoscopic screening examinations were enrolled at the New Ooe Hospital ( Kyoto , Japan ) between April 2008 and March 2009 ."
1,The Long program consists of 3 weeks with full rehabilitation days .
1,We excluded patients who were taking vitamin D or calcium supplements .
1,Follow-up in the ACCORD Lipid Trial was 4-8 years ( mean 4.7 years ) .
1,The values obtained before were compared to those obtained 12 weeks after the injections .
1,"Secondary outcomes include ( i ) ulcer-related outcomes : time to healing , change in ulcer area , minor and major amputation , secondary infection and ( ii ) patient-related outcomes : local pain , mood and function ( EQ-5D ) , impact of the ulcer ( Cardiff Wound Impact Schedule ) and survival ."
1,All patients received standardized general anaesthesia and continuous epidural ropivacaine 0.25 % ; 4-8 ml/hr .
1,The trial was conducted in the City of Edmonton between January 2006 and August 2011 .
1,"Thirty-three patients diagnosed with pancreas , stomach , rectum , colon malignancies , and undergoing major abdominal surgery at Ankara Numune Training and Research Hospital were randomly divided into two groups ; control ( CON ) and N-acetyl cysteine ( NAC ) ."
2,"The trial met its accrual target , experienced 90 % retention , and caused no serious adverse events ."
2,The reduction of HbA1c was significantly greater in the repaglinide group ( P < 0.01 ) .
2,Average variable costs per patient were $ 31 for screening and $ 79 for intervention .
2,Twenty-six patients were enrolled and 25 were analyzed .
2,After 6 months of therapy the level of microalbuminuria decreased significantly in the study group compared with the control group .
2,"The groups ( digital , 191 patients ; traditional , 190 patients ) were well matched for baseline and surgical characteristics ."
2,"The number of cases of moderate or severe acute pancreatitis was similar in the somatostatin ( 2.4 % ) and the placebo ( 3.5 % ) groups ( RR 0.67 , 95 % CI 0.24-1 .85 , P = 0.43 ) ."
2,Comparison of participants ' self-reported PA revealed a significant intervention effect for time spent walking in the at-risk sample ( P = .02 ) .
2,"Subcutaneous fat mass ( -1,553 [ -2,767 , -340 ] cm ( 3 ) vs -751 [ -2,047 ; 546 ] cm ( 3 ) , respectively ) visceral fat mass ( -206 [ -783 , 371 ] cm ( 3 ) vs -241 [ -856 , 373 ] cm ( 3 ) , respectively ) and muscle fat content ( -0.09 % [ -0.16 % , -0.02 % ] vs -0.02 % [ -0.10 % , 0.05 % ] , respectively ) decreased similarly ."
2,The accumulated expelled volumes for an hour were in favor of the ASCD group .
2,Thirty-four participants receiving memantine and 36 receiving placebo completed the 1-year endpoint assessment ( n = 70 ) .
2,The HRQOL evaluation showed no statistical difference between groups with and without CNI at any interval .
2,This was significantly associated with the total monthly income of a household and the educational level of the respondent .
2,Participants had better health behaviors and fewer health problems than those who did not participate .
2,Similar numbers of subjects in the cinacalcet and placebo groups reported adverse events ( AEs ) ( 27 vs 20 ) and serious AEs ( three vs four ) .
2,Mean age was 347.6 .
2,"In total , 1178 children ( 93.2 % ) completed the study ."
2,"Regarding tryptophan metabolites , anthranilic acid ( AA ) levels were significantly higher at the end of the add-on phase compared with baseline ( p = 0.002 ) and correlated significantly with improvement of mood ( = -0.39 , p = 0.037 ) and seizure frequency reduction ( = -0.33 , p < 0.01 ) ."
2,"QoL improvement involved mainly affective , emotional , and social dimensions ."
2,"Difficulties encountered were low norovirus disease rate , and inability to define illness by quantitative RT-PCR or further antibody rise in vaccinees due to high vaccine-induced titers ."
2,"In vitro , 9 of 36 ( 25 % ) Salmonella isolates were inhibited at 90 g of QBAs/mL ; all 36 were inhibited at 179 g of QBAs/mL ."
2,"Quantitatively , the senofilcon A lens was 40 % more comfortable than the lotrafilcon A lens and 65 % more comfortable than the balafilcon A lens on average ."
2,"The period of endotracheal intubation was 7.0 ( 6.8 , 9.5 ) days , and 7.7 % ( 2/26 ) patients underwent re-intubation in sequential group ."
2,"Six-month mortality was 6.5 % in the ICP group and 9.1 % in the control group ( P < 0.05 ) , and neurological outcome was better in the ICP group compared with the control group ( P < 0.05 ) ."
2,The main reason for failure was secondary caries ( 50 % ) .
2,"Oral-health-related fatalism was apparent , with 74.2 % believing that most people usually get dental problems , 58.6 % believing that most people will need extractions at some stage , and that most children eventually get dental caries ."
2,"Significantly higher concentration of systemic endotoxin , neutrophil , neutrophil-elastase , interleukin-6 and -1 , and CRP were detected intraoperatively and/or postoperatively in the ELC group of patients in comparison with the UC group ( P < .05 ) ."
2,"Forty-three patients underwent coronary artery bypass grafting ( CABG ) , 23 underwent valve surgery , 13 underwent CABG + valve surgery , 13 underwent major vascular surgery , and three underwent other surgeries ."
2,"As expected , RTL declined with increasing age in both cases and controls ."
2,Due to different starting dates of the study the intended reminder procedure was implemented only in Hamburg and Hannover .
2,The moderate-dose treatment produced weight losses similar to the high-dose condition and significantly larger than the low-dose and control conditions ( posterior probability > 0.996 ) .
2,PR severity and RV mass/volume ratio were similar between these 2 groups .
2,PI3K/Akt inhibition eliminated the protective effects of exercise training and quercetin treatment .
2,The average ( AV ) pain scores per infant after receiving injections were significantly lower when Pentavac was administered in a second place in A Group .
2,"Compared with the control diet , the high-fructose diet significantly increased IHCLs by 102 36 % and HGP by 16 3 % and decreased fasting lipid oxidation by 100 29 % ( all P < 0.05 ) ."
2,Absence of PDGFR expression correlated with longer PFS .
2,"In the IGF-1 group , 66.7 % ( 95 % confidence interval [ CI ] , 52.9-78 .6 % ) of the patients showed hearing improvement compared to 53.6 % ( 95 % CI , 39.7-67 .0 % ) of the patients in the Dex group ( P = 0.109 ) ."
2,"In contrast , the proportion of visits with VVC was similar in the intervention ( 10.4 % ) versus placebo ( 11.3 % ) arms ( RR 0.92 , 95 % CI .62 -1.37 ) ."
2,Five shoulders in the DCR+RCR group and 6 in the isolated RCR group were excluded from analysis due to loss of follow-up .
2,"Completers and dropouts were equivalent in demographics , the SWEMWBS , and the depression and anxiety subscales of the DASS-21 , but dropouts reported significantly higher levels of stress than completers ."
2,"Preoperatively but after nasoalveolar molding , the nostril width ratio was wider for the Figueroa group than for the Grayson group ."
2,The mean enhancement value of the hepatic parenchyma and the tumor-to-liver contrast of HCCs with diameters greater than 1cm in the post-contrast all phases did not differ significantly between two groups ( P > 0.05 ) .
2,"- Blockade lowered the OR for mortality significantly in patients with 3 to 4 cardiac risk factors undergoing NCS ( OR , 0.63 ; 95 % CI , 0.43-0 .93 ) ."
2,"The combined intervention effectively delayed the onset of weekly drinking in the general population of adolescents , and was particularly effective in delaying the onset of heavy weekly drinking in a higher-risk subsample of adolescents ( i.e. those attending lower levels of education and reporting higher levels of externalizing behavior ) ."
2,"Post hoc analyses indicated that there was a significant fall in ERI for patients with the highest baseline ESA resistance dialysed with the VE ( 9.28 [ 7.70-12 .5 ] versus 7.70 [ 5.34-12 .7 ] IU/week/kg / g/dL Hb , P = 0.01 ) but not the control membranes ( 9.45 [ 7.62-12 .3 ] versus 8.14 [ 4.44-15 .6 ] IU/week/kg / g/dL Hb , P = 0.41 ) ; this was not attributable to changes in CRP levels ."
2,"After each dose , grade 3 fever ( > 40.0 C , rectal measurement ) was reported for maximum one toddler in each group with no differences between investigational formulations and PHiD-CV during primary vaccination ."
2,"After adjustment for known confounders , including the frequency of intermittent self-catheterization in the postoperative period , the protective effects of cranberry remained ( odds ratio , 0.42 ; 95 % confidence interval , 0.18-0 .94 ) ."
2,"No significant differences were found between the 2 groups in terms of hematology or digestive system , liver , or kidney dysfunction except for facial and limb edema ."
2,"The postoperative voice recovery time were 7.2 days for the group of patients received conventional laryngeal microsurgery and 7.6 days for the group of patients treated with 2 W CO2 laser , which were hoch significantly different from that in the group of patients treated with 6 W CO2 laser ( P < 0.05 ) ."
2,"All patients in the r-hLH 2,750 ( 13/13 ) , 5,500 ( 12 / 12 ) , 11,000 IU ( 13/13 ) , and u-hCG 5,000 IU ( 12 / 12 ) groups ovulated ; 3/5 patients in the r-hLH 825 IU and 2/12 in the r-hLH 22,000 IU group failed to ovulate ( p = 0.105 between evaluable groups ) ."
2,Injection site erythema ( 68 % ) and induration ( 86 % ) peaked 1 week after revaccination .
2,"These effects were neutralized in subjects receiving both interventions ( OR 0.97 ; 95 % CI , 0.55-1 .71 ) ."
2,"One-month physical fatigue scores were similar in both groups ( mean : laparoscopy , 12.28 ; 95 % CI , 11.37 to 13.19 v open surgery , 12.05 ; 95 % CI , 11.14 to 12.96 ; adjusted mean difference , -0.23 ; 95 % CI , -1.52 to 1.07 ) ."
2,Reported adverse events were mild to moderate in intensity ; none resulted in discontinuation .
2,"No significant difference in visual , refractive , or topography outcomes was observed between the 2 groups at the last checkup ."
2,Overall response rate by clinical palpation was 64.5 % in all patients with a final palpation measurement .
2,"All patients had high risk for OSA , as defined by the Stop-Bang questionnaire , and the mean apnea-hypopnea index ( AHI ) was 46.930.4 / h."
2,"However , the time taken to insert the ProSeal LMA was significantly longer when the FAST technique was used ( p < 0.001 ) ."
2,"Both BIS values and OAA/S scores were lower in Group P than in Group S. Patients ' satisfaction was higher in Group P , although there was no significant difference with respect to surgeons ' satisfaction between the groups ."
2,The conversion rate from laparoscopic to open surgery was 9 % .
2,"Final analysis included 21 acute right hemisphere stroke patients with neglect ( 23 enrolled , 2 lost to follow-up ) allocated either to the treatment ( 1 week hemifield eye patching and daily sessions of optokinetic stimulation , n = 11 ) or the control group ( no neglect-specific treatment , n = 10 ) ."
2,"The intervention group had better knowledge of precautions related to taking additional acetaminophen ( usual care 18.2 % , 95 % confidence interval [ CI ] = 10.9 % to 25.5 % vs. intervention 38 % , 95 % CI = 28.3 % to 47.7 % ; difference = 27.6 , 95 % CI of difference = 21.5 to 33.7 ) and knowledge of side effects ( usual care median = 1 , interquartile range [ IQR ] 0 to 2 vs. intervention median = 2 , IQR = 1 to 2 ; p < 0.0001 ) ."
2,There were relevant differences between patients and healthy control subjects in postural sway and DTI diffusion-tensor imaging parameters ( P < .05 ) .
2,"In total , 101 patients ( 78 % ) completed questionnaires ."
2,"For every one point increase in AUSDRISK score there was a half point increase in RBGT levels ( coefficient 0.55 , 95 % CI : 0.28 , 0.83 ) ."
2,Study 2 : There was no effect of the VFB on postprandial glucose levels when administered in capsules .
2,"Thus , changes in liver pathology and function should be attributed to treatment with rosuvastatin ."
2,"The FSSG score ( mean SD at 0 , 4 , and 8 weeks ) in both the RKT ( 16.0 7.0 ; 9.9 8.4 ; 7.0 6.4 ) and PL ( 15.1 6.4 ; 10.9 6.7 , 11.1 8.5 ) groups significantly decreased after treatment ."
2,"Furthermore , this main effect was not particularly pronounced when the game was played online ."
2,"Insulin AUC ( IU/mL min ) after patients consumed the HGI-LF meal [ 65.72 ( 38.24 , 93.19 ) ] was higher than after the HGI-HF meal [ 57.24 ( 32.44 , 82.04 ) ] ( P 0.05 ) ."
2,Supplement dose and baseline 25 ( OH ) D level explained 24 % of the variability in response to supplementation .
2,"Fibrotic scars developed in 24.7 % of eyes , and nonfibrotic scars developed in 20.6 % of eyes ."
2,"Relative to placebo , subjective sexual functioning was attenuated under reboxetine along with diminished neural activations within the caudate nucleus ."
2,"Respiratory deterioration without suspected infection occurred with 34 % , and no association was identified in 13 % ."
2,"Across all studies , 757 , 198 , 454 , and 1,058 subjects were randomized to placebo or 1.5 , 6 , or 12 Amb a 1-U of MK-3641 , respectively ."
2,The MS group showed a higher incidence of hypoxaemia .
2,"The trough inhibition of cholesteryl ester transfer protein ( CETP ) activity was 65 and 84 % at 100 and 300mg , respectively ."
2,There were large discrepancies in the number of silicosis cases found .
2,The mean LOS for the standard practice cohort was 5.3 4.6 days versus calculated LOS using the PCT guidance pathway of 3.7 2.8 days .
2,The mean times to achieve an AW were longer when operators were equipped with C-PPE as compared with standard clothing .
2,"The frequencies of recurrent pleural effusions requiring reintervention were 5.88 % ( 3/51 ) , 4.35 % ( 2/46 ) and 5.26 % ( 3/57 ) , respectively , which had no significant differences between three groups ( P = 1.000 ) ."
2,Both subgroups showed significant reductions in PLT transfusions with a no-prophylaxis strategy .
2,"Hp phenotype did not significantly influence the odds of having any notch ( p = 0.32 ) , bilateral notches ( p = 0.72 ) , or a resistance index ( p = 0.28 ) or pulsatility index ( p = 0.67 ) above the 90th percentile at 17 weeks ' gestation ."
2,"Duration of the operation , incision length and hip pain occurrence were significantly less in the Gamma nail group ."
2,None of the patients in GII showed any significant improvement .
2,"However , the greatest reduction ( 80 % ) was observed when using a combination of all control measures ."
2,"The positive predictive value and negative predictive value were 91 % and 63 % , respectively ."
2,"There was no difference between the DHA and placebo groups in the rate of cone ERG functional loss ( 0.028 vs 0.022 log V/y , respectively ; P = .30 ) ."
2,"SVR12 rates were 52.8 % ( SMV12 ) and 35.8 % ( SMV24 ) for prior non-responders , and 95.9 % for prior relapsers ( SMV12 ; p 0.0001 vs null hypothesis , respectively ) ."
2,"At baseline , the greater the desire to quit and one 's expectations of success , and the lesser the educational level , the more likely participants were to have a quit forever goal ."
2,Adverse reactions had nothing to do with CM treatment .
2,"Lactobacillus reuteri reduced mean hospital stays ( 4.31 1.3 days versus 5.46 1.77 days , p < 0.001 ) ."
2,Primary outcome data were available for 1308 ( 96 % ) children .
2,Budesonide transnasal nebulization consistently reduced eosinophil infiltration and TH2 cell frequency and increased natural regulatory T-cell and type 1 regulatory T-cell frequencies .
2,Thirty-four percent of patients had baseline symptoms .
2,Only dogs with GER in Group S had significantly lower pH at the end compared to the beginning of anesthesia ( p = 0.004 ) .
2,"Within the MRD intermediate-risk group , iAMP21 cases ( n = 27 ) had a worse 8-year EFS ( 56 11 % vs. 78 2 % , p = 0.0077 ) and CIR ( 44 11 % vs. 20 2 % , p = 0.003 ) with 6/10 relapses occurring after 2 years ."
2,"While the majority of values for IL-1 , granulocyte-macrophage colony-stimulating factor , and tumor necrosis factor fell below the limit of quantification , univariate analysis demonstrated higher plasma levels of IL-6 and IL-8 in nonsurvivors on Day 7 ."
2,"Mortality rate was 12.8 % and 14.6 % in PCI and CABG patients , respectively ( hazard ratio , 0.88 [ 95 % confidence interval , 0.58-1 .32 ] ; P = 0.53 ) ."
2,"Following 12 weeks of training , there were no significant differences in the main measured outcome variables between RT and RTS ."
3,Our data did not show a significant improvement in overall survival with immediate versus deferred chemotherapy after radical cystectomy and bilateral lymphadenectomy for patients with muscle-invasive urothelial carcinoma .
3,"Higher PaCO2 was an independent predictor of sIVH/death , BPD/death and NDI/death ."
3,N-acetylcysteine treatment during therapy facilitates long-term application of behavioral therapy techniques once patients are in the community after therapy has been completed .
3,Accompanying routine acupuncture with time method acupuncture can enhance the efficacy of treatment and the persistence of its benefits in individuals with cLBP .
3,Slight differences were seen among the reconstruction algorithms .
3,( Metabolic Efficiency With Ranolazine for Less Ischemia in Non-ST Elevation Acute Coronary Syndromes ; NCT00099788 ) .
3,"Post-ICU hospital-based rehabilitation , including increased physical and nutritional therapy plus information provision , did not improve physical recovery or HRQOL , but improved patient satisfaction with many aspects of recovery ."
3,"Participants preferred to sleep with their arms beside their bodies , not with their arms in a crucifix position as commonly advocated ."
3,"The FOSQ and SAQLI are responsive to CPAP intervention , with the FOSQ being more sensitive to differences in CPAP adherence than the SAQLI ."
3,10 % Chlorhexidine was highly effective in high risk participants with more than two cavities at the initial examination .
3,"In patients with longer cardiopulmonary bypass times , a single intravenous bolus of CsA administered prior to CABG surgery reduced the extent of PMI ."
3,"Although behavioral and technological interventions can result in some modest improvements in glycemic control , these interventions did not fare significantly better than usual care in achieving glycemic control ."
3,These effects do not appear to explain the glucose-lowering effect of rosiglitazone .
3,No difference in incidence of UTI was found in residents with low UTI risk .
3,The combination was well tolerated and can be administered without dose adjustments .
3,This trial was registered at clinicaltrials.gov as NCT02100774 .
3,"The rates of infection , rash , and abnormalities on liver-function testing were higher with daclizumab HYP than with interferon beta-1a ."
3,These data demonstrate that the acarbose/metformin FDC is bioequivalent to the loose combination of these agents .
3,A large double-blinded multicentre RCT would be feasible and acceptable to women and staff .
3,"The 4F-PCC dose-dependently reversed the effects of edoxaban ( 60 mg ) , with complete reversal of bleeding duration and endogenous thrombin potential and partial reversal of prothrombin time following 50 IU/kg ."
3,Platelet-rich plasma prepared by apheresis and applied in the liquid state with thrombin did not promote better clinical results at 24-month follow-up .
3,"Propofol and isoflurane exert similar adverse effects on RT , psychomotor coordination , and visual memory ."
3,"However , US is associated with improved efficiency ( decreased performance time and fewer needle passes ) ."
3,Clinical benefit was lower in patients with de-novo Thr790Met and exon 20 insertion mutations .
3,"In this population , BRCA-1 methylation was associated with a significant decrease in DFS events suggesting a better prognosis and potentially retained activity of DNA-damaging agents ."
3,"This study provides evidence for the improved efficacy of high-dose melphalan plus salvage ASCT when compared with cyclophosphamide in patients with relapsed multiple myeloma eligible for intensive therapy , which might help to guide clinical decisions regarding the management of such patients ."
3,"Preoperative targeted therapy of advanced BRAF-mutant melanoma is feasible , well tolerated , induces brisk tumor responses , and facilitates correlative science ."
3,The ocular vestibular-evoked myogenic potential ( oVEMP ) test yields the same information as the rotational test in sleep-deprived subjects as evidenced by increased vestibulo-ocular reflex ( VOR ) asymmetry .
3,Assay sensitivity was confirmed with moxifloxacin as an active control .
3,"As afatinib is not a relevant modulator or substrate of cytochrome P450 enzymes , the drug-drug interaction potential is considered to be low ."
3,It was shown that students in the open discussion group had better MCQ and MEQ scores than those in the lecture group .
3,Monotherapy with amikacin as an empirical antibiotic did not result in a higher incidence of treatment failure in neonates at risk for early-onset sepsis as compared with piperacillin-tazobactum .
3,Consequently physical activity behaviour outcomes in trials will not be biased by the season in which they are measured .
3,The pharmacogenetic findings also implicate the kainate receptor in the mechanism of topiramate 's effects on heavy drinking .
3,Further studies are necessary to determine the appropriate flow rate and indications for NHF in obese patients .
3,"Moreover , future research should consider investigating factors predicting individual response ."
3,High SOC scores were good predictors of successful lifestyle change in subjects at risk of type 2 diabetes .
3,"The findings will be of interest to programme implementers , policy makers and evaluation researchers working in the development , education , and sexual and reproductive health fields ."
3,Undertaking 12-month trial follow-up will allow us to evaluate the long-term effect of the intervention .
3,Biologically relevant differences in methylated targets were found to discriminate locally advanced from early anal cancer .
3,Short-term use of CTM compared with radiant warmers and other modes of warming is non-inferior to SoC and efficacious in maintaining body temperature .
3,"Consistent with the hypothesis that ALS is a multisystem disorder , this deficit is related to disease in prefrontal regions ."
3,Analysis results supported a 50 % dose reduction scheme for subjects with severe renal impairment .
3,"Although oral midazolam reduces preprocedural anxiety , it does not reduce pain or anxiety with uterine aspiration during first-trimester surgical abortions ."
3,"Treatment of active acne with the 1,550-nm erbium glass laser is effective ."
3,"Reduced fat mass may place the intervention group at a lower risk of obesity-linked sequelae , a hypothesis that can be tested by future studies of this cohort ."
3,"Although the rate of IBTR in the intraoperative radiotherapy group was within the prespecified equivalence margin , the rate was significantly greater than with external radiotherapy , and overall survival did not differ between groups ."
3,"Cinitapride usage is well tolerated , but its cardiovascular events need further evaluation ."
3,A responsive stimulation intervention can promote positive caregiving behaviors among impoverished families .
3,Similar rates of surgical success were observed with both implants at 5 years .
3,Frequent exercising and bracing seems effective long-term prevention advices in recurrent LBP .
3,A combination BRSV vaccine administered intranasally to young calves induced protective immunity in the presence of maternal antibodies .
3,The use of the heating device upon administration of short-acting insulin analogues in pump-treated type 1 diabetic patients was found to enhance insulin absorption .
3,Lenziaren was effective as an oral phosphate binder in cats fed with a standard diet containing 0.2 % phosphorus .
3,This pilot study provides preliminary evidence for integrating error management skills into medical curricula and for the design of learning goals in simulation-based education .
3,"Accelerometer data did not show significant changes in actual amount of arm-hand use after task-oriented training , with or without robot-support ."
3,A 12-week RTP improved MVIC and muscle power in MS patients .
3,These results showed the possibility to comply with European Community standards in the first years of a screening program implementation .
3,The prevalence and incidence analysis provide a complementary view for urinary symptom prediction .
3,Overall the clinical performance of Vitremer was better than Ketac molar and is to be considered as a preferable material for restoration of primary molars .
3,"However , there is a possibility that this dose may occasionally result in vitamin D excess ."
3,In another study a new concept allowing a rapid pathology review before randomization of patients has now been successfully tested and it may well have potential to form the basis for modern networking consultation pathology .
3,"Moreover , it will assess the risks associated with this procedure ."
3,"Gender differences in the physiological response to spinning ( body temperature , mean blood pressure and heart rate ) can be explained in part by the distinct physical characteristics of each individual ."
3,"Objective study of occupational health activities and measures were enabled by devising methods and procedures , e.g. , applying the waiting-list method for the control group ."
3,This study represents a first approach to the application of a passive relaxation technique in residential programs for the elderly .
3,"When the adoption of optimized CFRs is constrained by economic access for or acceptability of nutrient-dense foods , other strategies need to be incorporated into interventions to ensure adequate intakes of these nutrients ."
3,"Pregabalin at doses up to 10 mg/kg/day in children aged 1 month to 16 years , and at doses up to 15 mg/kg/day in those aged < 6 years , demonstrated acceptable safety and tolerability ."
3,A better understanding of extrarenal potassium homeostasis will provide an opportunity to use this drug more safely in patients with diabetic nephropathy as well as other patient populations .
3,"These results are exploratory and are not intended to guide clinical decision-making , but rather offer a potentially useful strategy in the design of larger trials of IPS ."
3,Weekly measurements of liver function tests may be necessary for early detection of adverse events .
3,Cerebral oxygenation is significantly improved during BCP surgery when ventilation is adjusted to maintain E ' ( CO ) at 40-42 mm Hg compared with 30-32 mm Hg .
3,"Longer duration of diabetes is associated with brain volume loss , particularly in the gray matter , possibly reflecting direct neurologic insult ; biochemical measures of glycemia were less consistently related to MR imaging changes ."
3,"No major clinical differences were observed with regard to implant survival , complications and marginal bone level changes when loading single implants immediately , early or conventionally ."
3,"PUFA requirements of children with SAM are not met by current formulations of RUTF , or by an RUTF with elevated short-chain n-3 PUFA without additional preformed long-chain n-3 PUFA ."
3,"Future investigations will be needed to determine the full effects of the Imagine HEALTH intervention on insulin resistance , stress , and stress biomarkers ."
3,Those with a lower educational level and a higher level of obesity were more likely to drop-out .
3,We suggest that one definitive local treatment modality combined with neoadjuvant chemotherapy is adequate to treat resectable stage IIIA/N2 non-small-cell lung cancer .
3,"Furthermore , higher baseline HIV RNA and lower creatinine clearance were associated with the development of renal insufficiency requiring treatment modification ."
3,"Calcitriol has apparent beneficial effect on acute cellular rejection of liver transplants , which may be associated with increases in the proportion of circulating Treg cells ."
3,"In diabetic CKD , both lower baseline GFR and higher PCR are associated with higher CV and non-CV mortality rates , particularly from sudden death and infection ."
3,Early diagnosis and treatment did not prevent ASD as an outcome of IS .
3,PCB may produce positive vessel remodeling .
3,This lack of benefit can probably be attributed to the rapid availability of fluids and emergency OR at this trauma center .
3,Meropenem at 1000mg over 30 minutes achieved a similar % TMIC to meropenem at 500mg given over 3 hours .
3,Cash incentives might increase participation rates in face-to-face surveys in China .
3,A larger-scale trial is needed to replicate these findings and further understand the mechanisms of change .
3,"Bourdas DI , Tsakiris TS , Pavlakis KI , Triantafillou DV , Geladas ND ."
3,"Furthermore , optimally programmed AVD reduces BNP and improves exercise tolerance and functional class ."
3,"The results suggest that there is an increased risk of postdischarge NM-PO among injured patients with at-risk drinking , particularly among those with a recent history of drug use or NM-PO ."
3,"ICS discontinuation after 30 months in COPD can worsen lung function decline , AHR , and QOL during 5-year follow-up ."
3,"The time of the pain beginning was 8.31 4.58 min in the treatment group and 7.10 3.54 min in the placebo group , which was not significantly different ( P = 0.266 ) ."
3,"The integrated Chinese and western medicine of acupuncture , HBO and cognitive rehabilitation training is safe and effective in the treatment of cognitive impairment in earthquake brain injury ."
3,"Dietary EPA augments skin EPA : AA content , shifting eicosanoid synthesis towards less pro-inflammatory species , and promoting a regulatory milieu under basal conditions and in response to inflammatory insult ."
3,"Trial design , protocol specification , training , and continuous supervision led to a high degree of treatment fidelity for the counseling interventions in this randomized clinical trial and will increase confidence in the interpretation of the trial findings ."
3,Instructor feedback during proficiency-based laparoscopic simulator training does not affect the long-term retention of skills .
3,"The PDE-5 inhibitor improves quality of life and urinary symptoms in patients with LUTS suggestive of BPH , but does n't have any significant effect on Qmax and RUV ."
3,The choice of their application could be left to the discretion of the ophthalmologist .
3,Chinese herbal fomentation might be an effective treatment for chronic neck pain .
3,"This was evident by increased expression of Th1 cytokines ( INF - , IL-2 ) and the ratio of Th1/Th2 ( INF - / IL-4 , IL-2 / IL-5 ) , as well as by decreased FACT-L scores and the expression of Th2 cytokines ( IL-4 , IL-5 ) ."
4,"The vaginal microbiota may play a role in mediating susceptibility to sexually transmitted infections , including Trichomonas vaginalis ( TV ) ."
4,Animal data and in vitro studies suggest that prucalopride also affects gastric and esophageal motor function .
4,Sclavo Vaccines Association and Regione Toscana .
4,"Most patients in whom recurrent cervical cancer develops have previously received cisplatin with radiation therapy , which reduces the effectiveness of cisplatin at the time of recurrence ."
4,"Warfarin is the most widely used oral anticoagulant worldwide , but serious bleeding complications are common ."
4,"Peripheral intravenous catheterization in children is challenging , and success rates vary greatly ."
4,"Dietary patterns that are considered healthy ( eg , the Dietary Approaches to Stop Hypertension diet and Mediterranean diet ) may be more successful in reducing typical cardiovascular disease risks compared to dietary patterns considered unhealthy ( eg , energy-dense diets such as the typical American diet ) ."
4,Xuezhikang ( XZK ) is an extract of fermented red yeast rice that has lipid-lowering properties .
4,There are currently no agreed strategies for vitamin D replenishment after hip fracture surgery .
4,DNA methylation has been linked to many important biological phenomena .
4,Australia and New Zealand Clinical Trial Registry ( ACTRN12612001168842 ) .
4,"The aim of this trial was to compare the effects of resistance training versus passive physical therapy on quality of life ( QoL ) , fatigue , and emotional distress outcomes during radiation therapy in patients with spinal bone metastases under radiotherapy ( RT ) ."
4,German Cancer Aid ( Deutsche Krebshilfe ) .
4,Adenosine is the first-line medication in patients with paroxysmal supraventricular tachycardia .
4,So far there is no evidence whether oral beta-blockers may reduce myocardial injury after coronary artery bypass grafting .
4,The aim of the present study was to evaluate the long-term effect of MBP regarding cancer recurrence and survival after colonic resections .
4,Disposable electrocardiographic lead wires ( ECG-LWs ) may not be as durable as reusable ones .
4,"ISRCTN99175498 FUNDING : The trial is supported by the Medical Research Council , the Wellcome Trust , National Health Service R&D support funding ( including the Primary Care Research and Diabetes Research Networks ) and National Institute of Health Research under its Programme Grants for Applied Research scheme ."
4,Ready-to-use supplementary food ( RUSF ) made of locally available food ingredients can improve micronutrient status and growth of children .
4,"UK National Health Service Blood and Transplant Research and Development Programme , Pfizer , and Novartis UK ."
4,Haemodialysis patients suffer from accelerated vascular calcification .
4,The objective of this study was therefore to investigate the therapeutic use of the nociceptive withdrawal reflex to support gait training in the subacute post-stroke phase .
4,"In the last 2 decades , the effectiveness of cricoid pressure ( CP ) in occluding the esophageal entrance has been questioned ."
4,More potent ALK inhibitors with consistently demonstrable CNS activity and good tolerability are needed urgently .
4,Many hospitals acute care have begun to restrict visitors and nonessential health team interventions during specific times despite the lack of experimentally designed studies .
4,A preliminary report showed that autologous blood is an effective and easily applicable technique that can control actively bleeding gastroduodenal ulcers .
4,This discrepancy is known as Developmental Disregard ( DD ) .
4,"The J-START was registered with the University Hospital Medical Information Network Clinical Trial Registration ( UMIN-CTR ) , Japan ( registration number : UMIN000000757 ) , on July 1 , 2007 ."
4,There is increasing evidence that measurement of central aortic pressure ( CAP ) better accounts for cardiovascular risk than brachial blood pressure ( BP ) .
4,The primary aim of the study is to evaluate the effects of this tailored implementation intervention on general practitioners ' adherence to guidelines .
4,"Protein is indispensable in the human diet , and its intake appears tightly regulated ."
4,Introduction of calcineurin inhibitors had led to improved survival rates in liver transplant recipients .
4,The results of low-tube-voltage coronary CT angiography ( CCTA ) performed on 320-row scanners have not been adequately assessed .
4,"Swallowing problems following stroke may result in increased risk of aspiration pneumonia , malnutrition , and dehydration ."
4,"Also , no studies have attempted to determine otoscopy skills among audiology students ."
4,Traditional Chinese medicine ( TCM ) has accumulated some experience in curing stable angina pectoris ( SAP ) and efficacy has been demonstrated .
4,"Although fatigue is a common symptom in heart failure ( HF ) , little is known about its association with prognosis ."
4,"We assessed the safety and efficacy of peginterferon beta-1a after 48 weeks of treatment in the placebo-controlled phase of the ADVANCE trial , a study of patients with relapsing-remitting multiple sclerosis ."
4,"Additionally , it was investigated if cheek cell FA composition correlates with the FA composition of plasma , red blood cells ( RBC ) and peripheral blood mononuclear cells ( PBMC ) before and during both interventions ."
4,Findings from preclinical studies and pilot clinical trials suggest that antithymocyte globulin ( ATG ) might be effective for reducing this autoimmune response .
4,These individual barriers might be addressed though patient navigation interventions .
4,"We hypothesised that deep-fried Mars bar ingestion would impair cerebrovascular reactivity , which is associated with increased risk of ischaemic stroke ."
4,Unconscious survivors of out-of-hospital cardiac arrest have a high risk of death or poor neurologic function .
4,"Patellofemoral pain syndrome ( PFPS ) is a common musculoskeletal condition , particularly among women ."
4,Post-concussion syndrome is associated with significant disability in the child and his/her family and yet there are no evidence-based medical treatments available .
4,"Preclinical studies show that the opioid antagonist naltrexone ( NTX ) can block this cascade , but its ability to do so in treatment-seeking alcoholics has not been examined ."
4,Antidepressants are often the first-line treatment for depression in primary care .
4,"However , users experience fatigue due to exposure to flickering stimuli ."
4,"Pulmonary rehabilitation ( PR ) is a multidisciplinary program of care for patients with chronic obstructive pulmonary disease ( COPD ) with the goal of improving the functional capacity and quality of life , as well as maintaining the clinical stability of COPD sufferers ."
4,Atherosclerosis is a postprandial phenomenon .
4,Calcium intake during growth is essential for future bone health but varies widely between individuals and populations .
4,We investigated the impact of different group sizes on the outcome of resuscitation training .
4,This paper identifies factors that could enhance participation of the target population in future interventions .
4,"However , optimal settings remain unclear ."
4,"`` Practice effects '' ( PE ) , or performance improvements due to prior exposure to testing , are known to confound cognitive test results , particularly when short intervals occur between two test sessions ."
4,Blood collection through intravenous lines frequently causes spurious hemolysis .
4,The primary outcome is level of depression at 6 months assessed using the patient health questionnaire-9 ( PHQ9 ) depression scale .
4,"Intermittent normobaric hypoxia training , an alternative to altitude training for athletes , may be beneficial to treat overweight and obesity ."
4,Whether this occurs with all PPIs is a matter of debate .
4,Treatment aimed at slowing down the progression of DN is available but methods for early and definitive detection of DN progression are currently lacking .
4,The overuse of antimicrobials is recognized as the main selective pressure driving the emergence and spread of antimicrobial resistance in human bacterial pathogens .
4,Date 22nd July 2011 .
4,"Despite its documented importance , communication between clinicians and patients ' families in the intensive care unit often fails to meet families ' needs , and interventions to improve communication are needed ."
4,Two of the more common methods of pain management after TKA are peripheral nerve blocks and intraarticular/periarticular injections .
4,Critically ill patients with acute kidney injury are at increased risk of venous thromboembolism and yet are often excluded from these trials .
4,"To actually change physicians ' practice , a tailored strategy aimed at barriers that hinder physicians in abandoning the use of erythropoietin and perioperative blood salvage was systematically developed ."
4,This study was conducted to answer this question .
4,Netherlands Trial Register NTR2199 .
4,"Little is known about the effect of specific anti-interleukin-23 therapy , as compared with established anti-tumor necrosis factor therapies , for the treatment of moderate-to-severe plaque psoriasis ."
4,http://clinicaltrials.gov/NCT02213601 .
4,The authors aimed to assess the effect of lower extremity nerve decompression surgery for painful diabetic polyneuropathy on pain and sensibility .
4,Predictive low glucose management ( PLGM ) may help prevent hypoglycemia by stopping insulin pump delivery based on predicted sensor glucose values .
4,Comparing individuals with SIS to those without shoulder pathology may provide information on the effects of TSM specifically in those with SIS .
4,"Secondarily , the trial aims to determine whether inpatient rehabilitation yields superior recovery in patient-reported function ."
4,The randomized Nordic Stent Technique Study showed similar 6-month clinical and 8-month angiographic results with the crush and culotte stent techniques of de novo coronary artery bifurcation lesions using sirolimus-eluting stents .
4,Knowledge among critical care nurses and their adherence to evidence-based guidelines for preventing ventilator-associated pneumonia is reported to be low .
4,"Previous trials have shown less short-term recurrence with mesh , but adverse outcomes limit mesh use ."
4,Several studies indicate that increasing the alimentary limb length in gastric bypass surgery produces only a minor improvement of excess BMI loss .
4,"Early risk-stratified chemotherapy is a standard treatment for breast , colorectal , and lung cancers , but not for high-risk localised prostate cancer ."
4,Little is known about the impact of coronary calcification on outcomes after PCI for patients presenting with non-ST-segment elevation and ST-segment elevation ACS .
4,NCT01303614 .
4,"Adverse events ( AEs ) , defined as unintended patient harm related to healthcare provided rather than an underlying medical condition , represent a significant threat to patient safety and public health ."
4,Cystic fibrosis is a life-limiting disease that is caused by defective or deficient cystic fibrosis transmembrane conductance regulator ( CFTR ) protein activity .
4,"The primary objective of this study was to assess the effect of teduglutide on gastric emptying of liquids in healthy subjects , as measured by the pharmacokinetics of acetaminophen ."
4,ClinicalTrials.gov : NCT01654341 .
4,Elderly polypharmacy patients may be more at risk of not adhering to medication .
4,"In this study , autologous platelet-rich plasma ( PRP ) , a concentrated bioactive blood component rich in cytokines and growth factors , was compared to traditional cortisone injection in the treatment of chronic cases of plantar fasciitis resistant to traditional nonoperative management ."
4,Research shows that many relatives remain unaware of relevant genetic information and the possible impact on their own health .
4,"Centre for Clinical Research and Biostatistics , http://www.cct.cuhk.edu.hk/Registry/publictriallist.aspx , CUHK_CCT00291 ."
4,Several randomized controlled clinical trials of PTA balloons coated with different formulations of paclitaxel have been conducted in Europe ( N Engl J Med 2008 ; 358:689 -699 ) ( Circulation 2008 ; 118:1358 -1365 ) ( Circ Cardiovasc Interv 2012 ; 5:831 -840 ) ( JACC Cardiovas Interv 2014 ; 7:10 -19 ) and demonstrated more durable efficacy than PTA with comparable safety .
4,"Standard Trauma Focused Cognitive Behavioral Therapy may be insufficient for children traumatized by exposure to interparental violence , given the pervasive impact of interparental violence on the family system ."
4,"The objectives were to determine whether pulmonary rehabilitation increased physical activity as assessed by the International Physical Activity Questionnaire ( IPAQ ) , and improved quality of life and symptoms as assessed by the St George respiratory questionnaire for IPF ( SGRQ-I ) and the Borg dyspnea index ( BDI ) ."
4,We investigated whether offering HPV DNA self-collection during routine home visits by community health workers could increase cervical screening .
4,Neuroplasticity drives recovery of walking after a lesion of the descending tract .
4,Pregabalin may be an effective alternative .
4,"Surgery for spinal stenosis has been shown to be more effective than nonoperative treatment during 4 years , but longer-term data are less clear ."
4,ClinicalTrials.gov NCT00746031 .
4,"UMIN000014559 , UMIN Clinical Trials Registry , registered on 15 July 2014 ."
4,"We investigated the efficacy and safety of three doses of tiotropium , administered in the evening ( via Respimat ( ) SoftMist inhaler ) , versus placebo in asthmatic adolescents symptomatic despite ICS treatment ."
4,Treatment with rituximab may be accompanied by a systemic cytokine release .
