class,text
0,my only significant complaint is sound quality . 
0,this unit was working fine for the 1st month and a half and then the color signal disappeared . 
0,"also , the carrying case that came with mine covers up the display , so even though the side controls are reachable , i have to open it up to see the display . "
0,But those 2 come up every time.
0,it sometimes takes the picture at some indefinite period of time after you press the shutter button . 
0,But those 2 come up every time.
0,"it does n't have firewire , not a real complaint since most windows users do n't generally have firewire cards themselves . "
0,5 . the zen does not have a stop button ! 
0, The stand is by far the most inferior aspect of this monitor .
0,"their network coverage is very sporadic , and the network always seems overloaded , resulting in very unpleasant calling experience . "
0,"It had issues right off the bat, with freezing up, staying in 'SHUTTING DOWN' mode, and just not functioning very well in general. "
0,Now it will start smelling if you leave it with diapers in it for an extended period but all of them will!
0,"The touch-pad would be a great thing if it worked well, and as I never had issues getting songs transferred to the player, I did have problems accessing them from the player.   "
0,"I'm giving it 1 star because as compared to other Nokia phones , its a 1 , compared to other blunders by other companies (such a samsung and motorrola) it might be good .... but if you're getting a Nokia , don't get this one ."
0,the scroll bar is a bit of a pain . 
0,"But, sometimes, if the Champ is too full, the flip handle won't function."
0," However , since I am in an office , I normally keep them at a pretty low volume , and at low volumes , they sound a little weak ."
0, The remote control and reciever not so good .
0,my biggest complaint is the battery life or lack there of . 
0," You can also use a 6v DC power supply -LRB- not included -RRB- Cons : - Bad Instructions ; like many products of this type the instructions manual is lacking and , in this case , erroneously lists the power requirements as AC when it should be DC ."
0,I gave up and got a diaper Dekor.
0,the headphone jack seems to be a major problem . 
0,"I thought given all the ""10"" reviews about this camera that I would buy it in spite of being a bit pricey. "
0,this item broke just two weeks after i gave it to my kids for christmas . 
0,"STYLING/ERGONOMICS: The keys are small, which generally doesn't bother me if they are spaced because I can employ a little 'Braille,' but the keys run into each other, so careful attn. must be paid when dialing."
0,"The adjustment knob seemed ok, but when lowering the router, I have to practically pull it down while turning the knob."
0,"after years with that carrier 's expensive plans and horrible customer service , portability seemed heaven-sent . "
0,"I have used Norton for the past 5 years and for the last 2 years, the software has gotten more and more disgraceful."
0,"yeah i agree the earbuds are pretty crap , replace them . "
0,"well , within 45 days the video output quit working ( both rca & optic ) . "
0," There isn't much features on the iPod at all, except games."
0,I was some what sceptical when I seen the price deference between the other makers of comparible HP.
0,"Shortly after I brought it, the plunging shafts started sticking."
0,Video recording is limited at just 9 seconds.
0,"in addition , it only seems to work if you 're about five feet away from the player , although that may have been just the batteries that came with it . "
0,"The phone does not have an Mp3-player, FM radio, 200k+ color screen, megapixel camera, quad band, PDA, photo editor."
0,unit worked great for 3 weeks then video output failed . 
0,"If you are already using a previous version of nortron security and unistalled it to install the new version, you will still have all kind of problems in installing the new version on your system!"
0,The pluger gets stuck & you have to manually extract the mess.
0,"First of all, I've never been big on earbuds - they're just not that comfortable."
0,"4 .the zen * stores * data files , but does not allow a folder structure nor does it allow documents to be opened or programs to be launched from its disk ( they must be copied to another hard drive to be launched ) . "
0,1 ) a spare battery would have been great . 
0, I gave up after several attempts to contact dlink support .
0,"in fact , each of my creative mp3 players had software problem in the first place . "
0,i have windows xp pro and when installing the enclosed software i did receive a message that there was a problem installing the driver . 
0,Even the instruction booklet is out of order.
0,i did not managed to make creative nomad explorer to work . 
0,* scroll button more cumbersome than on earlier models . 
0,Norton online support does not even acknowledge this problem nor does the computer company that preloaded it on our new computer.
0,"the zoom goes up and down in magnification , which is nice , but there is always a display of the zoom size about one-quarter of the way down from the top of the screen that interferes with viewing at most settings . "
0,"The major reasons I didn't give it a five are:  One, I didn't think the fine adjustment worked well."
0,"even after reading some of the instructions , it 's still hard to figure out . "
0,the vibration is not top . 
0,"-- > does not recognize player at random times , despite being connected and displaying player 's library . "
0,"I then tried to set up the router through Linksys's browser interface, but as the only instructions available tell you to use the installation CD, I had little luck - I did manage to connect briefly, but the connection kept dropping, and with no idea of how to resolve THAT issue, I gave up.   "
0,the included earbuds were uncomfortable . 
0, LOOKS AND DURABILITY: I realize many people are fond of the minimalist white interface.  
0,always carried it in a case in by briefcase but one day the hard drive just zapped . 
0," However, the battery life isn't as good as I would like. "
0,"it would either not play the song at all , or skip wildly , no matter that the unit was resting on my desk . "
0,the 6610 has the radio function which is utterly useless . 
0,"I had a lot of problems setting it up, since the software given along with it is buggy. "
0,My only complaint and the reason I gave it 4 stars instead of 5 is that the on-camera controls aren't as intuitive as they should be.
0,"After 10 years, I now downloaded McCaffee's product after calling their support....they answered quickly, and for free, and were very helpful."
0,"As a computer, or PDA its weak since the screen, while large by phone standards, is still tiny to really do anything on."
0,It is hot enough to be annoying.
0,fm receiver - it has none . 
0,"That is, you cannot access the internet at all.  "
0,"software - music match jukebox is n't the greatest , the search funtion is n't fast even when accessing it with the hotkey shortcut . "
0,"I have read the installation instructions for both NIS 2004 and NAV 2004 prior to installation, but still ended up with the same result...junk software."
0,"It barely holds anything and mine just puts a bunch of thread fuzzies all over the player, because the bag is cheap and seems to be coming apart.  "
0, *The ipod is overly sensitive to just about everything and gets scratched easily. 
0,"little to no networking experience, just in case the automatic CD method has issues.  "
0,"Also, when I dial an ""800"" number like an airline, it will not allow me to use number keys to navigatee the prerecorded menu."
0,"When I purchase software, I NEVER want to have to spend hours looking up solutions to my install problems -- in particular solutions that involve manually setting driver preferences or editing the registry!"
0,this is ridiculous . 
0, The customer support is very rude .
0,"The headphone jack gave out after only a couple weeks of use, and the stock earbuds were replaced same day with some high end sony's I'd been having. "
0,seems it is always difficult to press to make a selection . 
0,what the hell is wrong with this thing . 
0,it is embarassing getting phone calls from family members telling you that the dvd player you gave them less that 3 months ago is no longer working . 
0,"i tried calling the support number for a week , several times a day , and always got a busy signal . "
0,"2 ) having unfilled id3 tags will cause music to be potentially placed in a folder called "" unknown . "" "
0,  Cons Breaks easily. 
0,"however , my hard drive did fail , and i have not dropped it once . "
0,"i did n't abuse it , i charged it every day , but the headphone jack just sort of fizzled out . "
0, - Ported sub woofer not appropriate for this set up .
0,Also as someone who at least knows a little bit about the technical work of taking a photo i really miss having manual controls. 
0,some dvd 's i rented would not play . 
0,This is not an enterprise piece of hardware that you will find in an office or corporate environment. 
0,will never purchase apex again . 
0,"Personally, I may never buy Symantect products again."
0,The plunge action isn't smooth unless you make it so.
0," However, the battery life isn't as good as I would like. "
0, Paid more than what amazon is currently selling this router at -LRB- price depression due to poor quality no doubt -RRB- and expected to get a good quality product ... these random disconnects kills it for me .
0," I deducted a star because , when I put my iPod and iPad on full volume , the speaker 's bass began to completely ruin the sound ."
0,"My biggest concern is that I have found Nokia phones lower quality construction to lead to lower prices, but they also don't last as long."
0,These people takes lest effort to process rebate forms.
0,"It had issues right off the bat, with freezing up, staying in 'SHUTTING DOWN' mode, and just not functioning very well in general. "
0,You must keep double checking depths.
0,"one still works fine , the other quit after one day . "
0,"The program brings more problems than a virus, albeit not as major problems, just not what you expect for 70 bucks."
0,Just don't get drawn into T-Mobile's catchy rebate.
0,I did see the review here and other places about a cracked LCD screen. 
0,"Unfortunately, Linksys does not write the best documentation.  "
0,"This camera uses a lithium battery, I find lithium batteries to be highly inconvenient; because what if you are on vacation, where the nearest place to buy batteries is just a gas station--there is no way that you are going to find lithium batteries there."
0,the front cover can pop off easily but i always have mine in the case so i did n't notice after first day . 
0,the sound is not loud enough when i play back the video clips on the camera. 
0,The phone must be shut down & taken apart to change the memory card... and turning the phone back on takes a little while.
0,Norton online support does not even acknowledge this problem nor does the computer company that preloaded it on our new computer.
0,"to my amazement , even that process was error-prone . "
0,"I haven't seen any problems yet, but if you don't like to tinker a bit, this player can be a little challenging to set up.  "
0,Still has terrible software.  
0,the colors on the screen are not as crisp as i 'd have liked them to be . 
0,what the hell is wrong with this thing . 
0,"No problems now, just a sickly disappointment in the way Norton has abandoned thier customers."
0," -LRB- yeah , like you 'll use a new , very expensive dsl modem as dumb bridge -RRB- I returned the Item and got a linksys dsl modem instead ."
0,"Still, that's enough time that I'm still satisfied, if a bit grouchy with Creative's overhyped promises.    "
0,2 the battery life seems to be on the short side but adequate for most situations . 
0," Unfortunately , the installation software crashed several times and I had to reboot my Vista PC at least twice -- not fun ."
0,the second lasted about two weeks before the video went out ! 
0,many of our disney movies do n't play on this dvd player . 
0,"one beef is the scroll , it does n't work as well as i 'd like . "
0,"The only problem I had was a few components didn't quite load correctly upon startup, but a reboot fixed the problem."
0,"well , within 45 days the video output quit working ( both rca & optic ) . "
0,"but with a low price , comes lower quality . "
0,one of the dvd 's i received as a christmas present kept freezing . 
0,"otherwise , it is difficult to figure out and awkward . "
0,"The iPod mini is smaller and sexier, albeit limited in supported formats and the Rio Karma is a far better value.  "
0,But my biggest gripe is still the extremely ugly design.  
0,My old Sony Ericsson T610 has this feature.
0," What I do n't like is that at lower volume music listening , tonal qualities are very poor ."
0,"feedback on creative 's product support is universally poor ; this is not limited to the zen , it applies to all the company 's products . "
0,"the zoom goes up and down in magnification , which is nice , but there is always a display of the zoom size about one-quarter of the way down from the top of the screen that interferes with viewing at most settings . "
0, Last night I needed to reset the router .
0,"6 . the zen nx battery requires the ac adapter to recharge ; it does not charge by usb cable ; this is not tragic , but usb recharging would be a convenient ( additional ) choice . "
0,"However, Symantec has taken a significant turn for the worse with this release."
0,"If you've been listening to cd's in your car for awhile, dealing with the drop-off in sound quality may take some getting used to. "
0,"It's too bad, though, that !"
0,"2 the camera is so small that when you attach some lenses i have the 19mm wide-angle -- wc-e 68 , the optical viewfinder is partially obscured . "
0,"f ) it doesnt look pretty -- spending this kind of cash , you want something that has the asthetics bit down , of course "
0,"Though nearly a dozen different people at both T-Mobile and Nokia have told me otherwise, it is simply not possible to use this phone as a Bluetooth modem for the vast majority of PDAs and many other devices."
0,All the camera's functionality is only available (or selectable) when the screen is functional.
0,"3) The lack of an intermediate resolution setting, as other reviewers have suggested, is a problem, but that problem is meaningless with a larger CompactFlash memory card"
0,The only thing I don't like is the small size (8 MEG) memory card that comes with it.
0,"After reading reviews of LCD problems, cracked, black blobs etc, I figured that it was probably a very limited problem. "
0,This product has virtually all the same installation problems.
0,"Even when I set it to low, it's still very hard for me to adjust the player to where and what I want it to do.  "
0," However , since I am in an office , I normally keep them at a pretty low volume , and at low volumes , they sound a little weak ."
0,"also , the carrying case that came with mine covers up the display , so even though the side controls are reachable , i have to open it up to see the display . "
0,unit took forever since the begiining to recognize and play discs . 
0, This router gets 1 star from me due to it 's disconnect issue .
0," After that , the router would never even respond to its own internal browser link ."
0," Others may have better luck , but I have never seen a flat-panel with such horrible viewing angles ."
0, Technical support rude and unhelpful .
0," I tried to use these with my laptop -LRB- Dell Inspiron 1720 -RRB- but could n't get rid of the buzzing noise others have mentioned , no matter how far I moved them from the computer or where I plugged them in ."
0,what a disappointment ! 
0,i am bored with the silver look . 
0,"battery life is about 1/4 of that advertised , no operators manual available for any of the nomad zen players ( on or off-line ) , occasional software lockups , replacement battery is expensive "
0,canon 's g3 does it consistently . 
0,will never purchase apex again . 
0, LOOKS AND DURABILITY: I realize many people are fond of the minimalist white interface.  
0,the panel seems like it will come off very easily as other people have said . 
0,"With the PlungeLIFT all my bit changing has been done above the table, although I still have to reach below the table to operate the spindle lock (and, of course, the speed and ON/OFF controls)."
0,I find that if you remove the springs it is much easier to adjust and will not stick much.
0,I was some what sceptical when I seen the price deference between the other makers of comparible HP.
0," Maybe some of you do n't have this problem , but I know of over 20 cases of buzzing from this monitor ."
0,player has a problem with dual-layer dvd 's such as alias season 1 and season 2 . 
0,"however , i do n't like to carry it on my belt because the clip is n't secure and the case can slip off . "
0,") WORST FEATURE POSSIBLE, THIS ALONE MAKES IT RATE ONE STAR: What's up with no recharge cord? "
0,"the player has its minor glitches like for example when i turn it on , 60 percent of the time , it sais , shutting down , which means i have to turn off , and turn it on again , which is not to my likings . "
0, Display glitches and flashes also occurred .
0,"The only not-so-positive comment I have is about the depth adjustment, it is not easy to micro-adjust accurately."
0," Hooked up to the D-Link extreme N , connected speed dropped to 18mbps and wireless down to 8mbps ."
0,"scroll button - the scroll wheel was a nice idea to keep less clutter , but the button would sometimes get stuck or keep scrolling . "
0,Dont rely on T-Mobile rebates.
0,"I also own a Canon Digital Rebel and I agree that the advanced controls on the SD500 are not as robust, but overall picture quality goes head-to-head with the Digital Rebel. "
0,3 No Voice Recorder-- this has also become an important and popular feature that the iPod unfortunately doesn't have.
0,They really are awfully small.
0,After a week I tried to load some more songs and delete a few but the auto load didn't do anything but turn on my player. 
0,"Again, every review written about the Tech Line is true...after waiting close to 45 minutes I finally spoke to a rep."
0,Another thing I don't like is that some of the features take 1-2 seconds to load up. 
0," Second gripe : In the 6 or so months since we purchased our batch of 30-40 of these monitors , 2 have already been returned for repair or replacement ."
0,3 . mediasource is an application with serious user interface flaws . 
0,"I see many other reviews that say the same....stay away from Norton, they don't deserve you, or anyone!"
0,"2 . the scroll button is n't the best , as it sometimes can be hard to select . "
0," The replacement unit had a problem too : the little switch on the bottom was n't working properly , making it impossible to select among city forecasts in my area ."
0,2- It is bulky and the small buttons on the sides are sloppy to use .
0,There is no way you can talk with customer care about this.
0,"Otherwise, get a smaller single speed router, which will be much easier to use freehand and is all you need for smaller diameter bits."
0,and man ... i had to work to put my chinese songs on the player ... because i had the actual chinese names of the songs as the title .. 
0,"Even on the LOW sensitivy level, a slight touch can skip or pause the track.  "
0,the cons are n't really a big deal to me ... except one con that does annoy me is the way it stores files ... no folder structure ... and it 's based on the title of the songs ... many of my songs where seperated into folders ( on the pc ) ... and a few had same titles ... so i had to change the titles to make sure that i did n't have any that might be the same as another . 
0,This is not an enterprise piece of hardware that you will find in an office or corporate environment. 
0," The router has obviously problems with static IP addresses , firewalls and numerous other programs ."
0,"relative to what i can easily achieve with external flash on my nikon slr , the internal flash on the g3 produces harsh , flat images with ugly hot spots . "
0,purchased the ad-2600 about a month ago and have had numerous problems with it . 
0,"(...)  Like most SOHO routers, it has nearly non-existant logging. "
0,"First, it failed whenever connecting to get updates."
0,The digital zoom is crap.
0,1 ) player is not plug and play - need to install nomad explorer first and mediasource to transfer files and i had to be patient as i was used to winxp detecting the player and dragging and dropping the music files into it . 
0,and man ... i had to work to put my chinese songs on the player ... because i had the actual chinese names of the songs as the title .. 
0,"First, it serious, serious installation problems."
0,"As one other reviewer pointed out, it does occasionally take a little effort to push down the ""plunger"" to get the diapers in the pail, even though upon inspection the bag doesn't really look full."
0, This model router has now failed me twice in the short span of time mentioned .
0,"the software , mediasource , cannot work on my pc . ( laptop , intel p4-2.0 , xp os ) . "
0," When I reset it , like unplugging it and plugging it back in , I would get the N speeds 150 mbps the first time it connected and would transfer files at that speed , then usually next time I connected it would drop back to 65 or 52 mbps and stay at these speeds ."
0,"i thought it was just the player , but then i started checking the discs to find that the apex 2600 is actually ruining my media . "
0,I'm probably the only person that dislikes the iTunes software. 
0," Unfortunately , I just could not get it to work ."
0," The range of response seems a little limited to me -LRB- changing the EQ setting on the iPod produces a definite change in the sound , but I would expect a little more richness in the changes -RRB- ."
0,i called apex 's support number numerous times but it just kept ringing . 
0,"Once again it won't reinstall, even with online and email assistance from Symantect Technicians."
0,Norton support is completely pathetic.
0,i tried to contact apex to return it ( i missed the amazon return period ) and it took 3 months to get through to their customer service dept . 
0,I will say that the OS that the phone runs does have a few issues.
0,it is more than 90 days and it does not show the picture no matter what i do . 
0,"Finally, after about a week's use, the screen started to freeze on me."
0,forget about the sleek looks if it can 't play some of your real dvds. 
0,"i assumed they had exceptional service , but their reception in my area ( los angeles ) is horrendous . "
0,"Only thing I don't like about it is slow in changing apps, boot up, and sometime it has problem connect thru bluetooth."
0,- the controls are much inferior to the simple ipod ones . 
0,forget about the sleek looks if it can 't play some of your real dvds. 
0, When the screen was n't contracting or glitching the overall picture quality was poor to fair .
0,"Of course, if you try to reach Symantec customer service you get useless automated systems unless you want to pay $30 per incident."
0,They really are awfully small.
0, The labeling of firmware itself is a mystery and suggests that this company is just scrambling to put out fires .
0, This model router has now failed me twice in the short span of time mentioned .
0,it also has unproven battery life . 
0,but the major problem i had was with the software . 
0,"also , their t-zones , although cheap ( $ 4.99 / mo. ) never works . "
0," BATTERY: Compared to the other players on the market, the iPod has one of the worst batteries around."
0,Other than that it is all the same except the new updates.
0,"This simple nuance was too much for Nokia, and they still refuse to acknoledge the fact that their technician could have broken the phone or repair the phone for free."
0,"so, right out of the box i had issue."
0,The auto color balance is often fooled by dense clouds.
0,it is embarassing getting phone calls from family members telling you that the dvd player you gave them less that 3 months ago is no longer working . 
0,"third , the poor design continues with the case . "
0,"the setup process for the nomad is infuriating , and the interface with the player is sub-par . "
0,the top did not fit well into the unit . ( felt defective ) 
0,"when i hooked it up it only produced sound - a cd played fine , but with a dvd i only got the audio - no picture ! "
0,it has never worked . 
0,"Not only is it inconvenient, but also the battery life span is short."
0,- no propietary headset jack 
0,"I find the major problem with this item is that if you have a very messy diaper and can't tightly bundle it without a mess, the mess gets all over the module that dumps the diaper and the stink is OUTSIDE of the diaper pail."
0,"as it stands now , the case is pretty useless unless you 're packing the player up for travel , or if you load up all your songs beforehand . "
0,one also exhibited extremely slow speed when going to the menu . 
0,"difficult navigation - i wo n't necessarily say "" difficult , "" but i do n't enjoy the scrollwheel to navigate . "
0,"maybe it is my lack of experience , but i found shots with this camera very disappointing . "
0,"There will be much erasing of text as, one would tend to type something instead of the actual letters."
1,6- Small but very clear TFT screen.
1,the compact digital camera is especially useful if you have little children around and you can always take the camera with you and take many pictures of them . 
1,The blue backlit LCD looks really neat and is easy to read. 
1,range of functions - as indicated above - it has something for everyone : point and shoot power plus advanced functions for those who are serious about photography . 
1,"All in all, it's a good router if you don't have the cash for a Speedbooster one. "
1,Best of all the WMAs(I have a lot of them) sound great.  
1,7 ) some people have problems with the flip switch on the bottom that releases the player cover - has not been an issue for me and is immaterial if you use the case as the case covers the switch . 
1,"bought the 30gb xtra a couple of weeks ago , and so far it has been excellent . "
1," Bass fanatics , look at the S120PII ."
1,"the included leather pouch is a big plus : it actually protects the unit well , something a lot of ' carrying cases ' fail to do with other audio devices . "
1,the standard battery include with the g3 is a camcorder battery that will allow me to take pictures all day without worrying about charging . 
1,"It comes with an adapter to plug into the wall, which I hear is a step up from the other iPods, which require you plug it into a computer to charge it.  "
1,"From the Internet, woodworking books, local stores and personal opinions the Hitachi M12V 3-1/4 HP router time and time again came up to be the router of choice or best for its price."
1,"Second, it is  incredibly easy to use."
1,"To set up the xbox, wap, and ethernest bridge, with the encryption on was less then 30 mins. "
1,"after considering my needs further and researching the marketplace, I decided on the s100."
1,"Combine this with the excellent price we got in the Gold Box, and I'm really happy."
1,What impressed me most was the sound.  
1,this is the perfect camera for a photo hobbiest who wants to have easy point and shoot ability as well . 
1, Convenience because it works through the USB port .
1," PROS : So off I went to get a faster router , and this one did the job I bought it for admirably ."
1,"i will never use all the "" whistles and bells "" this machine is capable of . "
1, Installation was easy as advertised .
1,"But if you use all bluetooth accessories, as I do, its really not an issue."
1,The earbud headphones are really nice. 
1,It's so small. 
1,"So far it has been very durable (other than the little pads on the earbuds), but those aren't really necessary as I find them comfortable on their own. "
1, The satellite speakers actually are really reach in the bass tones .
1,It makes the Nomad I purchase feel and look like junk.  
1,"i am ripping my cd collection into 160 kbps wma files ; this gives an average of around 60-65 mb per cd , good for about 900 cds in the ~ 57,000 mb of free memory available to me . "
1,"On the contrary, I'm quite pleased with my upgrade."
1, The sound this slim design puts out !!
1, If you 're looking for a quality tower speaker ... this is it .
1,Their customer service agents are always prompt and polite and my service is terrific.
1,"Anyhow, this software is working fine and no problems since I installed it two weeks ago."
1,"Their website had a download that helped remove those, although I had to manually remove a good number of files from the ""Programs"" directory."
1,"The Hitachi is made in Malasyia, and looked cheap compared with the Makita, which is made in the USA."
1,You'll love it!
1,Can recommend the Hitachi in this ergonomic arena -- at the price quoted on Amazon it is a bargain.
1,Outside of the T-Mobile service area the phone seamlessly jumped onto AT&T Wireless and various other services where the T-Mobile service was unavailable.
1,"This phone has the best battery, it lasts longer then my old 3210"
1,Clear the call logs once in a while to speed up the phone people!!!
1," And, with the iPods' full volume up, all you have to do is adjust your receivers' volume and your set, since the iPod itself acts as a strong amplifer of its' own."
1,"I was looking for a compact, rugged (I carry it hiking, skiing, boating, etc) camera which is easy to use."
1,"I recently had to run a 3/4"" straight bit through hard maple to make a deep dado and was amazed that this machine didn't even slow down."
1,"All the features are incredibly intuitive, even for a novice like me."
1,i had no problems following their installation instructions . 
1,it makes up for this by being extremely easy to use with well laid out controls that can be learned quickly . 
1,"UNLIKE other reviewers, I like the tool because it is easy to operate outside of the router table."
1," I am a big fan of iTunes, simply because it is terribly fast and convenient - IF you are buying the songs from the iTunes site.  "
1,has 4x optical zoom which is higher than any other in the same price range . 
1,"The 6600 (T-Mobile) is the true 'world phone' in that it has the mhz to operate around the globe, including New Zealand and Australia (900) whereas the  6620 (available from Cingular) replaces it w/ 800mhz (some refer to as 850)."
1,owner 's manual has substandard troubleshooting guide . 
1,"But like I stated, its better then a trash can, but I'm not sure if its better then the Diaper Genie."
1," It was easy to install all of the components and directions were easy to understand , even for an old guy like me ."
1,"the voice quality is very good , and it gets great reception ( that is , in places where you get t-mobile coverage , which is not that good ; see below ) . "
1, As a final comment I am happy with the D-Link DIR-655 so far and my home wireless connections are smooth whether I 'm using my ASUS netbook or Apple iPad .
1,The Look & Feel: I have the black one and the contrasting neon blue on the buttons add a very nice ambience. 
1," The clarity and contrast are exactly what I was looking for in a monitor , and spec for spec , it is a bargain compared to other brands ."
1,"Overall, if you know what basic steps to take, it was not difficult to connect, and the s/w worked well to connect.  "
1,"to my ears , a 160 kbps wma file sounds just as good as the source cd , and the zen xtra sounds just as good as a portable cd player . "
1,"1 ) slr like programming and exposure control gives you latitude to be creative , yet its progam and auto exposure settings provide excellent photos if you do n't want to bother with the settings . "
1,Setup is totally breeze and Linksys's web site is pretty easy to navigate.  
1,i am very pleased with it so far . 
1,the menus are very easy to navigate . 
1,"However after playing with it for three weeks now, I'm convinced, the Zen Micro is superior. "
1, Excellent monitor .
1,it 's great to switch to spot metering and actually see it working on the lcd screen . 
1, I have been dealing with wireless routers and access points for a long time -LRB- most recently with Cisco\/Linksys -RRB- and this was the easiest most efficient setup I 've ever experienced .
1,i did not want to have high expectations for this apex player because of the price but it is definitely working out much better than what i would expect from an expensive high-end player . 
1,it is exceedingly simple to navigate around in this device . 
1,+looks snazzy +smaller than a pack of smokes - easily transported +ac charger included as well as a hardshell that comes with a clip and a stand adapter +USB cable !
1, Even the bass is pretty impressive from such rather small drivers .
1, The rechargeable battery is a great feature .
1,"for instance , i made several back-ups of my dvd movies using dvd-r ( w ) and + r ( w ) and it plays the dvds . "
1,But that is good for me because Symantec softwares are a bit hard to master for me who are not savvy on computers.
1,Transferring files couldn't be easier thanks to the included software bundle.  
1,"It really is the perfect travel  camera, plus it offers the convenience of digital photography."
1,"our special friends at creative gave this thing good sound quality , great features , long battery life , and an unbeatable price . "
1,"it hasnt gone below the second notch ( i charge mine whenever i 'm at home and not using it ) , so the battery life seems fine ( so far ). "
1,the photo quality is amazing and i know i 'm going to have fun with all the features . 
1,"i have n't messed with the firmware at all , the player worked perfect for me right out of the box . "
1, You should use the firmware on the DD-WRT website instead .
1,i highly recommend this camera to anybody looking for a compact camera that can take good quality pictures. 
1,the phones are awesome . 
1,i recently purchased the canon powershot g3 and am extremely satisfied with the purchase . 
1,"Whichever it may be, I'm happy I've made this purchase.  "
1,I would however highly recommend the m12v router !
1,"I use the same store-brand tall kitchen trash bags I already use in the kitchen for it -- no special ""diaper"" trash bags necessary."
1,with this mp3 player you get much more memory for much less than an ipod . 
1,This IS the best camera you can have for digital images if you want to:
1,"i dont know what other people are saying , but the software is awesome . "
1,"You don't need to cough up an extra couple bucks for a ""special edition"" to get black! - Sound: Awesome! - Batteries: removable/replaceable. "
1, I am above average with technical knowledge but it is easy enough for the beginner to set up .
1,All in all this is a 5 star piece of equipment. 
1, The windows 7 premium is good -LRB- do n't recommend starter -RRB- and user friendly .
1,the aff feature did a great job converting the letterbox to fill 3/4 of the screen and the image still looked normal . 
1,"But I was ready to upgrade and when I discovered that Canon  was going to come out with an even smaller digital camera with a higher  resolution, I had to have the S100."
1,Mine is as easy to use as the mini without any firmware download. 
1," The sound is great , not as good as my $ 1000 each Klipsch R7s , but come on , for the size and price , you will not beat these units ."
1,"this thing is great , i like to use it to pick up tough stains on my countertop and also to listen to my old 8-track records . "
1,"the pics can be touched up in photoshop, and be printed at 4x6 and they look great!"
1,"with canon , you get pictures that appear to be photos , not still camcorder shots . "
1,"The installation, set-up, and operating interfaces are well organized and intuitive and the email spam component works well."
1,it plays original dvds and cds and plays mp3s and jpegs . 
1,"although canon 's batteries are proprietary , they last a really long time , recharge fairly quickly in the camera , plus if you want ' more power ' , you can even find a knockoff charger and spare batteries right here on amazon . "
1,"These tasks are faster and easier than in prior versions, and I found the menu to be much more navigable."
1,The product has worked perfectly for me on my XP.
1,apex is the best cheap quality brand for dvd players . 
1,"The games are decent, but u only get 2 to start off with."
1,"The startup time, quality of pictures and videos is outstanding."
1,This is a MUST HAVE product for all new moms!
1,"1 month , no problems , great phone i 'm very pleased with my 6610 phone . "
1,"Supporting an operating system, Symbian OS, you can download and run a lot of programs on this phone."
1,"But if you use all bluetooth accessories, as I do, its really not an issue."
1,"it has a beautiful design , lots of features , very easy to use , very configurable and customizable , and the battery duration is amazing ! "
1,"anyway, my wife got this for me for my birthday and I love the thing. "
1," In conclusion, I gave the iPod a 4/5 because anything this expensive should would work just about flawlessly."
1,"i can recommend this phone to anyone , anytime . "
1,everything else about the camera is great . 
1, Even the bass is pretty impressive from such rather small drivers .
1," These issues aside, the iPod is kind of like the cell phone in that once you have one, you can't be without one."
1,my favorite thing about the nomad is the eax feature . 
1,"also , it was only $ 39.99 ( after rebate ) with free shipping and no tax so overall it is a decent player . "
1,I think it's great.
1,"all in all this a great player that blows the i-pod away , with easy to use and understand features , software that is simple to understand and use , and a great sound ( which is all that matters in a mp3 player ) . "
1,"it 's small , light and nice looking and the display is decent as well . "
1,"you can create playlists , drag & drop songs and playlists to your player , and rip directly from cd to your player . "
1,I have to say that I am very happy with it so far.
1,The included software removes any red eye easily. 
1,Other than that it meets or surpasses all of my needs and surely won't disappoint any already established Nokia phone fans.
1,"the ringtones included are awesome , and did i mention they were polyphonic ? "
1,"for a price that 's still less than even the lowest level ipod i was able to get this 40gb monster , and the best part is it works as great as it was advertised to and then some . "
1,"To set up the xbox, wap, and ethernest bridge, with the encryption on was less then 30 mins. "
1,The thought of not having to buy refills and just using regular bags is awesome!
1,It's faster than WMP. 
1,"there is a clock , and date , which can get helpful . "
1, The computer direct processing and shipping was outrageously fast .
1,"it has a handsfree loudspeaker, conference and transfer!"
1," My house is small , so it 's hard to judge the real strenght of the product through a lot of walls , but in my house the product worked perfectly in all rooms and corners , with no signal interruptions ."
1,"As far as Linksys goes, I have used several of their products and they seem to hold up well - no problems.     "
1,The arm band is fantastic and it doesn't budge even at the gym.  
1,"Whichever it may be, I'm happy I've made this purchase.  "
1,audio is excellent . 
1,"the software runs smooth , it 's nice to look at , it 's very organized , easy to follow and makes things very simple . "
1,On the T-Mobile service I was able to take pics as we drove across I-70 and email them to family & friends once we reached a T-Mobile tzone (usually a major city).
1,"So far it has been very durable (other than the little pads on the earbuds), but those aren't really necessary as I find them comfortable on their own. "
1,"I love the diaper champ, it is really easy to use and since you can use regular garbage bags it doesn't cost an arm and a leg for refills."
1, Does what it should and the sound seems fine to me .
1,"  20 GB OR 40 GB?  The pros of the 40 GB: Comes with a ""dock station"" and double storage space (10,000 songs)."
1,Give each friend a different ringtone.
1,Well Linksys was one of the original big players in the router industry.  
1, This is a great product and carries a lot of pride in its networking capabilities for the price !
1,In addition it is very easy to setup.  
1, Still for the price you ca n't find better for the cost .
1,"  Apple has definately fulfilled its reputation in making quality equipment, and surprisingly wasn't as expensive as its reputation normally holds.  "
1, The speaker arived in excellent condition .
1,look at the size of it!
1, Really easy to use.
1,the zen has minimal stoppage between tracks ; when listening to music that continues from one track to the next the gap is just a hesitation - a slightly audible click ; if i am not listening for the progress from one track to the next i do n't even notice the click . 
1, Selected it because it looked easy to install .
1,DEPENDABILITY: I've seen no glitches.
1," I still give the iPod five stars, though, as it could have been something I did incorrectly during the install (though I did follow the onscreen prompts) so I'll give Apple the benefit of the doubt."
1,"i experimented with online print ordering with the two major us brick and mortar retailers , and they both delivered great results . "
1,The accesories that come with the player are great. 
1,NIS 2003 worked like a charm last year.
1, You ca n't go wrong with these if what you are looking for is a good sound in a small package !
1,- excellent sound quality 
1,The new router came with an updated setup utility that makes getting the router installed a fairly straight forward process. 
1, Screen brightness is really good .
1,"in all fairness , customer reps are very nice , and they ( most of them ) try hard to answer your questions . "
1,"the 6610 excels as a cell phone , thank god . "
1,- outstanding signal reception 
1, This machine is a replacement for your desktop .
1," That is surface stuff , but the speed and memory is very good ."
1,"still , at least from my perspective , a great camera for the money , and i 'm a happy camper ! "
1,"when you put this phone in your pocket you forget it is there ; it is unbelievably small and oh , so light . "
1,"After getting one for Christmas from Amazon, I'm now a believer:  The Digital Elph is truly the world's smallest digital camera that shoots great pictures."
1,just point and shoot and the photos were great . 
1, I love this speakers .
1, I was surprised how good the sound was and I especially like to use it when I am listening to audio books .
1,four megapixels is great . 
1,Mine is as easy to use as the mini without any firmware download. 
1, Screen brightness is really good .
1, When I saw a lot of plastic where there was metal I was concerned that the sound would not be as good .
1,"Transferring music is a breeze. I don't subscribe to music services, but as mentioned on other reviews, Micro allows you to subscribe to services OTHER than iTunes. "
1,I've connected the phone with two laptops and a iPaq 4155.
1,"The focus is great, though, if you are not taking a macro shot."
1,- Replaceable battery. 
1,i also liked the fact that you can save custom playlist you made on the player not just the computer ! 
1,The Zen offered a great alternative. 
1,transfers are surprisingly quick through usb 2.0 . 
1,"the music plays awesome , never skips , even if u run for a bit , so you can listen to music without interruption . "
1, This is one of the nicest electronic devices that I 've ever owned .
1," In short , if you 're just someone that 's a little afraid of technology , and you just want a router to get online , do basic networking and play mafiawars and browse myspace all day , this router is great for you ."
1,I have to say that I am very happy with it so far.
1,"This product is by far the best Broadband Router on the market, I bought this to replace one of those Linksys Instant Wireless B routers, worked great for about a year. "
1,i am extremely satisfied with this camera . 
1," The replacement was even worse than the original one , which was now working fine ."
1,1- Small.
1, its definately an outstanding laptop .
1,the g3 looks like a work of art ! 
1,first let me say that it is much smaller than it looks on the web and it also looks better . 
1,The FM tuner is just a little spare icing on the cake.  
1, In addition the price point is spectacular .
1,"  Apple has definately fulfilled its reputation in making quality equipment, and surprisingly wasn't as expensive as its reputation normally holds.  "
1,"There's even an equalizer (under ""settings"") that allows you to adjust the sound for acoustic, bass booster, bass reducer, classical, dance, ""deep"", and electronic."
1,The panorama setting is unbelieveable !
1,and amazon.com has it for such a great price -- how can you go wrong ? 
1,IF YOU NEED A WIRELESS ROUTER.... GET IT GET IT GET IT.... works really good....     
1,"this radio receives fairly decent reception but not nearly as good as a normal radio , but as long as the stations are coming in clearly the phone 's radio should work perfectly . "
1,"you can do other different things with it such as choose what kind of "" now playing "" interface , you can see the interface as modern or classical . "
1,"I have not yet used all the features, like the calendar, etc, but as a music player this little thing rocks.  "
1,"in terms of the shots taken , this camera is insanely great ! "
1,With Bluetooth off the phone last almost twice as long.
1, Relatively small desktop footprint too .
1," The speakers are nice , no question about it ; the sound is good for the size ; the range is what you might expect from speakers this size -LRB- perhaps even better than expected -RRB- ."
1,"and with usb 2.0 , transferring music to your player is incredibly easy . "
1,and we definitely prefer our Champ!
1,"It uses the extendable MMC memory, it is perfect for storing videos, pictures and mp3s."
1,"ripping & transferring tunes is basic , and pretty fast ( even on a 1.1 usb ) . "
1, This item was the most inexpensive 17 inch monitor available to me at the time I made the purchase .
1, Then I would say that this LCD monitor have many feature in one piece .
1, This speaker mount is suitable for small speaker .
1," The battery life lastes 12 hours, and charges quickly. (As mentioned above, the initial charge is a minimum of only two hours - not too long at all!) Once you've downloaded your music, you can access the tracks by artist, genre, album, composer (this comes in handy when the actual composer is different from the artist - e.g. covers of songs), etc."
1,"Not only is it much more cost effective (you can use regular trash bags rather than Refills at $5 a pop), it is easier to use and clean, and has a larger capacity."
1,being a creative product the playback quality is unbeatable . 
1,"it is just a tad small to hold to your ear with your shoulder , but that is solved with the very comfortable handsfree ear-piece which is included . "
1," Connection speed to the other 2 machines seems awesome - much quicker than the router I replaced , and when combined with the simplicity of the Valet Plus , this makes for a great product ."
1,"naturally i did quite a bit of review before purchasing ( i recomend www.nomadness.net ) , and price-wise zens are unbeatable . "
1,silverish color really adds a special touch . 
1,Gets nice sound too. 
1,"the scroll wheel is easy to use and works great for me , however many have complained that the wheel is cumbersome and difficult to operate . "
1,as said before this works perfectly . 
1,"software is easy to use ( although redhat software is better , but costs money ) "
1,"the nokia 6610 is a relatively new phone , and what a great phone it is . "
1,"not only is it functional and runs super smooth & fast , but it is also eye candy . "
1,6 the nikon coolpix line is a well-established line so you know support and parts are going to be available even when nikon releases a newer model . 
1,"i have been ripping songs into it for the past few weeks , and the ease of use is wonderful . "
1,the zen has minimal stoppage between tracks ; when listening to music that continues from one track to the next the gap is just a hesitation - a slightly audible click ; if i am not listening for the progress from one track to the next i do n't even notice the click . 
1,"For a sleeker, smaller and more ""average"" MP3 player the Nitrus is great but the iPod blows it out of the water - the interface is great and the design is wonderful."
1,What makes it so great is the versatility and the number of features it has.
1,"playlists can be made on the fly , without aid of a computer , and you can use play modes like shuffle and repeat for your ' now playing ' selections or playlists . "
1,"However, setting up using the quick start instructions was a breeze.  "
1,"the software was great , as long as you have an adminstrative user account ( windows xp ) . "
1,"Very good ""every day"" camera. Fits nicely in the pocket of my jeans and takes quality photos."
1,I've since gotten the Linksys Modem (BEFCMU10) and stacked it with the WRT54G router and it works fantastic!!! 
1," If I were to rate these speakers on my listening needs , I would give a 2.5 stars , but I 'm giving 4 because I think they do the job that most people want them for ."
1,"I have not yet used all the features, like the calendar, etc, but as a music player this little thing rocks.  "
1, This product is amazing !!!
