class,text
0,What do bee hives do in cranberry bogs ?
0,How did shipyard inspector James J. Kilroy designate equipment as being satisfactory ?
0,"What 's the meaning of the Latin battle cry : Ad arma , ad arma ."
0,What is Shalom ?
0,"What 's the meaning of the Latin battle cry : Ad arma , ad arma ."
0,How do you make the color purple ?
0,How is energy created ?
0,What is a Canada two-penny black ?
0,How do I write to my Congressman ?
0,What 's the motto of the Boy Scouts ?
0,What is hydrogen ?
0,What is a virtual IP address ?
0,What is a pyrotechnic display ?
0,How can I search for a word within my own webpage ?
0,What was the rallying cry of the early American revolutionaries ?
0,What is saltpeter ?
0,What made the short-lived Star Hawks strip so unique ?
0,Why shouldn 't you remove a bee stinger with tweezers ?
0,What is the circumorbital hematoma ?
0,How does General Mills manufacture Cheerios ?
0,What is e-commerce ?
0,What is swap math ?
0,How did the tradition of best man start ?
0,What causes canker sores in the mouth ?
0,What is an aurora ?
0,What causes the body to shiver in cold temperatures ?
0,How do you handle a hungry man ?
0,What is Nitrox diving ?
0,What is the nature of snow and how is the formation of snow different from that of ice ?
0,What is a glory hole ?
0,"What do Hank Aaron , Jimmy Stewart , and Howard K. Smith have in common ?"
0,What is color ?
0,How did serfdom develop in and then leave Russia ?
0,What is the difference between the Koran and The Bible ?
0,What caused the death of Bob Marley ?
0,What is troilism ?
0,What causes pneumonia ?
0,How can I transport files from one computer to another ?
0,What is the use of a 24-hour clock instead of a 12-hour clock ?
0,What is the `` 7-minute cigarette '' ?
0,What is time ?
0,What is a hydrogen bond ?
0,How did Peabody and Sherman travel through time ?
0,Why are eggs supposed to be stored small end down ?
0,What does verdandi mean ?
0,How do you stop junk snail mail ?
0,How can I get a CCT diagram ?
0,Why do girls have to wear training bras ?
0,Where did the term `` 86 '' come from ?
0,What are amaretto biscuits ?
0,What is the difference between a classical and an acoustic guitar ?
0,What is the VDRL test of blood ?
0,How do I e-mail someone at aol.com from yahoo.com ?
0,"What is deadrise , nautical , ?"
0,What does the name Billie mean ?
0,How can someone become a federal agent ?
0,"What exactly , specifically does sleep do for you ?"
0,What is June 's birthstone ?
0,How does ultraviolet light damage the DNA of skin cells ?
0,"What was archy , and mehitabel ?"
0,What is dry ice ?
0,What is a drought ?
0,How do you get a broken cork out of a bottle ?
0,What category does the color pink denote in the Trivial Pursuit Baby Boomer Edition ?
0,"What was Al Capone finally imprisoned for , in 1931 ?"
0,What are field effect transistors ?
0,What 's the difference between J.D. and LL.M. ?
0,How can SQL queries be improved ?
0,What is the origin of Boxing Day ?
0,Why do they sterilize the needle for lethal injection ?
0,What is the Home Rule Act ?
0,What baseball expression came from the nautical term for ships sailing between the Atlantic and Pacific before the Panama Canal ?
0,What is tyvek ?
0,What is the meaning of `` CPR '' ?
0,How can I get a CCT diagram ?
0,What 's the meaning of the zoological term ruminant ?
0,Why do they call a hamburger a hamburger when there is no ham ?
0,What is porphyria ?
0,How did people respond to the idea of the first millenium ?
0,How do birds find their way back to the same place every year ?
0,What is pasta ?
0,How is plastic made ?
0,What are the powers and weaknesses of Green Lantern 's ring ?
1,What movie did Madilyn Kahn star in with Gene Wilder ?
1,What game do Steve McQueen and Edward G. Robinson play in The Cincinnati Kid ?
1,What are Halloween 's colors ?
1,What mammal of North America is the world 's longest-lived for its size ?
1,What are Halloween 's colors ?
1,What is the most common cancer ?
1,What killed Bob Marley ?
1,What creature scares people in the film `` Jaws '' ?
1,What does a dipsomaniac crave ?
1,"In Hemingway 's `` Old Man and the Sea , '' what kind of fish does the old man catch ?"
1,What 1965 film had Jack Lemmon portraying a cartoonist ?
1,What is the mission of Nike ?
1,What can I use to remove the stubborn gummed labels from some diskettes ?
1,Name the vessel used by the Atari Force in the DC comics .
1,What is the name of a book written by Aaron Hass ?
1,What was the first Gilbert and Sullivan opera ?
1,What 's an infant seal called ?
1,What food did Marco Polo introduce into Italy from the court of Kubla Khan ?
1,What whisky is `` known by the company it keeps '' ?
1,What is the brand name of daminozide ?
1,What hide-and-seek game is played around a tin can ?
1,What does a deltiologist collect ?
1,What award is the `` Oscar '' of advertising ?
1,Which comic strip was never turned into a Broadway musical ?
1,What is Dudley Do-Right 's horse 's name ?
1,What line of candy products included Super Skrunch and Peanut Butter Oompas ?
1,"What common plant has a button , cap , cup , gills , and ring ?"
1,Which two products use a tiger as their symbol ?
1,What was the first TV set to include a remote control ?
1,What was the distinguishing mark on the `` Little Rascals '' dog ?
1,What line of luggage is named after a famous American flier ?
1,What was lost and regained by poet John Milton ?
1,What Tom Wolfe book is about the Mercury astronauts ?
1,What Vladimir Nabokov novel features Professor Humbert in love with a 12-year-old girl ?
1,What films featured the character Popeye Doyle ?
1,What five-time winner of the Kentucky Derby lost his first 25 races ?
1,What money was used here ?
1,What was the longest war in U.S. history ?
1,What is the name of the song that Dracula plays on the organ ?
1,What animal has the best hearing ?
1,"Which mosquito 's bite draws blood , DT NN CC DT NN ."
1,What kind of wine is Spumante ?
1,What Morris West novel deals with Russian bishop who becomes Pope ?
1,What golfing accessory was patented by George Grant on December 12
1,What color is the eight-ball in pocket billiards ?
1,What 's the term for a bet before cards are dealt ?
1,In what movie is the number nine found in the title ?
1,What is a camel hair brush actually made out of ?
1,What terror of the sea did Johnny Horton sing about ?
1,What are common methods used to regulate monopolies ?
1,What does a man suffering from diphallic terata have ?
1,"What is a term for behavior , appearance , or expression that violates the accepted standards of sexual morality ?"
1,"What animal received royal assent as an emblem of Canada on March 24 , 1975 ?"
1,"In AD 999 , what sort of celebrations , fears , were there ?"
1,What kind of creatures are the Canary Islands named for ?
1,What breed of dog was the `` Little Rascals '' dog ?
1,What famous events have happened on March 27 ?
1,What did the crocodile swallow in Peter Pan ?
1,What sport was the first televised in the U.S. ?
1,What is the only substance that gives food its `` taste '' when eaten ?
1,What is the term for a group of geese ?
1,What musical instrument did Prewitt play in James Jones 's From Here to Eternity ?
1,Name Li 'l Abner 's favorite Indian drink .
1,"Name the product that is `` at your grocer 's , at your fingertips . ''"
1,What do peacocks mate with ?
1,What 's the hardest substance in the human body ?
1,What did Dan Aykroyd and John Belushi quit Saturday Night Live to become ?
1,What are the different types of plastic ?
1,What is the term for someone who hates mankind ?
1,What Judith Rossner novel was made into a film starring Diane Keaton ?
1,The Jewish alphabet is called what ?
1,What money was used by them ?
1,What did the pyramid-builders of Egypt mainly eat ?
1,What 1963 Joseph L. Mankiewicz film cost $28 million ?
1,What type of currency is used in China ?
1,What was Simple Simon fishing for in his mother 's pail ?
1,What did Louis Cartier invent for aviator Santos Dumont in 1940 ?
1,What are all the different kinds of contraceptives ?
1,What Grand Slam golf tournament wasn 't held between 1940 and 1945 ?
1,What drug did Sigmund Freud become fascinated with while experimenting with the treatment of neurasthenia ?
1,What does the method called `` cold fusion '' create ?
1,What D.H. Lawrence novel was originally titled Tenderness ?
1,What is the greatest source of `` white '' magic in the Marvel Universe ?
2,What does MSG stand for ?
2,What does SIDS stand for ?
2,What does LOL mean ?
2,CNN is the abbreviation for what ?
2,What is LMDS ?
2,What is LMDS ?
2,What does e.g. stand for ?
2,What does ` PSI ' stand for ?
2,What does INRI stand for when used on Jesus ' cross ?
2,What does `` B.Y.O.B. '' mean ?
2,What is the correct way to abbreviate cc. at the bottom of a business letter ?
2,What does pH stand for ?
2,What is the acronym for the National Bureau of Investigation ?
2,What is the abbreviation of General Motors ?
2,What is the abbreviation for micro ?
2,What do the letters ZIP stand for in the phrase `` ZIP code '' ?
2,What does A&W of root beer fame stand for ?
2,What does the `` c '' stand for in the equation E=mc2 ?
2,What does the E stand for in the equation E=mc2 ?
2,What is DSL ?
2,What is the abbreviation of the National Bureau of Investigation ?
2,What is RAM in the computer ?
2,What is the abbreviation for micro ?
2,What does the abbreviation cwt. ?
2,What does INRI stand for when used on Jesus ' cross ?
2,What does BUD stand for ?
2,What is the abbreviated form of the National Bureau of Investigation ?
2,What is the acronym for the National Bureau of Investigation ?
2,What is the abbreviation of General Motors ?
2,What is the abbreviation for Original Equipment Manufacturer ?
2,What is SAP ?
2,What does the `` blue ribbon '' stand for ?
2,"What do the letters CE stand for on so many products , particularly electrical , purchased now ?"
2,What does INRI stand for when used on Jesus ' cross ?
2,What does G.M.T. stand for ?
2,What does the channel ESPN stand for ?
2,What is the full form of .com ?
2,What is the full form of .com ?
2,What does SIDS stand for ?
2,What is the abbreviated form of the National Bureau of Investigation ?
2,What is the abbreviation of General Motors ?
2,What does `` B.Y.O.B. '' mean ?
2,What does the channel ESPN stand for ?
2,What 's the abbreviation for trinitrotoluene ?
2,What does U.S.S.R. stand for ?
2,What is DTMF ?
2,What does the T.S. stand for in T.S. Eliot 's name ?
2,What is the abbreviated expression for the National Bureau of Investigation ?
2,What does `` B.Y.O.B. '' mean ?
2,What is the abbreviated term used for the National Bureau of Investigation ?
2,What is the full form of .com ?
2,What does HIV stand for ?
2,What does A&W of root beer fame stand for ?
2,What is RAM in the computer ?
2,What does the abbreviation cwt. ?
2,What does HIV stand for ?
2,What is DEET ?
2,What does CPR stand for ?
2,What does the abbreviation AIDS stand for ?
2,What does snafu stand for ?
2,What is the abbreviation of the company name ` General Motors ' ?
2,What is IOC an abbreviation of ?
2,CNN is an acronym for what ?
2,What does A&W of root beer fame stand for ?
2,What is a `` USB '' port on a computer ?
2,What does the abbreviation cwt. ?
2,What does JESSICA mean ?
2,What does BMW stand for ?
2,What is the abbreviation for micro ?
2,What is SVHS ?
2,What is the abbreviated term used for the National Bureau of Investigation ?
2,What is the acronym for the rating system for air conditioner efficiency ?
2,What is the abbreviated term used for the National Bureau of Investigation ?
2,What is AFS ?
2,What does NASA stand for ?
2,What does pH stand for ?
2,CNN is the abbreviation for what ?
2,What does A&W of root beer fame stand for ?
2,What does the abbreviation cwt. ?
2,What is RCD ?
2,What is the abbreviated form of the National Bureau of Investigation ?
2,What does the T.S. stand for in T.S. Eliot 's name ?
2,What is AFS ?
3,Which oil company almost picked a word that meant `` stalled car '' in Japanese as its new international name ?
3,Who is Coronado ?
3,Who does the advertizing for Frito-Lay ?
3,Who did Sonny Liston succeed as world heavyweight boxing champion ?
3,Who does the advertizing for Frito-Lay ?
3,What store does Martha Stewart advertise for ?
3,Who played the original Charlie 's Angels ?
3,Who is the leading competitor of Trans Union Company ?
3,What kind of organization is ` Last Chance for Animals ' ?
3,Who was the lawyer for Randy Craft ?
3,What creative genius said : `` Everything comes to him who hustles while he waits '' ?
3,What role do fruits play in the survival of plants ?
3,What double talking `` professor '' holds a doctorate in Nothing ?
3,Who was the Charlie perfume woman ?
3,Which police department made the largest cocaine seizure ever in Ventura County ?
3,"The lawyer who represented Randy Craft , what was his name ?"
3,Who shot and killed himself while painting Wheatfield with Crows ?
3,Who is the one Independent Member of Congress ?
3,Who was the first woman in space ?
3,"Who does Shakespeare 's Antonio borrow 3 , 0 ducats from ?"
3,What was the name of the US helicopter pilot shot down over North Korea ?
3,Who seized power from Milton Obote in 1971 ?
3,"What cigarette company urged us , `` Come to where the flavor is ? ''"
3,Who was the star witness at the Senate Watergate hearings ?
3,Who said of Super Bowl III in 1969 : `` We 'll win- I guarantee it '' ?
3,"What famous soldier was born in Europe , died in Asia , and was laid to rest in Africa ?"
3,Who followed up his first two underwater thrillers with The Girl of the Sea of Cortez ?
3,Who earns their money the hard way ?
3,"What TV character said ; `` One of these days , Alice , pow , right in the kisser '' ?"
3,Whom did Lauren Bacall marry after her husband Humphrey Bogart died ?
3,What are the top boy names in the U.S. ?
3,What major airline has the best safety record in the world ?
3,Rotary engines were manufactured by which company ?
3,What first name was Nipsy Russell given at birth ?
3,What contemptible scoundrel stole the cork from my lunch ?
3,Who played the father on `` Charles in Charge '' ?
3,Who is Olive Oyl 's brother ?
3,What director made one silent and one sound version of The Ten Commandments ?
3,"Whose special bear 's creator was born on January 18 , 1779 ?"
3,"What schools in the Washington , DC NN NN VBP NN NN NN NN ."
3,What was the name of the cook on Rawhide ?
3,What is Pittsburgh 's baseball team called ?
3,Who is Stein Eriksen ?
3,Who is the president of Bolivia ?
3,Who has the only speaking role in `` Silent Movie '' ?
3,Who built the first successful stern wheel steamboat ?
3,Who won the Battle of Gettysburg ?
3,What doctor is synonymous with footwear and foot care ?
3,Who invented `` The Muppets '' ?
3,Who is the prime minister of Australia ?
3,Who was the first English circumnavigator of the globe ?
3,What is Goldfinger 's first name ?
3,What was Thatcher 's first name ?
3,Who wrote `` Much Ado About Nothing '' ?
3,Who replaced Bert Parks as the host of The Miss America Pageant ?
3,What female painter produced primitives of rural New England life ?
3,What actress 's autobiography is titled Shelley : Also Known as Shirley ?
3,Who was the king who signed the Magna Carta ?
3,Name the food company that traveled to Soviet Georgia to film a series of ads .
3,Who was known as the Time Master in comic books ?
3,What level of government or governmental agency is responsible for dealing with racism ?
3,Who was the architect of Central Park ?
3,What university fired Angela Davis ?
3,Who asked the musical question : `` Have you ever been to electric lady land ? ''
3,What little boy and dog live in a shoe ?
3,Who is actress Goldie Hawn 's current actor boyfriend ?
3,Who is the fastest swimmer in the world ?
3,What 's Japan 's largest car manufacturer ?
3,Who was the Democratic nominee in the American presidential election ?
3,Who invented the horoscope ?
3,Who was the author of the famous fairy tale `` Snow White and Seven Dwarfs '' ?
3,"Who portrayed Fatman in the television show , `` Jake and the Fatman '' ?"
3,What future President became Senate majority whip under Harry Truman ?
3,What journalist can be found in and around Walden Puddle ?
3,Who made the first airplane ?
3,What author of the Days of Our Lives Cookbook signed on in 198 as Liz Chandler in TV 's Days of Our Lives ?
3,Who told all in Ball Four ?
3,What English queen had seventeen children ?
3,Who won World War II ?
3,What was the name of the Titanic 's captain ?
3,What tennis player has the nickname `` Nasty '' ?
3,What was Thatcher 's first name ?
3,Saddam Hussein was compared to whom by President Bush ?
5,How many languages does the Pope speak ?
5,When is a woman most fertile ?
5,What percentage of Americans own their homes ?
5,In what year did they build the Berlin Wall ?
5,What is the student population at the University of Massachusetts in Amherst ?
5,When does the average teenager first have intercourse ?
5,What are the odds of giving birth to twins ?
5,When does the average teenager first have intercourse ?
5,How many disks does each player have in a four-handed game of Crokinole ?
5,How many head injuries are there in recreational ice skating each year ?
5,When did the Dow first reach ?
5,How many varieties of twins are there ?
5,How many shots can a stock M16 hold ?
5,How long did it take Stanley to find Livingstone ?
5,What is the speed of the Mississippi River ?
5,What percent of world 's fresh water is found in Canada ?
5,How many grooves are on a dime 's edge ?
5,How large is the Arctic refuge to preserve unique wildlife and wilderness value on Alaska 's north coast ?
5,When did the use of `` the syringe '' first appear in medicinal history ?
5,How many points is a bullseye worth in darts ?
5,How many different languages are spoken in Europe ?
5,How long does a dog sleep ?
5,When was the San Francisco fire ?
5,How long do cardinal eggs incubate ?
5,How long does the average domesticated ferret live ?
5,How much could you rent a Volkswagen bug for in 1966 ?
5,What month did the Edmund Fitzgerald sink ?
5,How many years did Shea & Gould practice law in Los Angeles ?
5,How far can a man travel in outer space ?
5,How long does a human live ?
5,What is the cost of the drugs used in tuberculosis treatments ?
5,What ratio of children of ages between two and eleven watch ` The Simpsons ' ?
5,How many astronauts manned each Project Mercury flight ?
5,When was Florida admitted into the Union ?
5,How many innings are there in a regulation softball game ?
5,How many points are there on a Backgammon board ?
5,What was the number of people that Randy Steven Craft was convicted of killing ?
5,What is the time it takes a typist to type a screenplay that is 100 pages long ?
5,How many chemical elements are there ?
5,When was the first Wall Street Journal published ?
5,How many `` eyes '' does a coconut have ?
5,How many consecutive baseball games did Lou Gehrig play ?
5,When does the Bible say the seasons started ?
5,The Olympic Games in which year allowed Nadia Comaneci to become popular ?
5,How many hands does Bjorn Borg use when hitting his forehand ?
5,How many electoral college votes does Colorado have ?
5,How many continents are there ?
5,When was Ozzy Osbourne born ?
5,When is the site www.questions.com going to open ?
5,The Iraqis launched their attack on Kuwait on what day ?
5,How many e-commerce companies are started every day ?
5,When was Ozzy Osbourne born ?
5,How many double-word-score spaces are there on a Scrabble Crossword Game board ?
5,How long does it take the moon to revolve around the Earth ?
5,How many dollars a day did Arthur Frommer say you could get by on in Europe in 1968 ?
5,What is the normal resting heart rate of a healthy adult ?
5,How much did the minimum wage amount to in 1991 ?
5,What is the probability that at least 2 out of 25 people will have the same birthday ?
5,What percentage of the body is muscle ?
5,How long does it take the typical hen to lay 19 dozen eggs ?
5,How many years did it take James Joyce to write Ulysses ?
5,How many gallons of water go over Niagra Falls every second ?
5,What year was Janet Jackson 's first album released ?
5,What year did Charles Dicken die ?
5,How many Vietnamese were there in the Soviet Union ?
5,How long does it take light to reach the Earth from the Sun ?
5,How long does the average domesticated ferret live ?
5,What year was the Avery Dennison company founded ?
5,"On average , how long time does it take to type a screenplay ?"
5,How many mountains have been named for Presidents in the continental USA ?
5,When did Spielberg direct `` Jaws '' ?
5,How much does the President get paid ?
5,What amount of money did the Philippine ex-dictator Marcos steal from the treasury ?
5,When was the bar-code invented ?
5,What percentage of the world 's plant and animal species can be found in the Amazon forests ?
5,How many languages are there in the world ?
5,What is the date of Bastille Day ?
5,How many web servers are there ?
5,How fast does the fastest car go ?
5,How many stars are there in Big Dipper ?
5,What is the average hourly rate of American workers ?
5,What is Maurizio Pellegrin 's age ?
5,How many chairs are shown in Vincent Van Gogh 's 188 work The Artist 's Room in Arles ?
4,What are the four largest mountain ranges in the continental United States ?
4,"What two Japanese cities are spelled with the letters K , O , O , T and Y ?"
4,Which is the wealthiest country in the world ?
4,Where can I find a large list of 5 to 6 letter words ?
4,Where 's the Petrified Forest ?
4,Where can I find a person 's address from a telephone number ?
4,"Where was the Cisalpine Republic , 1797-185 , ?"
4,Where can I find a person 's address from a telephone number ?
4,"Where was helium first discovered , hence its name ?"
4,Where do you find information about the Queensland National Competition Policy
4,Where is Tornado Alley ?
4,What state has the longest Great Lakes shoreline ?
4,Where is Procter & Gamble based in the U.S. ?
4,What countries have the largest armed forces in the world ?
4,Where did Sarge Steel get his metal hand ?
4,Where is the Orange Bowl ?
4,What erupts every hour at Yellowstone National Park ?
4,What is Britain 's possession on the Chinese mainland ?
4,Where can I find the status of my tax return ?
4,What 's the name of the temple that is located near the capital city of Laos ?
4,What country was Sir Edmund Hillary born in ?
4,What state in the U.S. has the most blacks ?
4,"What is the address for the main government office in Rome , Italy ?"
4,What city 's theatrical district has been dubbed The Roaring Forties ?
4,In what country is a stuck-out tongue a friendly greeting ?
4,In what part of the world is Mozambique ?
4,Where are the Union Stockyards ?
4,What is the highest mountain in the world ?
4,What 's the capital of Iowa ?
4,What is the best online games site ?
4,Jackson Pollock is of what nationality ?
4,What country has the best defensive position in the board game Diplomacy ?
4,What southwestern state is dubbed The Silver State ?
4,McCarren Airport is located in what city ?
4,What 's the fifth-largest country in the world ?
4,Where can I find information on the Narragansett Indians and other tribes in Rhode Island ?
4,What continent pushes up the Executive Committee mountain range ?
4,What building built in 18 contains 327 miles of book shelves ?
4,Where are the 49 steps ?
4,What is the location of McCarren Airport ?
4,What United States city produces the most oil ?
4,In what city does Maurizio Pellegrin now live ?
4,What state does Martha Stewart live in ?
4,Where did Hillary Clinton graduate college ?
4,Where are the U.S. headquarters for Procter & Gamble ?
4,What sprawling U.S. state boasts the most airports ?
4,What city is served by Logan International Airport ?
4,What state full of milk and honey was the destination in The Grapes of Wrath ?
4,What Russian city used to be called St. Petersburg and Petrograd ?
4,What sprawling U.S. state boasts the most airports ?
4,Where are the leading medical groups specializing in lung diseases ?
4,Where was Pythagoras born ?
4,What country has the highest arson rate ?
4,Where can I buy movies on videotape online ?
4,Where can I buy a good snowboard for less than $200 ?
4,Where is Logan Airport ?
4,What U.S. state borders Illinois to the north ?
4,On which Hawaiian island is Pearl Harbor ?
4,What country 's people are the top television watchers ?
4,What were the first bodies visited by spacecraft ?
4,What are the ten safest American cities for pedestrians ?
4,What country are you visiting if you land at President Duvalier Airport ?
4,Where is Windsor Castle ?
4,Where can I find information on the cyclone that hit New Jersey on 8/28/1941 ?
4,What city 's theatrical district has been dubbed The Roaring Forties ?
4,Where is the Taj Mahal ?
4,What country has the port of Haifa ?
4,Where is South Bend ?
4,What stadium do the Miami Dolphins play their home games in ?
4,Name an art gallery in New York .
4,What city is near the mouth of the Amazon ?
4,What country was General Douglas McArthur in when he was recalled by President Truman ?
4,What city is the Kentucky Horse Park near ?
4,Where did makeup originate ?
4,What were the cities of Dickens 's A Tale of Two Cities ?
4,Where are the headquarters of Eli Lilly ?
4,What is Bill Gates of Microsoft E-mail address ?
4,Where does the U.S. get most of its energy ?
4,Where did he get the title ?
4,"Where on the Web is Adventours Tours from Sydney , Australia ?"
4,Name a country that is developing a magnetic levitation railway system ?
4,Where does the song Anything Goes take place ?
4,What is one of the cities that the University of Minnesota is located in ?
0,How do I sing like Elvis Presley ?
3,What comedian was born Allen Stewart Konigsberg ?
