class,text
0,Prohibitively expensive.
1,"A speedy printer, basic and economical. "
0,"Battery life, Slow Message writing, No MMS or GPRS"
1,"Smart design, reliable battery life, and clear calls."
1,"Functional (Vibrate & high mode, etc.)"
0,could use more memory
0,It whines.
1,"Superb image quality, no mangenta/blue/red in your pics!Hi sharpness, 8M card to get started."
1,"Excellent call quality, bluetooth, clamshell form factor, sexy face plate."
0,"Flash, Pictures, Software, Drivers"
1,"PRICE!, print quality, holds two ink cartridges"
1,"Thin, sexy, bright display, all the bells and whistles"
0,Big. Takes up alot of space on my desk though.
1,"Quality of build, compact, ease of use, big 2&amp;quot; LCD display"
0,"spendy, but worth it"
0,"Slow, even on normal print jobs."
0,"Crappy camera, terrible colors and poor speaker volume, does not support MP3s"
1,Priced right for a beginner.
0,Must learn all the options! Many! Get extra battery! 
0,no battery indicator.
0,"Features, user friendliness"
0,"Loud, Slow To Start Up"
0,The phone lacks ergonomics and you end up hunting for the controls.
0,Doesn't have anything special other than just a camera phone.
1,"Changeable case, Ring tones, Good screen"
0,"Battery Time, Heat After Long Use, Reception, Screen Picks up Grime"
0,No zoom
1,Absolutely no redeeming qualities about this camera.
1,"Clear, crisp and realistic color printing"
0,"Battery life, no image editing software"
0,Very pricey
0,"no optical zoom, sometimes get circles"
0,A drop-in charger would be nice.
1,very slim. nice design. big screen
1,"small size!, convenient and easy usability, reasonable solid performance"
0,bed
0,Ink consumption is little too much.
1,Good picture quality
1,"Incredible value, black text print quality."
1,"small, light, long battery, direct-connect"
0,Baterry life is momentary
1,"Easy to use, good quality images, nice features, good for most people"
0,"display went bad, but they replaced within days"
1,overall beauty
1,Nice idea
1,"Great Prints, Great Color"
1,"Small Size, BIG Capabilities"
1,"whitish blue backlight color, animated menus, clear sound, cheep price, pretty light, etc."
0,None!
1,Inexpensive and Reliable
1,"12 ppm, 600x 600 resolution, AFFORDABLE!"
1,"Scans, Copies, Faxes AND Prints! It's an HP!! Sleek"
1,"Easy Menu system, standard vibrator ring, customizable face plates"
0,Batteries take about 8 hours to charge.
1,"Excellent build quality, durable, great resolution and clarity, Nikon lenses are among the best"
1,"Flexibilities, compactness, night photo, macro, super macro mode, many settings, my mode, historgram, accessories., "
1,Brilliant Blue Backlighting; Easy to Use; Color Screen; Great Ringtones
1,Great Camera for $900-$1200 range
1,it has lexmark technology
1,"It supports GPRS, GSM, TDMA, and analog. It has voice dialing and built in vibration."
0,"Poor image quality,no flash"
0,Gets some stray work groups from time to time.
0,screen goes blank and no support from manufacture
0,Weak vibrating option
1,"Easy to maneuver, very lightweight"
1,Easy to use
0,"SLOW SHUTTER, blurry pictures, no ability to capture moving shots."
1,Everything
1,"all in one, pcfax is great."
0,Battery life
0,"Scarce, hard to get."
0,horrible color issues left my pictures looking unrealistic &amp; cartoon-like
0,can only scan and photocopy pics and sheets of paper
0,"Antenna Close to Head, Some Problems with Call Quality"
0,Minor nozzle clogging issue in some situations
0,pay long distance for tech support
0,"Bad red-eye, high battery drain, no lens cap holder.  8MB card is small."
1,"Why  I wanted to buy another NOKIA, is It's one of the better cell phones"
0,Displays not readable in sunlight.
0,bad price
1,"For the price, it is a great printer"
1,"A good overall phone.  Excellent reception, loud ringtones, beautiful inner display."
0,None
1,Excellent photo quality and lots of great features!
0,Speed is a bit leisurely.
1,Need i say more
1,Excellent high resolution photos with 35mm camera functions
0,Print quality is not as good as a more expensive printer
0,"buttons too small for my small fingers, not intuitive, difficult navigation, confusing menu nesting"
0,"High purchase price, high cost per page for ink, heavy, and bulky."
0,Learning curve
0,"No spot focus, slow ISO 100 sensitivity, feels kind of cheap but isn't."
0,Short battery life
0,no print preview built into the driver/print quality greatly deteriorates over time
0,Battery life isn't great and the memory card is not large enough
0,"Battery life, form factor."
1,High quality for the money.
1,"Overall a nice, easy to use printer"
0,"Bulky, low-resolution, expensive"
1,alot
