class,text
2,Tiger Woods has vowed to play on despite being plagued by a sore back in his opening round of the WGC-Amex championship in Ireland.
3,Boeing Co.'s former chief financial officer pleaded guilty Monday to illegally hiring a top Air Force official who has admitted she gave the company preferential treatment on a \$23 billion tanker contract.
2,Fans of the Chargers and Raiders can relax: Sunday #39;s game between the two teams at Qualcomm Stadium will be televised locally.
4,"AP - Chinese makers and distributors of pornographic materials sent through the Internet, mobile phones and other communication devices will face penalties as severe as life in prison under new rules that take effect Monday."
3,Philippine President Gloria Macapagal-Arroyo Thursday expressed confidence in the country #39;s economy outlook and called all sectors not to be off the track in the major economic reforms.
1,KIEV -- The bitter political crisis that has gripped Ukraine for more than two weeks eased dramatically yesterday as parliament overwhelmingly approved a compromise package of laws strengthening safeguards against electoral fraud while weakening presidential powers.
1,"Russian President Vladimir Putin and China #39;s prime minister, Wen Jiabao, have met in Moscow for talks on trade and the fight against terrorism."
3,"WALL STREET analysts last night said a second experimental pain killer under development by Merck, the American drugs maker, could be delayed until 2007, after regulators asked for more information on the medicines safety."
3,"Worldwide semiconductor sales rose a scant 1.5 percent in October, to \$18.8 billion from \$18.5 billion in September, as many chip users pared bloated inventories, the Semiconductor Industry Association said on Friday."
1,"A militant group has abducted 11 members of the Iraqi National Guard, said a statement posted on the group #39;s website on Tuesday."
3,Nintendo Co. and Sony Corp. made separate product unveilings yesterday that the video game giants hope will attract more customers ahead of the highly competitive holiday shopping season.
4,"AP - A handmade dress worn by Destiny's Child, a poster signed by Jennifer Lopez and a guitar signed by Wyclef Jean are on sale in an MTV internet auction to raise money for hurricane victims in the Caribbean."
1,Care International suspended operations in Iraq today after gunmen seized the British woman who ran the humanitarian organisations work in the country.
3,Medical device company Boston Scientific Corp. said Wednesday the Food and Drug Administration granted the company US marketing clearance for its peripheral cutting balloon microsurgical dilation device to improve blood flow to diseased kidneys.
2,Eddie Jordan checked out of the hospital yesterday. He ended up there after Washington Wizards trainers examined his swollen left calf on Thanksgiving morning and immediately recommended that the team #39;s head coach see a physician.
1,"Yasser Arafat #39;s last days on earth, a subject of intense interest throughout much of the world, have evoked mixed emotions in the country that was his life #39;s obsession: Israel."
1,"Ariel Sharon, the Israeli prime minister, accused some far-rightists today of trying to incite civil war and urged measures to curb such groups, which oppose his plan to withdraw from the Gaza Strip."
3," NEW YORK (Reuters) - The U.S. winter will be longer and  slightly colder than the last, private forecasters say,  spelling a spike in heating oil and natural gas demand even as  high oil prices drive up the cost of heating."
2,"Seattle, WA -- The Fresno State defense forced five turnovers, three of them being returned for touchdowns, as the Bulldogs defeated the Washington Huskies by a score of 35-16 in the season opener for both schools at Husky Stadium."
1,The trials of seven Pitcairn Island men charged with almost 100 child sex abuse crimes have been delayed till tomorrow. Prosecution police and some court officials had arrived on the island only 
1,At least five people have serious injuries after a high-speed train derailment in south-east Queensland. A Tilt Train commuter service with 157 passengers and seven staff on board came off the tracks north of Bundaberg just after midnight.
1,November is proving to be a bumper month for computer games - and it is not over yet.
2,"CALGARY -- After losing the annual Labour Day Classic last year to the Calgary Stampeders, the Edmonton Eskimos wanted revenge. The Eskimos built up a 19-0 first-half lead and held on for a 25-7 win yesterday "
2,AP - The accolades flow when Louisiana Tech coach Jack Bicknell talks about the Boise State football team.
3,"Williams Industries Inc. said its \$780,000 loss in the past fiscal year was due, in part, to ""political haggling"" over highway spending."
1,"AP - Iraq's top Shiite cleric, Grand Ayatollah Ali al-Sistani, made a dramatic return to Najaf on Thursday and swiftly won agreement from a rebel cleric and the government to end three weeks of fighting between his militia and U.S.-Iraqi forces."
1,"NEW YORK - Investors bid stocks higher Tuesday as oil prices declined and earnings results from a number of companies, including International Business Machines Corp. and Texas Instruments Inc., topped Wall Street's expectations..."
4,Reuters - Hormone-fueled songbirds are\steadily forcing out a rival species in North America's
3,NEW YORK (Dow Jones)--Chinadotcom Corp. (CHINA) said government-controlled China Mobile Communications Corp. imposed sanctions on its Go2joy mobile applications unit for alleged offenses in its business practice. 
2,"GLYFADA, Greece - When the first notes of the national anthem of Israel pierced the night air, years of yearning came pouring out of Israelis at the Olympic Sailing Centre."
1,"The Israeli cabinet agreed Sunday morning to free dozens of Palestinian prisoners in a goodwill gesture ahead of the upcoming Palestinian presidential elections, officials said."
2,"DENVER - Potential jurors in the rape trial of NBA star Kobe Bryant are filing into the Eagle County Courthouse in Colorado today, ready to fill out questionnaires that could determine if they become a part of this high profile trial."
1,"PORTLAND, Ore. - It's been almost a year since singer-songwriter Elliott Smith committed suicide, and fans and friends will be looking for answers as the posthumous ""From a Basement on the Hill"" is released..."
4,"Google #39;s still-not-released-to-the-public free Gmail e-mail service adds POP3 support, letting users send and receive messages from Microsoft Outlook clients."
3,A federal court jury on Tuesday ordered a Medtronic subsidiary to pay about \$110 million in a dispute between the company and a doctor who invented some of its spinal fusion technologies.
2,"Chelsea striker Mateja Kezman and club keeper Petr Cech have come out in support of team-mate Adrian Mutu.  quot;It was a shock for all of us, quot; said Kezman about Mutu failing a drug test."
1,"Rocco Buttiglione, the Italian nominee to the European Commission whose views on homosexuality resulted in an impasse with MEPs, yesterday decided to step aside."
3,Last week's disclosure that former House Speaker Thomas Finneran will run the Massachusetts Biotechnology Council was just the latest sign that life sciences is a key industry in Boston.
4,"Beginning Friday, travelers on Northwest Airlines will have to pay as much as \$10 extra to buy tickets by phone or in person, rather than through Northwest's Web site. &lt;BR&gt;\&lt;FONT face=""verdana,MS Sans Serif,arial,helvetica"" size=""-2""\ color=""#666666""&gt;&lt;B&gt;-The Washington Post&lt;/B&gt;&lt;/FONT&gt;"
3,"Robert Polet, chief executive of the Gucci Group, named company veteran Mark Lee to the post of president and managing director of the Gucci division, moving quickly to "
1," BAGHDAD (Reuters) - Insurgents threatened to kill two  Americans and a Briton unless the United States freed Iraqi  women prisoners, Al Jazeera said Saturday, and a suicide car  bomb killed 23 people outside Iraqi National Guard offices."
3," NEW YORK (Reuters) - U.S. stocks opened higher on Tuesday,  as oil prices eased and insurance stocks extended gains from  their rally late on Monday."
1,Russian President Vladimir Putin is to attend an EU summit despite diplomatic sniping over the  Ukraine crisis.
4,"NDS, STMicroelectronics and Thomson said on Friday they will develop new encryption technology to foil video piracy, a \$3.5 billion problem for broadcasters and movie studios."
3,The US Air Force #39;s former No. 2 weapons buyer was sentenced to nine months in prison on Friday after telling the court she had given Boeing Co.
3," SINGAPORE (Reuters) - Asian investors took advantage of a  pause in climbing oil prices on Thursday to buy beaten-down  technology stocks, autos and other exporters, snapping a  nine-session losing streak by Japan's key stock index."
3,MOSCOW (CP) - Petro-Canada and Russia #39;s Gazprom have signed a tentative deal aimed at shipping liquefied natural gas to North American markets by 2009.
3,"Qualcomm Inc. may change the way it recognizes royalties from its licensees, which would reduce fourth-quarter pre-tax income by \$298 million, the company said on Friday."
1," LUXEMBOURG (Reuters) - EU foreign ministers agreed to lift  an arms embargo on Libya on Monday, despite fears for Bulgarian  and Palestinian medical workers sentenced to death there, but  imposed a visa ban on senior officials from Myanmar."
3,"CAMBRIDGE -- Three-year-old Momenta Pharmaceuticals Inc. already has seen its share of milestones. Its scientists cloned the first Heparin sugar-degrading enzyme, a breakthrough in understanding the role of complex sugars as a conduit for viruses and diseases. Its executives recruited medical luminaries like M. Judah Folkman and Eugene Braunwald to the company's scientific advisory board."
3,"Cairn Energy, the UK-based oil  amp; gas major said on Tuesday that it plans to produce up to 5mn tons of crude oil from its recent discoveries in Rajasthan by the end of 2007."
4,"com September 22, 2004, 4:17 PM PT. Most IT Managers won #39;t question the importance of security, but this priority has been sliding between the third and fourth most important focus for companies."
4,"AP - Not too long ago, Google Inc. seemed little more than a pesky insect to Microsoft Corp.'s 800-pound gorilla. No more. As Google rapidly rolls out new products, the company best known for its wildly popular search engine is muscling into the software giant's turf, including its stronghold: the computer desktop."
1,AFP - Three men charged under Britain's anti-terrorism laws on suspicion of seeking to obtain radioactive material to make a nuclear device made a brief first appearance Saturday before a London court.
4,"FT.com - PCCW, the Hong Kong telecoms group, has ruled out a nationwide roll-out of its UK wireless broadband service in the near term in a move that will reduce competition in the market for fast internet access."
3," LONDON/NEW YORK (Reuters) - InterContinental Hotels Group  Plc &lt;A HREF=""http://www.investor.reuters.com/FullQuote.aspx?ticker=IHG.L target=/stocks/quickinfo/fullquote""&gt;IHG.L&lt;/A&gt; said on Friday it was selling 13 hotels to  Hospitality Properties Trust &lt;A HREF=""http://www.investor.reuters.com/FullQuote.aspx?ticker=HPT.N target=/stocks/quickinfo/fullquote""&gt;HPT.N&lt;/A&gt; for \$450 million, as part  of its strategy to sell hotels it owns and focus on franchising  and managing instead."
4,"AP - Microsoft Corp. chairman Bill Gates signed a cooperation agreement with UNESCO on Wednesday to improve access to computers, the Internet and information technology training in developing countries."
3,"Oil futures prices sank below \$50 a barrel Monday, continuing the selloff sparked last week by rising US supplies of crude and easing fears about the refining industry #39;s ability to satisfy heating oil demand."
4,"Though about the same size, the forthcoming dual-core Opteron will be up to 55 percent faster than today's single-core chips, AMD says."
3,A corporate dealmaker and former Tory Party treasurer is reportedly planning a 5bn takeover bid for struggling supermarket chain Sainsbury #39;s.
1,"VIENNA: Iran may be hiding the equipment its military bought and could be used to make nuclear-weapons-grade uranium, despite its agreement to freeze all such programmes and place them under UN supervision."
2,"AP - His post-majors funk behind him, Ernie Els was back in his element Friday. Playing some of his best golf in the worst conditions, Els breezed through a wacky day of weather at the American Express Championship by starting with four straight birdies and finishing with an 8-under 64, giving him a two-shot lead and hope that he still has a lot to play for this year."
2,"Reggie Bush has two long touchdown runs and No. 1 USC holds off the Bruins, 29-24, to virtually lock up a trip to the Orange Bowl for the BCS title game."
1,A test of the planned US anti-missile defence shield fails in the first mission in almost two years.
3,"Ousted PeopleSoft (PSFT) CEO Craig Conway acknowledged in court Wednesday that he countered rival Oracle #39;s (ORCL) hostile takeover bid with a crusade to vilify the company and its CEO, Larry Ellison."
3,"The IT services company may lay off as many as 20,000 from its global workforce of 125,000, in an effort to remain competitive with archrival IBM and low-cost offshore service providers."
1," BANGALORE, India (Reuters) - India's most wanted bandit,  Koose Muniswamy Veerappan, was killed Monday in a shootout with  police who have for years been hunting the smuggler who killed  more than 100 people and kidnapped a movie star."
3,Only one satellite radio stock is worth buying...and it #39;s not the one that snagged Howard Stern. This is an update of a column that originally ran on September 30.
4,"On Wednesday August 25, Microsoft is rolling out the Windows XP Service Pack 2 to the new Windows Update site so the public can update automatically. For the majority of home users, it #39;s a case of Just Do It. The SP2 update adds security ..."
1,"Reuters - Senate Democratic leader Tom\Daschle, fighting for political survival, angrily rejected\Republic challenger John Thune's claim on Sunday that he had\emboldened the enemy in Iraq and undermined U.S. troop morale."
2," ORLANDO, Fl. (Sports Network) - Hedo Turkoglu came off the  bench to contribute 19 points and Dwight Howard netted 15  points with 11 rebounds, leading the Orlando Magic over the  Dallas Mavericks, 94-84, at TD WaterHouse Center. Steve Francis  fell just shy of a triple-double, finishing with 16 points, 10  boards and nine assists while Grant Hill collected 17 points  with nine rebounds for Orlando, which handed the Mavericks  their first loss of the 2004 season."
2,"AP - Their right guard went down early in training camp, and their star inside linebacker followed shortly after that. The veteran quarterback joined the injury list two games into the season, and their Pro Bowl nose tackle, top cornerback and best running back followed."
2,Engineering director Pat Symonds was philosophical after a disappointing result at Suzuka  and is looking forward to Brazil with renewed determination.
2,"ST. LOUIS - Rain or shine, the St. Louis Cardinals #39; big bats always seem to come through in the end. Albert Pujols led off the eighth inning with a tiebreaking home run, Scott Rolen followed with his second "
2,SOMEBODY obviously hasn #39;t mentioned to Kevin Keegan that he #39;s supposed to be tactically naive. Because there was nothing remotely naive about Keegan #39;s tactics at Old Trafford yesterday as the Manchester City 
2,AP - The Tampa Bay Buccaneers found a tonic for their sputtering offense in the Chicago Bears' porous run defense.
2,View the first in a series of photo galleries from the Denver Broncos game against the Atlanta Falcons. The Falcons won 41-28. Denver Broncos quarterback Jake Plummer (16) sets to throw a 80-yard touchdown 
3," CHICAGO (Reuters) - United Airlines &lt;A HREF=""http://www.investor.reuters.com/FullQuote.aspx?ticker=UALAQ.OB target=/stocks/quickinfo/fullquote""&gt;UALAQ.OB&lt;/A&gt; has begun  reaching out to potential lenders for financing to leave  bankruptcy, the company said on Friday."
1,WASHINGTON : The United States condemned recent attacks by Sri Lanka #39;s Tamil Tigers as an  quot;assault quot; on the country #39;s fragile peace process and welcomed this week #39;s government overture to the separatist rebels.
1,"22 August 2004 -- The US-led coalition forces said that troops fired on a truck that attempted to run through a joint Afghan National Army and coalition checkpoint near Ghazni, killing three and wounding two others."
4,Virgin Group announced on Monday that it has launched a new online music store that will offer music downloads for the regular price of \$0.
3,Delta Air Lines Inc. said Monday that it has achieved \$50 million of an estimated \$135 million in additional liquidity that the company will need to meet financing commitments in early 2006 
1,Senior Palestinian officials said they planned to travel to Paris on Monday to assess the health of the Palestinian leader and meet with doctors and French authorities.
4,Top Silicon Valley venture capitalists who missed out on the Google deal are scratching their heads.
2,"WALTHAM -- OK, granted, we're not Texas or Florida, and we're not Arkansas, Nebraska, or Alabama, either. In the grand scope of Football America, what we are is quaint."
3,NEW YORK - The effect of new US overtime rules that go into effect today are the subject of intense dispute between labor groups and the Bush administration.
4,"AP - Negotiators worked through the final day of a two-week U.N. conference Friday in search of a way to bring the United States back into long-term talks on controlling global warming. A key European official saw a ""50-50"" chance of compromise."
1,"Reuters - A small group of suspected\gunmen stormed Uganda's Water Ministry Wednesday and took three\people hostage to protest against proposals to allow President\Yoweri Museveni for a third term.\Police and soldiers with assault rifles cordoned off the\three-story building, just 328 feet from Uganda's parliament\building in the capital Kampala."
2,"Alecko Eskandarian had two goals and Jaime Moreno three assists, leading D.C. United to a 3-0 win over the Dallas Burn yesterday at Washington."
2,The No. 1 pick in the NFL was given the starting job Monday after coach Tom Coughlin benched two-time MVP Kurt Warner following losses in three of the last four games.
1,Reuters - An Iranian exile group accused Tehran on\Friday of using advanced laser technology to secretly enrich\uranium and of lying to the United Nations nuclear watchdog\body about the covert program.
1,"AP - Responding to a spate of deadly terror attacks, President Vladimir Putin on Monday announced a series of far-reaching initiatives that would significantly strengthen the Kremlin's control over the country's political life."
2,Tennessee quarterback Steve McNair was released from the hospital Tuesday morning after a two-night stay with a bruised sternum. McNair was injured late in the Titans #39; 15-12 loss to Jacksonville on Sunday.
2,"Should the Angels fail to make the playoffs by the slimmest of margins, they will look back and remember a handful of games and a group of antagonists, both likely and unlikely, that led to their demise."
1,"AP - A uranium conversion facility in Iran is nearing completion, a top official said Sunday, only days after European countries offered a deal in which Iran would reportedly have to give up all nuclear activities."
2,The Mild Seven Renault F1 Team this evening announced that French-Canadian Jacques Villeneuve will test for the team at Silverstone.
3,"American Airlines expects soaring jet fuel prices to push its expenses up more than \$1 billion in 2004 from last year #39;s level, parent AMR Corp."
3,"A union representing 10,000 striking casino-hotel workers tentatively agreed to a new contract late Monday, ending a bitter month-old walkout that disrupted casino operations, made gamblers sleep in unmade beds and put rank-and-file workers onto noisy "
1,"AP - Clooney, Paterno, Bird, Sheen: The guest list at a party for Hollywood ""A""-listers and sports legends? No, just some of famous names running for House seats or helping House candidates around the country."
3,"UC Berkeley, hoping to wean students away from free file-sharing programs like Kazaa, will offer subscriptions to a licensed online music service for \$2 per month starting this school year."
4,"Web-based caller I.D. spoofing is back, and this time it's available to everyone.\"
1," WASHINGTON (Reuters) - The United States hopes to boost the  availability of electricity throughout Iraq to at least 18  hours a day by the end of next year from 11 to 15 hours now,  the top U.S. aid official said on Friday."
3,"Hugh Osmond, the pubs-to-pizzas entrepreneur, is to make a dramatic move into Britain #39;s life insurance market by leading a 1billion cash acquisition "
2,"England captain Michael Vaughan hit 74, but India #39;s bowlers delivered a consolation victory in the third and final NatWest Challenge one-day cricket international at Lord #39;s."
2,Reuters - Vince Carter drilled a\tiebreaking three- pointer with 4.8 seconds remaining to lift\the Toronto Raptors to a 101-97 victory over the Portland Trail\Blazers at Air Canada Center.
3,DreamWorks Animation #39;s initial public offering scheduled Thursday may benefit from the company #39;s recent box-office success.
2,"The narrative of homegrown athletes triumphing over foreign opponents resonates with Russian sports fans, reaffirming their conviction that their country #39;s athletes are no worse, and in many cases even better, than athletes abroad."
4,A genetic test that can be used to determine the origin of poached ivory could help combat the illegal trade in elephant tusks and their products.
2,"NEW YORK Sept. 3, 2004 - Kevin Brown #39;s frustrating season finally reached a boiling point, and now his hot temper could cost the New York Yankees at the most important time."
4,Windows vs Linux : Web Hosting\\The Basics of Linux  #038; Windows : Linux (and its close relation Unix) and Windows 2000 (and its close cousin Windows NT) are types of software (known as operating systems) that web servers use to do the kind of things that web servers do. You ...
4,"SanDisk this week announced a series of CF (CompactFlash) cards that double the read and write speeds of its fastest flash cards available today, as well as an 8GB version of its Ultra II CF Type 1 flash memory card."
1,"BAGHDAD, November 12 (IslamOnline.net  amp; News Agencies) - As the US military continued Friday, November 12, their massive sweep of Fallujah, resistance attacks were remarkably intensified across the war-torn country, in an effort to alleviate the "
2,That #39;s when Arsenal and Manchester United are set to meet again in the Premier League. The bitter rivalry between the two giants of English soccer grew even nastier after Sunday #39;s 2-0 United victory at Old 
3,"Betting on strong demand for high-speed internet access in the next few years, Brazilian phone companies are rushing to set up for a broadband boom."
1,"Namibian President Sam Nujoma #39;s chosen successor, Hifikepunye Pohamba, has won a landslide victory with 75 of the vote in the country #39;s third elections since independence, according to official results."
2,Wolfsburg can reclaim top spot in the Bundesliga for 24 hours at least if they can pile more misery on misfiring Bochum on Saturday.
4,"AP - Washington state's resident killer whales, with two newborns in tow, dodged a potentially lethal roadblock in their voyage south to feast on a healthy run of chum salmon, experts say."
4,Millions of Hotmail users face having to pay to access their messages using the Outlook e-mail program.
3,"FPL officials don #39;t yet know whether they #39;re facing a repair or rebuild effort. Nearly 1.6 million households and businesses are without power from Hurricane Jeanne, but residents in Palm Beach County could "
3,"LONDON, November 22 (newratings.com) - Dutch banking and insurance company, ING Group (INN.ETR), has agreed to sell its Baring Asset Management division in two separate deals, for collective net gains of about 250 million."
4,"InfoWorld - Application developers are getting a raft of new options this week with Sun updating J2SE, Borland upping its CORBA ante, and Compuware detailing products that will work with Microsoft's Visual Studio 2005 toolbox."
4,Distraught staff receive counselling over unpaid bill
2,"Last night at the MEN Arena, Manchester it took Ricky Hatton less than two minutes to finally recover from a dull and frustrating year."
4,"BizRate, one of the most popular comparison shopping Web sites, will introduce a new service today, called Shopzilla.com, to compete with a host of rivals like Shopping.com."
4,"Reuters - Swimmers and surfers on a\popular Venezuelan beach got a shock when a nearly 10-foot\(three-meter) fresh-water crocodile surfaced in the Caribbean\sea off the coast near Caracas, officials said on Wednesday."
4,"PC World - Silicon Graphics comes in second for ""fast computer"" bragging rights."
1,CAIRO -- Egyptians enraged at Israel's mistaken killing of three border policemen protested yesterday after Friday prayers at Cairo's main mosque under a banner that read:  quot;The pigs' apology doesn't quench our rage. quot;
4,"Open Source Risk Management (OSRM), the only vendor-neutral provider of Open Source risk mitigation and warranty solutions, today announced that OSRM founder and chairman Daniel Egger was designated  quot;one of the 50 most influential individuals in tech "
4,Red Hat Enterprise Linux 3 Update 3 limits how much damage a hacker could do. The company said the release is ahead of schedule and not a reaction to any specific threat.
2,"Bangalore, Oct. 8. (PTI): After winning the battle against Indian spinners Anil Kumble and Harbhajan Singh, Australia #39;s Test debutant Michael Clarke said the tour of 2003 for a triseries helped him adapt to the subcontinent conditions."
3,"Pilots at US Airways have voted in favour of giving \$300 million in annual wage and benefit concessions to the struggling airline, becoming the first major labor group to accept permanent cuts, the union representing pilots said."
3,"Reuters - Shares of Synopsys Inc. (SNPS.O), a\semiconductor design software maker, tumbled before the bell on\Thursday, a day after the company reported lower quarterly net\income and said results in the current quarter would be below\Wall Street estimates."
1,AP - Russian Foreign Minister Sergey Lavrov met with President Fidel Castro and other Cuban leaders Wednesday as the countries worked on re-creating more modest versions of political and economic alliances that unraveled after the Soviet Union's collapse.
2,Celtics lead at the top of the Scottish Premier League table was cut to four points on Wednesday night when an injury time goal from John Stewart gave plucky Aberdeen their second successive victory at Parkhead.
4,"Linksys and Netgear, providers of home networking equipment, are expected to announce that they are entering the business of making gear used to place telephone calls over the Internet."
3,"If ever a global takeover deserves to be shot down by Ottawa, the China Minmetals senseless plan to play games of global Monopoly with Noranda Inc."
4,"That Michael Siewert didn #39;t fit in at the recent launch party for Sony PS2 #39;s fall releases was telling. The bulky, plainly dressed video game critic from Edmonton had been squeezed to the back of the VIP area "
3,Reuters - U.S. oil prices rose on Monday as Iraq's\oil exports continued at more than 30 percent below normal\after sabotage attacks on pipelines.
3,"Marsh  amp; McLennan Cos. (MMC.N: Quote, Profile, Research) , the world #39;s largest insurance broker, on Tuesday said it will reform its business practices and stop "
2,"Brendan Kingman #39;s sixth-inning single sent Australia to a 1-0 victory Tuesday over stunned Japan, putting the Aussies in the gold medal game."
3,"Circuit City Stores Inc. (CC.N: Quote, Profile, Research) on Tuesday reported a 2.9 percent gain in quarterly same-store sales but its growth lagged estimates due to a calendar shift and reduced spending through August."
4,SOFTWARE MEGALITH Microsoft said it will not charge its customers extra for using its software on hardware platforms with dual-core processors.
1," RIYADH (Reuters) - Saudi security forces, battling a wave  of al Qaeda attacks in the world's biggest oil exporter,  clashed with suspected militants in the capital Riyadh on  Sunday."
3,"Union leaders today arrived at luxury car-maker Jaguar for crucial talks over the future of the Coventry Browns Lane plant. The factory, which opened in 1951 and currently employs "
2,"David Beckham expects to lead England against his Real Madrid clubmates at the Santiago Bernabeu Stadium on Wednesday, although he will not face two familiar faces on Spain #39;s lineup."
2,Kellen Winslow #39;s hyped rookie season might be over after it barely began - much like a promising season for the Cleveland Browns.
3,"SABMiller, the worlds third biggest brewer, poured out a strong interim trading performance yesterday - as it also said it had a potential warchest of up to \$2 billion (1.08bn) if a major acquisition opportunity occurred."
4,IBM introduced on Monday its inexpensive OpenPower line of servers based on Power5 microprocessors and the Linux operating system.
2,"The 13th Summer Paralympic Games in 2008 in Beijing will be extremely successful and  quot;fabulous quot;, Phil Craven, chief of the International Paralympic Committee (IPC),predicted here on Thursday."
1,"NEW YORK - Soaring oil prices trumped positive earnings news Wednesday, sending stocks skidding as investors rushed to take profits on new fears that the market is in the midst of a commodities bubble.    Stronger than expected profits at chip bellwether Intel Corp..."
3,Shares in Telstra rose slightly following the news chief executive Ziggy Switkowski would step down - but the focus remains on who will step up to take the job.
3," SINGAPORE (Reuters) - Upbeat earnings from U.S. computer  company Hewlett-Packard drove an index of Asian stocks outside  of Japan toward a 5-year high, but the dollar's weakness  against the yen pressured shares in Japanese exporters."
3,"Nobody was expecting good news to come out of Marsh  amp; McLennan (MMC ) when it announced third-quarter earnings on Nov. 9. After all, the world #39;s largest insurance broker has lost its chief executive -- and "
3,"AFP - Kimberly-Clark, maker of Kleenex tissues and other consumer goods, announced a cost-cutting plan aimed at saving 400 to 500 million dollars over three years, as well as a share buyback plan."
1,Officials in Haiti say two soldiers with the UN peacekeeping force in the Caribbean country have been shot and wounded in separate incidents.
2,"Brockton, continuing to hush doubters following a difficult loss to Xaverian in Week 3, won its sixth in a row yesterday, tripping up visiting Pinkerton Academy (N.H.), 39-10, at Marciano Stadium."
3,Delta Air Lines (DAL:NYSE - news - research) appears to have given up on part of a debt exchange that is part of its restructuring plan.
4,"Revenues were \$907 million for the third quarter of 2004, a 154 increase compared to \$357 million for the same period of 2003, it says."
1,"TOKYO - A pair of powerful earthquakes struck western Japan today, rattling several major cities and triggering tsunami waves. There are reports at least four people are injured, but no damage reports yet."
3,Shares of Allied Waste Industries Inc. opened lower Tuesday following another pullback in earnings expectations. The Scottsdale-based waste hauler Tuesday cut its 2004 earnings forecast for the second time 
3,"MONTREAL - The RCMP searched through documents at Imperial Tobacco on Friday related to the contraband trade in cigarettes in the 1990s, Radio-Canada #39;s all-news channel reported."
2,"At least no one can accuse Medfield of backing down. Trailing, 35-28, with less than two minutes to play yesterday on Tri-Valley League rival Dover-Sherborn's home turf, the Warriors pulled within 1 on tailback Brian Lee's third touchdown of the day, a 5-yard pass from Kevin Lynch."
1,"AP - Secretary-General Kofi Annan on Wednesday recommended against reducing the U.N. mission in East Timor in its final six months, saying the new nation hasn't reached ""the critical threshold of self-sufficiency."""
3,"World Bank President James D. Wolfensohn would like to make one thing clear as he approaches the end of his second five-year term:  ""I can say categorically, I am not campaigning"" for a third stint as head of the agency, he declared."
1,"AP - The U.S. declaration that government-backed militiamen have committed genocide in Darfur is a ""big mistake"" that could hinder peace talks and undermine the role of African mediators in the conflict, Sudan's top officials said Friday."
1,"AP - A court in northern Nigeria has sentenced two women to death by stoning for allegedly committing adultery, and both will soon appeal the sentences, a human rights group said Friday."
3," NEW YORK (Reuters) - The New York Stock Exchange on  Wednesday said it permanently barred a former Van der Moolen  Specialists USA &lt;A HREF=""http://www.investor.reuters.com/FullQuote.aspx?ticker=VDMN.AS target=/stocks/quickinfo/fullquote""&gt;VDMN.AS&lt;/A&gt; trader, the first individual to be  punished as part of a broader probe by regulators into NYSE  floor-trading abuses."
3,Conrad Black has had one of Canada #39;s most colourful business careers. But his fortunes have taken a tumble in the last 18 months.
1,"Myanmar #39;s tough but pragmatic prime minister was sacked Tuesday by his hardline army colleagues, clouding prospects for the freedom of opposition leader Aung San "
3,BOSTON (CBS.MW) -- First Command has reached a \$12 million settlement with federal regulators for making misleading statements and omitting important information when selling mutual funds to US military personnel.
3,"US consumer sentiment stagnated in early September, according to a survey released Friday, as doubts about the economy and the job market persisted."
4,"AP - After a series of delays, a Boeing Delta 2 rocket carrying a Global Positioning System satellite for the Air Force roared into space early Saturday."
1,"UNITED NATIONS, Sep 15 (IPS) - The UN Population Fund (UNFPA) is dispelling a widespread notion -- prevalent mostly in Western countries -- that population growth has ceased to be a serious socio-economic problem primarily because of declining numbers."
3,"In this issue, my colleague Chad Dickerson unveils his ""Top 20 IT Mistakes"" based on some unhappy lessons he and others have learned. This list is so much fun that I couldn't resist adding my own: five common mistakes that business people make when dealing with IT. Each of these derives from bitter experience. And in three of the cases, I was personally responsible for the bad judgment (please don't ask which three!)."
3,OTTAWA - The Canadian government will devote some of the proceeds from its sale of its 19 percent stake in oil company Petro-Canada (PCA.
4,"What are the qualities required of an astronaut? In his marvellous book about the space pioneers, The Right Stuff, Tom Wolfe makes it clear that high on the list are a certain doggedness, combined with a complete lack of imagination."
2,"AP - Tracy McGrady let fly with a running 3-pointer with 1.7 seconds left, capping a one-man rally in the final minute to send the Houston Rockets past the San Antonio Spurs 81-80 Thursday night."
4,"Virginia Tech #39;s recently rebuilt Mac supercomputer has squeezed out a few more teraflops, but it probably won #39;t be able to keep its top-five world ranking."
4,"in fact, the first farm animal - to be genetically sequenced, researchers said Wednesday. That #39;s important for humans because understanding chicken DNA can "
2,"DOHA, Qatar -- Thierry Lincou has become the first Frenchman ever to win the world squash title. Lincou beat top-seeded Englishman Lee Beachill 5-11 11-2 2-11 12-10 11-8 on Friday, saving a match point at 9-10 in the fourth game."
1,"Reuters - A Mexican judge has temporarily\halted the extradition of six Spaniards arrested a year ago on\suspicion of having links with the Basque separatist group ETA,\their lawyer said on Monday."
4,A proud nerd puts her prefrontal cortex on the line to discover whether she's really a closet cool cat. By Jennifer Kahn from Wired magazine.
1,AUSTRALIA #39;S involvement in Iraq and terrorism strikes in Southeast Asia have made defence and national security potentially decisive issues for voters as polling day nears.
2,Tim Henman is already looking forward to the Masters event in Houston and believes he has a good chance of finishing the tennis season on a high.
1,"Reuters - Russsia is ""backsliding"" on democracy\and the bloc must speak to Moscow frankly about it as an equal\partner, the European Union's incoming External Relations\Commissioner said Tuesday."
4,"Reuters - Overture Services, Yahoo Inc.'s\ Web-search advertising unit, on Monday said it plans\to enter five new international markets in the coming months as\the Internet media company continues to broaden its global\reach."
2,England #39;s Paul Casey has been busy repairing Anglo-American relations as he prepares for this week #39;s World Cup. Casey told a Sunday newspaper he  quot;hated Americans quot; but claims it was a part tongue-in-cheek reference to Europe #39;s Ryder Cup motivation methods.
3,"Cambodia #39;s economy will slow down significantly next year due to losses in the garment sector - the country #39;s main economic engine - although gains in tourism may help offset the downward tumble, the World Bank said Tuesday."
4,"It #39;s an encounter that everyone has been waiting for: on Tuesday, October 26, Cassini-Huygens will streak past Titan in the mission #39;s first close encounter with Saturn #39;s largest moon."
4,"SpaceShipOne, financed by Microsoft Corp. co-founder Paul Allen and built by aviation pioneer Burt Rutan, rocketed 62 miles over the California desert, completing the first half of "
1,"Reuters - Pakistani security forces have\arrested an Islamic militant suspected of involvement in a 2002\bomb attack on the U.S. consulate in Karachi in which 12\Pakistanis were killed, officials said on Thursday."
1,German Chancellor Schrder will travel to Afghanistan next week despite a rocket attack near the German embassy in Kabul. The attack came a day before the country #39;s first free presidential elections.
1,"At least four people were killed and 30 wounded in an explosion which ripped through an open market in central Tel Aviv on Monday, Israeli rescue workers and police said."
2,Paula Radcliffe has never faced the kind of pressure she will encounter when she runs in the New York City Marathon here today. Just 10 weeks after failing so dramatically to complete the Olympic marathon 
3,The board of Kotak Mahindra Bank Ltd has approved an issue of shares representing a 2.75 per cent stake to Warburg Pincus International LLC.
4,"washingtonpost.com - The e-mails, often forwarded by friends, vary in wording, but the underlying message is always ominous: Soon, all cell phone numbers will be made public to telemarketing firms. That means, according to one version, that ""your cell phone may start ringing off the hook with telemarketers"" and your precious, limited cell phone minutes will be eaten up with calls you don't want."
4,"NEW YORK: Microsoft and watch maker Swatch are offering wireless data watches with faster information updates. And, all this at lower prices, the companies said on Wednesday."
3,The online postage service offers a chance to put personal pictures on official stamps.
4,"Aging but still on the go, climbing in and around craters, tapping into the mysteries of strangely cracked rocks, the two roving vehicles Spirit and Opportunity have explored Mars about three times as long as originally scheduled."
2,AP - A poll of American Indians found that an overwhelming majority of them are not bothered by the name of the Washington Redskins.
1," KUALA LUMPUR, Malaysia (Reuters) - An envelope containing  suspicious white powder and threats against Americans was  delivered to the U.S. embassy in Malaysia, prompting health  checks on three staff, the embassy and police said Monday."
3," SEATTLE (Reuters) - Microsoft Corp. &lt;A HREF=""http://www.investor.reuters.com/FullQuote.aspx?ticker=MSFT.O target=/stocks/quickinfo/fullquote""&gt;MSFT.O&lt;/A&gt;on Thursday  said its quarterly profit climbed as revenue rose 12 percent,  but its shares fell as investors failed to account for the  effect of the expensing of stock-based compensation in  assessing the earnings."
4,The smart phone market will grow more crowded Wednesday with the debut of two devices directed at opposite ends of the customer spectrum: a BlackBerry for consumers with a newfangled keyboard and a Nokia phone-organizer for mobile business professionals.
4,"Federal authorities have asked a federal judge to shut down an operation that they said installed intrusive ""spyware"" on people's computers and then sold anti-spyware software to those same victims, a top consumer protection official said today. &lt;FONT face=""verdana,MS Sans Serif,arial,helvetica"" size=""-2"" color=""#666666""&gt;&lt;B&gt;-washingtonpost.com&lt;/b&gt;&lt;/font&gt;"
4,AP - International Business Machines Corp. said Monday it will provide voice and data services to British financial-services company Lloyds TSB Group PLC for seven years in a deal worth  #36;971.6 million.
4,"McAfee CEO George Samenuk looks beyond PCs to stave off marauding viruses in new areas, including 3G phones."
4,"Search Engine Marketing and Trademarks\\In todays competitive markets, its a well-known fact that trademarks and well-known brand names can achieve a much higher conversion rate than with generic keywords. That statement makes a lot of sense. In fact, the direct response television (DRTV) advertising industry estimates that about 21 of ..."
3," BRUSSELS (Reuters) - The head of UAL Corp.'s United  Airlines said on Thursday the airline's restructuring plan  would lead to a significant number of job losses, but it was  not clear how many."
1,"As Afghanistan prepares to swear in its first popularly elected president, Afghan and US forces are launching a winter operation to contain anti-government insurgents threatening the new government."
2,The Spaniard saw Portsmouth snatch an injury-time equaliser on Tuesday night to frustrate Liverpool who had been hoping for a win after Saturday #39;s derby defeat to Everton.
2,"The Ravens get three points from their offense but still win, thanks to the Redskins #39; problems on offense and special teams. LANDOVER MD."
3,"LONDON: The dollar headed for its first weekly gain in more than two months against the yen after Japanese officials suggested they may stem the currency #39;s slide and on expectations that US firms employed 200,000 workers last month."
2,AP - Georgia's depth and defense kept the Bulldogs unbeaten.
2,Anastasia Myskina reignited her hopes at the WTA Tour Championships on Friday with a straight-sets defeat of Lindsay Davenport. The Russian looked confident in beating the world number one 7-6 (7-5) 6-4 in Los Angeles.
2,"Provo, UT (Sports Network) - Brigham Young University has scheduled a news conference for Wednesday afternoon at which time head football coach Gary Crowton will be fired."
2,"San Diego -- The sports cliche about taking them one game at a time does not apply in a final-week drive for the playoffs. That, the players say, is looking too far ahead."
1,"A Republican on how to survive in a Democratic town: This really is the greatest city in the world, but you are now behind enemy lines."
4,You #39;re probably already familiar with one of the most common questions we hear at iPodlounge:  quot;how can I load my iPod up with free music?
2,"OAKLAND, Calif. - Tampa Bay Buccaneers coach Jon Gruden returned to Network Associates Coliseum on Sunday. The stadium is the place he first became a coach."
4,China is becoming increasingly alarmed that Microsoft is winning the lion #39;s share of too many government contracts to supply software.
1,PAKISTAN #39;S army backed by artillery and helicopter gunships demolished some  quot;terrorist hideouts quot; in an offensive against foreign militants but failed to capture a former Guantanamo Bay prisoner accused of targeting security forces in a tense tribal region 
2,"AP - The United States finished atop the medal charts for the third straight Summer Olympics, with Russia the overall runner-up and China second in gold medals  #151; its best showing ever and the leading edge of a surge by Asian teams. The American team amassed 103 total medals, topping its target of 100, and won 35 golds to 32 for China and 27 for Russia."
3,"Delta Air Lines Inc. (DAL.N: Quote, Profile, Research) said on Monday it will need an additional \$135 million in liquidity in early 2006 to meet the requirements of certain financing agreements."
4,Plus: Putting a face on technology could improve our interaction with hi-tech gadgets.
4,"It #39;s been three years since the last all-new Metal Gear Solid game, MGS 2: Sons of Liberty, hit the PlayStation 2. In that time, there have been various remakes of installments from the series, including: Metal Gear Solid 2: Substance, which was basically "
2,Stephan Eberharter announced his retirement on Friday after a decade and a half as a leading light of the Austrian Alpine skiing team.
4,"Microsoft Corp. has filed class action lawsuits against vendors of sexually explicit commercial e-mail, the Seattle Post-Intelligence said Friday."
1,"Prime Minister John Howard says he would consider inviting Iraq #39;s interim Prime Minister to visit Australia. Iraqi Prime Minister Iyad Allawi is visiting America, where he has addressed a joint sitting of the United States Congress."
2,"The Detroit Lions dropped a second consecutive game on Sunday, falling 17-10 to the Washington Redskins -- and to .500 for the first time this season at 4-4."
3,"(11-22-2004) - The San Diego area is expected to be the fifth most-popular destination when an estimated 2.85 million Southern Californians travel this Thanksgiving holiday, the Auto Club reported Monday."
3," LUXEMBOURG (Reuters) - Microsoft Corp will suffer serious  harm if it is forced to provide a version of Windows without  Windows Media Player audio-visual software, its lawyer told a  European Union court on Friday."
3,"The Swiss mining company Xstrata began a hostile \$5.8 billion bid for the Australian mining company WMC Resources yesterday, in what analysts said could turn into an international bidding war "
1,"AP - Beginning to put his team in place for his second term, President Bush decided to keep Andy Card as White House chief of staff, retaining an unflappable veteran of the Reagan and first Bush presidencies."
3,"Bradford C. Bleidt, looking unwashed and haggard and wearing a neck brace, shuffled into a courtroom yesterday with his eyes downcast to face criminal charges of mail fraud in an alleged scheme that investigators said may have defrauded investors of \$45 million."
2,CBC SPORTS ONLINE - The Toronto police are taking a threat made against Vince Carter seriously. Toronto Police Detective Sgt. Sneddon of the 52 Division told Sportsnet.
2,"AP - Olympic silver medalist Mardy Fish beat Jan Hernych of the Czech Republic 6-2, 6-4 Monday to reach the second round of the St. Petersburg Open."
2,"Scottie Pippen on Tuesday announced his retirement from the Chicago Bulls, the team he and Michael Jordan led to six NBA titles in the 1990s."
4,"A CHINESE UNIVERSITY student has been sentenced to a year in jail for flogging porn on the internet. According to the state Xinhua news agency, the 22 year-old student, identified only by his surname Xie, was "
4,"CARACAS, VENEZUELA - More than 100 curators and scientists will gather at a Venezuelan university Thursday to explore how biotechnology can help preserve art and artifacts in tropical climates."
4,"Apple Computer Inc. of Cupertino, Calif., this week released an updater for its Mac OS X operating system, bringing it to Version 10.3.7."
1," DIYARBAKIR, Turkey (Reuters) - Kurdish guerrillas ambushed  a Turkish military convoy in southeastern Turkey on Wednesday  evening, killing one soldier and injuring another three,  military sources said."
4,"Reuters - Business-software maker\PeopleSoft Inc.  on Saturday said its board has again\unanimously rejected Oracle Corp.'s   #36;9.2 billion\tender offer, even after 61 percent of PeopleSoft shares had\been tendered to Oracle."
1,"An explosion at a West Bank checkpoint early Tuesday lightly wounded at least three people, Israeli rescue services said. Israel Radio reported the explosion appeared to be caused by a Palestinian suicide bomber."
3,ATLANTA -- Delta Air Lines (DAL) and its pilots union reached a tentative agreement that allows the struggling airline to temporarily bring back recently retired pilots to the cockpit to avert staffing shortages which the company has warned could force it 
1,"HOBART, Australia : Rescuers succeeded in saving most of the whales still stranded on beaches in Australia and New Zealand as scientists pinpointed cyclical weather patterns as a likely cause of increased beachings."
3," WASHINGTON (Reuters) - A transatlantic venture led by  Lockheed Martin Corp. &lt;A HREF=""http://www.investor.reuters.com/FullQuote.aspx?ticker=LMT.N target=/stocks/quickinfo/fullquote""&gt;LMT.N&lt;/A&gt; on Tuesday won a \$3 billion  contract to design and develop the Medium Extended Air Defense  System (MEADS), which is slated to replace Patriot missiles in  the next decade, the venture said on Tuesday."
3," SYDNEY (Reuters) - An extra 3 million barrels per day (bpd)  of production capacity worldwide is needed to avoid another  year of blistering oil prices, International Energy Agency  (IEA) executive director Claude Mandil warned on Sunday."
3,"Ingram Micro is all set to acquire Tech Pacific, in a move that will significantly impact the Indian IT distribution and channels sector."
2,Jamal Mashburn and the New Orleans Hornets announced Monday that the former All-Star's right knee injury had shown no improvement.
4,&lt;em&gt;Alien&lt;/em&gt; star turns space tourist
