class,text
1,"if you like terrible service and overpriced food youve come to the right place.  If I knew before I went in there I would be paying $16.00 for macaroni and cheese, and had the pleasure of waiting around for an hour to get it, while my glass remained empty, I wouldve stayed away (which is what you should do).  Food wasnt awful, although 2 members of the party did cut up their mouths eating the hard as a ""Rock"" bread on their sandwiches. The mac n cheese was nothing special.  The service was beyond poor.  First and last time I will eat at Hard Rock Cafe."
5,"I love this place!!! OK. where do I start.. Great place to stop in for a quick lunch. AMAZING outside grill, everything is good. Best cheeseburger Ive ever had. I dont even like Salmon and theirs is good. Good salad bar and salads ( pasta, tuna etc..) The pizza and sushi.. again amazing!! And........ they have about 10 different iced teas to choose from. Also, they have a great breakfast. Omelet station and all. I suggest the chorizo and egg burritos. GREAT outside patio"
1,"We ordered $40 worth of pizza for takeout and it took almost 2 hours -- was told 20 minutes. We were not compd for anything. When I expressed my dissatisfaction, they offered to give me $40 credit toward my next order. I asked for this in writing, and they gave me the ""we cant provide it in writing -- we wrote your name down and have you on record"" line. Guess what -- I called back a couple months later and they had no record. They refused to honor the credit....and were rude. I asked to speak to the owner, and was told ""hes out of town."" The pizza is mediocre at best. I have zero tolerance for businesses such as this. PLEASE spend your money somewhere else that deserves to be patronized."
3,Stopped in and tried both their sweet potato fries and zucchini fries. Much fonder of the sweet potatoes & the others were a little heavy?!   Like previous posts I was not to fond of their dipping sauces either. Loved their freshly prepared lemonade and the great outside spot to people watch!
3,"Closed?  Really?  It seems this place just randomly shut down, after much less than a year of being open.  Only went there once - we enjoyed the food, the ambiance, and the beer.  We recommended it to others as well.  Showed up on a Tuesday night for dinner and everything was packed up....?  A little searching on the web (Facebook, specifically) shows that theyre done.  What a shame."
1,Was I there on a bad day or what?  I showed up 15 minutes after they opened and EVERY item I tried was either luke warm or cold.    They have 15+ items on the lunch buffet and I tried a bite of all of them.   Gross and bland.   I felt sick to my stomach after I left because I kept thinking how bad the food was. Yuck!
1,Their amazing prices are instantly countered by despairing customer service.  If I want low prices I will go to goodwill over this place.  Looks like Dillards is on my list of do not shop.
3,"This was the perfect place for the family after a day at the resort.  The food was good, especially the barbeque chicken.  The kids menu was wonderful.  My only complaint was that the server really could not answer questions about the menu."
5,"I ADORE this place. Matts has been a staple breakfast, brunch, whatever place for me since I moved to Downtown 5 years ago. They just moved to a great place up the street (where Verde used to be for locals) with more room so now everything isnt so crammed! Not that we all didnt enjoy their original house, this one just says, ""Im still awesome, I just stepped up a notch."" Everything is delicious. I love their 5 Spot, the waffles are great, and their lunch specials are always amazing. If you like jelly - try their homemade stuff. Try the bacon."
2,"I personally will never eat there again. The chips are actually amazing though, I would eat those a lot if it didnt require me stpping foot in the ultimate bro/slut restaurant. The food is gross, the tortillas are ok, I like the decor actually, but the employees are slutty (and by slutty I saw skirts soo short if they picked something off the floor you for sure would see vagina) Apparently the uniform is jean skirts and heels. This is the male glittery shirt wearing capitol of Scottsdale. The food sucks, dont eat here!"
5,"This is the most progressive, inclusive, welcoming, diverse, intellectually stimulating, public-service oriented church in the Valley, if not the West Coast.  Weve been to more than a few and can attest to that.   Pastor Jeff not only knows everyones name but is genuinely concerned about everything that goes on in your life.  The congregation is like one big family.  Love for your neighbors is not just a commandment at this church - its acted upon.   If youre sick of churches that tell you what to believe in and dont act what they preach, youd better check this one out.  Services every Sunday at 9:30am."
3,"Great ice cream, but still just ice cream. Really enjoyed the salted caramel alongside a scoop of sweet corn. Feel a little silly for driving from Phoenix just for the taste but no complaints."
2,This place has not gotten any better over the past 10 years. The service is still bad and they are always running out of food and the food isnt that great either.  Will have to say that I will not be going back to this location or the one off of Glendale and 19th ave.
5,"Havent been to a Vietnamese restaurant since I left Colorado, almost three years ago. But for what its worth, this is the best, most authentic Vietnamese cuisine Ive had so far. =)"
1,Donuts are worst Ive ever had. I bought 2 dozen donuts using their 10.99 sale and it was the worst donuts I have ever had in my life. All the donuts were dry and stale. I should have gone a couple of miles over and bought Krispy Kreme. Krispy Kreme donuts are always fresh. These ones were worst that those that sat on the shelf for a week in a supermarket!
1,My daughter and I went in for pedicures and gel sets... was incredibly surprised to hear the total was $120. even with a coupon!!! When I got home I noticed that my pedicure wasnt the best... I really dont mind paying top dollar for top dollar services but even with a coupon it wasnt worth it. Wont be back...
2,"I have been coming to xtreme bean for several years and it is still a generally good place.  the coffee is average or below, the tea selection is good, the atmosphere is ok but same old. The current staff is incredibly immature and act like children yelling, and even barking, at high decibels.  Ive never seen anything like  it anywhere.  Ill have to think twice about coming back if this continues."
5,Man the chompie sliders is the bomb.  Wish there were some in LA.  Man taste so good and flavor.
1,"Remember how I said that the Trivia was the best thing about this place?  Well, they got rid of long time Triva host, Dave (who had been featured in the College Times and was the best thing about the trivia).  Without Daves personality, this place just doesnt cut it.  Will never go here again. Bummer."
2,"I got the banana nutella cupcake and love the banana bread-like cupcake. However, the frosting is way too sweet and overpowers the banana flavor of the cupcake. As many reviewers have already mentioned, the cupcake is also over-priced at $3.75 each for the size and the lack of creativity.  With so many desert/snack places in Scottsdale, I am unlikely to come back here."
2,"we had the back door pizza for a village and in a word...yuck.  i think the spinach was frozen and not fresh, the prosciutto had an unusual bitterness or was it the sauce? we also paid 8 bucks for two tins of lettuce with either bland dressing on one or little to no dressing on the other and maybe a few shavings of cheese.  soooo not worth the money."
2,"This location is a glorified garage sale. It smells and nobody speaks English. Children are running free pulling clothes off racks and smashing into people.  If you are lucky, you can find shoes, but I have never found jack shit for clothes. Go upstairs to Marshalls and spare yourself."
4,"The place was dope! The only bummer was the half-assed sun cover offerings out on the patio, but we were lucky to find a spot inside for post brunch drinks! Food, service and atmosphere are all good! Definitely make it to this spot!"
1,"Every time Ive been there they have messed up my order in some way. The first time I ordered a sonic blast w Carmel. They charged me for Carmel but there was none in it plus the bottom of the cup was busted and my ice cream was leaking out. The next I went I ordered a reese sonic blast and a snickers, they were both snickers. Very upset I havent been back and I love that place."
5,"We made a last minute decision to go out on New Years Eve.  The restaurant was very busy but after just a few minutes a couple of seats opened at the bar ( our favorite place to sit) and the bar tenders, Blake, Kennan and Clair were ON IT!  They were very busy, but did not miss a new face at the bar or a glass writing for a refill.  The food was excellent. My husband had the baseball steak with twice baked potato and I had Prime Rib  with lobster tail and twice baked potato. Everything was cooked to perfection. Oh yes! Start with the garlic cheese bread as it is yummy!"
2,"Drinking + Arcade Games. This should be an obvious winner, right? Wrong. Oh, how wrong.  Eating here is like eating in a casino, only less classy and with worse food.  Beers are overpriced but absolutely necessary to make it through the event.  Those combo deals that include beers and a game card seem like a good idea, until its 45 minutes later, youre out of points, youre nowhere near drunk and youve already spent $40. If you go late, try not to get syphilis when you walk by San Felipes."
2,"The only reason this place isnt getting one star is because the last time I went the chips and bean dip really satisfied the fact that I hadnt eaten all day.  Too bad the enchiladas sucked (thick, soggy tortillas???? and beef with too much black pepper???????), the rice sucked, and even the cheese on top of my refried beans sucked."
4,My wife and I ate here when we were in town for the B&J auto auction.  The food was good and affordable.  We liked the fact that they had a full bar and we were able to have a couple of tasty Margaritas.  Staff was friendly overall we had a good dining experience.
3,"I finally tried Spicy Pickle last week. I like the name and was intrigued about their menu. Paninis, soups, salads, pizzetas, nothing out of the ordinary. I had a half sandwich ( Sausalito Bandido?), half salad combo ( Spinach salad). Food was fresh and good. The sandwich could have stand a little more meat, it was truly flat. The salad was crisp and dressing was on the side, which I appreciated.   On my way out I got a chocolate chip cookie that was OK. I love cookies and they have to be pretty bad for me not to like them. This one, I kid you not, must have had maybe 3-4 chocolate chips? So if youre craving chocolate, this is not the cookie for you."
1,"Have been an Ulta customer for a long time, but had never tried the salon until recently.  Was a HORRIBLE experience.  My stylist, Delia, ran 45 minutes late to start me, and on several occasions during the hair cut, stopped and kept looking around.  She made various odd faces as if to say my hair was a mess.  She not only didnt listen to what I wanted, but shot down the only thing I did ask for.  She said I wouldnt look good.  At the end of the painful ordeal, she then charged me for a conditioning service I didnt ask for.  At that point she directed me to the line at the front of the store, after which I waited in, they then sent me back to the salon to make the price correction.  (happened twice, then I asked for a manager)  Was very unprofessional all around and would NEVER go back!!!"
2,"Would normally give this place 4 stars as I have been a regular here for about a year.  Cheap drinks, great crowd and great music. Except I had my first bad experience here the other sunday.  Granted, me and all the other people from my work were pretty loud after a sunday afternoon spring training game.  Maybe it was the girls being a little too giggly or us just having too much fun for a dive bar...but I think none of that warrants the bartender calling us cheap and rude.  Come on now, we are all servers and we all tipped you well.  Whats with the attitude?  Will still continue to come to this place once I stave off the embarrassment of telling people from work I know about this cool bar only to be so rudely treated by a way too snobby for a sunday afternoon bartender."
1,"The organization is grand with a ton of selection but the employees could care less about costumer service.  It is very amazing with the amount of unemployed people in the city they have to hire the most incompetent individuals....  Im not going to be ignorant and say they are ALL bad, but a few in the bunch seem to make it difficult to be a repeat costumer.  Try talking to a manager at this location and you will be routed around the store till you finally get some one that states ""the manager is off till next week.""  i will stay a website purchaser until they change their policy at this location and hire individuals with a better standard"
2,"I was so disappointed in this place. I just moved out here and was craving filipino food and found this place based on reviews. Although the reviews were average, I was hoping to catch this place on one of its good days. Nope, not the case.  The place is not much to look at and the food did not look good. I was hesitant to eat here but was so hungry and saw that they had my fav dishes, sinigang and diniguan. They were both ok, Ive def had better. I ordered the pancit for my husband and it was terrible! He had maybe two bites and threw the rest away.  Oh well, wont be coming back here. Theres another filipino place in Phoenix so well be trying that next. Gingeroot, also in Chandler, is way better but expensive. Guess its worth the price when you have your cravings!"
3,This theatre is very conveniently located in the Arrowhead mall which of course makes parking a breeze. It isnt my favorite in town because there always seem to be tons of teenagers here (im sure BECAUSE it is in the mall) and yes I know if they are too loud then we are too old. In any case the theatres are busy and bustling. The concessions seem very high but I guess that is a trade-off for the convenience.
5,"T&S Glass did a wonderful job replacing my car window. They came right to the house within 2 hours of my call, had the window replaced within 30 minutes and treated me like a queen. Frank installed the glass and couldnt have been nicer. Thank you T & S Glass!!"
1,Not worth the money. Food was average and the portion was small for the price I paid.
2,A pain to get in and out of. I dread each trip I have to take to this place.
5,"Excellent brunch food and great Bloody Marys! They make their own bread onsite, which is to die for! Love it. Hate the valet parking."
4,"Ill admit I almost fell outta my chair after hitting a triple-double on the Malibu. Quite generous pours plus delish menu. Cant wait to go back and try out the dance floor!!! Did I mention the Disco Ball?? Yeah, baby!"
5,"Tempe Beach Park - such a gem in our landlocked State... Sure, its a man-made water source, and yes - its pretty nasty if you plan on swimming inside Tempe Town Lake, but its gorgeous during the day and at night too! Ive done a handful of triathlons that started and ended at Tempe Beach Park, and most recently, I did the PetSmart Walk (go team Yelp) that took place at the park as well...  With the proximity of the park to ASU / Mill Ave, it really is a fun place to go hang for an afternoon - no matter whats going on there... My only words of wisdom - dont swallow the lake water!"
1,"We came here for dinner for me and reverse happy hour for my wife, we ordered our appetizers and after finishing them and looking over the menu for a few minutes we were ready to jump into the overpriced entrees. We were then informed that we couldnt order dinner. Maybe when they see someone coming in and telling them they are...here for dinner...they might give them a heads up that the kitchen Is closing so we can order our meals and not be told five minutes after it did close..fourth time weve given this place a and got crappy service. Bartender got a buck tip and we had to go find another restaurant for dinner, Needless to say we wont be giving them another chance. Not good Gordon B. Not good."
5,By far the best Mexican food in Scottsdale! Food and Salsa amazing! Service phenomenal! Great prices!!!!
2,"Had a very disappointing experience today.  All four in our group were disappointed in the quality of the food, especially the overripe cantaloupe and soggy potatoes.  The place was busy which wont be the case much longer if they dont improve their fare.  The service staff was friendly although I thought it interesting that no one asked us about our experience.   If they were interested, now they know."
3,"I wasnt sure what to expect. This was stop 1 on the pub crawl.  There was an emo looking couple in a booth a table full of patrons (they looked like regulars) The artwork on the walls was dark and ecclectic, but the place didnt have a dark feel. I cant say this would be ""my"" bar. But if I were in the neighborhood I would go to this bar for a few drinks and some hummus."
5,Very Hip Hotel and Comfortable ~ Amazing location ~Great Staff all is good at the Valley HO !!!
5,"The message I received was drip is toast. I dont drink coffee... a terrible character fault, I know... but Gina and her partner are wonderful hosts and have made a cozy little space to serve delicious food and drinks (I get the chai tea with soy milk.) I like that computers are no where to be seen, only happy people eating and drinking and enjoying conversation. This is a lovely little place, a gem. I enjoy every visit. It is especially nice to bring new people in that havent been before (so invite a friend to brunch because it is a nice surprise.) The service is great, the food is made fresh, and everything Ive tried is delicious, even my five year old loved her nutella on toast. Good things come in small packages and toast illustrates this perfectly."
5,"LOVE Chino Bandido.  The snickerdoodle cookie they give you with your meal is heaven.  Well, all of the food might actually be heaven, but usually by the time I get to the snickerdoodle I could die happy on the spot."
5,"It is a 110 mile round trip for me, passing who knows how many salons along the way, and it is well worth the drive even during rush hour. Ask for Ray if you want an amazing hair experience. You will go home feeling beautiful/handsome."
2,to make a long story short --- we had a coupon for this place.  We know its an ASU hang out but the coupon was for spend 50.00 get 25.00 off.  Ok service was not good --- when we got the bill the pizza and wings were charged separate -- not right -- it was a together order per the menu.  We had a pitcher of beer and a single beer plus food -- bill was almost 70.00 -- we gave the waitress the coupon -- she had to change the bill for the pizza and wings --- then she came back and stated the coupon had a 18% gratuity and service charge of 13.59.  Based on what ???  that actually ate up the coupon and we ended up paying full price anyway.  Never again --- and the food was fair --- not a good place to return to -- ASU take it away -- its all yours -----
5,Great place to go before heading to the zoo. Not a lot of seating if youre with a big party
5,"The food reminded me of my moms home cooked meals. The beef with red salsa was super good...and not to mention the warm, handmade tortillas. The prices were decent, the service was excellent and the food was great. ;-)"
3,"Sugar bowl ice cream is yummy but what ice cream isnt? lets just say if one day I was craving ice cream, I wouldnt think of coming here specifically for theiiir tubs. Very average stuff.. similar to Breyers/ Dryers.  What I diiid like was the price, their abundant seating area and location (="
3,"Food was good, I had the Frutti de Mare with red sauce and boy it is spicy, so be warned. Everyone else ordered the Spaghetti Pie, which was the special that night. It was OK, my moms is better. The service was good, but the wait for a table was over an hour. Of course if was a Saturday night and they are having Glendale Glitters so it was really busy. The pizza is good, I have had it before, I am not the biggest wood fire pizza fan, because it is always burned on the bottom!"
2,"I read the two good reviews here on Yelp, so I was looking forward to a good Italian dinner.  Unfortunately, it must have been an off night.  The waitress didnt want to be bothered and the meatballs and the tomato sauce on the spaghetti didnt have much flavor.  Thats the test of a good Italian restaurant for me.  If the sauce is good, they usually get thumbs up.  This sauce wasnt ""bad,"" but it was bland and watery.  Even the bowl of spaghetti wasnt drained properly so there was a dripping, runny mess at the bottom of the paltry bowl of pasta.  This place is right around the corner from my house and Dominic is my brothers name!  So I was really disappointed."
3,"The coffee at this location is awful- please go get lessons from the lady at the Thunderbird and 40th street location. However, the primary morning guy, Shawn, is awesome. He is friendly and chipper, but not so much so that hes annoying as your first human contact of the day. He is generous with the toppings and speedy."
5,"I really like this bar & restaurant.  I usually come here to meet up with a friend and sit at the main bar.  It is modern and clean.  There are a couple bars to sit at and they even open a big door to a bar for the outside too.  They have some good brews on tap and have flat screen tvs as well.   I have only had a burger and fries here.  They burger was really good, the fries were really greasy and were just okay. The staff here is friendly & speedy.  I would recommend this place for a good place for someone looking for a nice place to grab a drink and converse."
3,"Typical Taco Bell with typical Taco Bell menu (other than the Popeyes Fish they serve from the same kitchen/counter). Not sure if some of the people in the kitchen could speak English. One employee on break sat in front of a small TV in the seating area which was VERY LOUD and ANNOYING. Every table was dirty despite it not being very busy, and the bottles of condiments at the ""fixins"" bar were filthy. Cant beat the prices, though. As usual, I left ""stuft"" on two bucks."
5,"WOW!!! A real European bakery!  This was awesome, after having lunch next door at La Buona Pasta we took home some kalachis and walnut roll home for later.  The cakes are varied and everything looks buttery good and sweet.  Having grown up near a Swedish bakery it kind of remind me of that--donuts, cakes, cheesecakes, breads and other European specialties.  The shop is also set up with a small section of Polish-centric groceries.  mmmm maybe I will have to learn to cook some Polish dishes.  Next special occasion my cake is coming from there.  :-) The one we visited is  13331 W. Indian School Rd. Litchfield Park, AZ 85340 USA 623-547-4655"
4,"Pats is predictable. In the retarded amount of times that I have eaten there, ive never been served pizza im unhappy with. Best pizza slices in Arizona with good prices. Generally stopping by for slices is the easiest way to find good service with little to no wait.  Not always the friendliest workers, but that doesnt make my pizza take longer or taste any different!"
5,"Hertz Gold Club service worked perfectly for me. My Toyota Corolla, booked over the internet, was in its bay and ready to go. The buses to and from the rental centre were frequent and painless to use."
2,"Uhhh...These are supposed to be carne fries?  ASU boys think that these are the best carne fries. Me thinks not. The carne fries consist of boiled meat AND the order is wrong. Its supposed to have the guacamole on top of the sour cream on top of the melted cheese over the meat, but they just dumped the boiled carne asada on top of the sour cream. I told some ASU boy about this, but he said that I probably had a different person making my carne fries  the wrong way. What a disappointment, but I ate everything anyway because Im fat like that. hahha"
4,"Ok reviewing the Waffle House is kinda lame, but here goes.  If you have lived in America at any point in the last 50 years you know they have good waffles and hash browns.  Is it the best breakfast option you could possibly encounter, well no.  Its just every once in awhile I find I just want Waffle House. ( Fond late night memories from college I would guess. )  It can be for breakfast, lunch, dinner, whenever. So what does this location have going for it that makes it better than the average Waffle House? 1. Lots of parking 2. Its not in a shady part of town 3. It has a really nice staff  4. They are fairly speedy 5. The restaurant is clean So there you go if you have a craving for waffles and hash browns then this is one of the better WH in the area."
1,"Walked in during late lunch hour. Did not get acknowledged for about 5 mins. When I finally got sat down, and served my salad, I found a hair in it. Got no apology. Just a sigh firm the waitress when she took it away. You cant pay me to go back here. The waiters are rude."
2,"Whats up with the premium gas in this state being only 91 grade?  Wheres the 93?  Anyhoo, this is a very busy gas station at the corner of 16th and Highland. When the pumps are full of cars, its hard to maneuver in and around the parking lot. The store looks a bit short on supplies, but then again I just went inside to pay.  I may give it another try, well see.  But Ill look elsewhere first."
5,"All I can say is ""yum!"""
5,"We came here the weekend of the Grand Opening. I will say we were very impressed and  there was so much to choose from at this new and improved Pets Mart.  There is a Hotel here for Cats and Dogs. There is a Banner Pet hospital, and there is a Grooming station ,as well as a Dog training store as well. Talk about your one stop shopping. I even got to hold a beautiful baby girl Pug just 6 weeks old. She was absolutly adorable.   We took a picture but have not figured out how to download it yet. Nice and Clean all throughout the store . We purchased a few items and then we were on our way.  Lots of Parking in the lot. Plus nice clean human bathrooms."
2,Service here is unfriendly at best ( i sat in the bar)menu both lunch and regular boring .chips ok salsa served in a small caraf which makes it inconvienent  to get salsa to chip. food was ok some of the chicken in my taco was dry do to the 8 million degree oven they put it in before serving to you . this place is a true tourist/youngen scottsdale hipsters joint
5,Great fresh food and vegetarian options! I will definitely return!!
4,"This place has been around forever. I started coming here when I was 5 or 6, especially when my grandpa came to town from Cincinnati. He loved it.  The whole ""wild west"" theme prevails, and it is fun to think about cowboys and times gone by. I liked the sasparilla when I was a kid, I dont think Ive ever had it anywhere else.  Last time I was in Phoenix we went again, and while the quality of the food has maybe slid a bit since I was 5 ( um, Im kinda a LOT older now), it is still cool. I like the good mood of all the visitors, its a place that inspires laughter and happy shared experience.  If you do wear a tie, wear one you dont care about, ok. Trust me on this."
1,"Water park is OK.  However, the parking lot has ZERO security.  No security patrols, no cameras.  My catalytic converters were stolen off my truck in the parking lot at Big Surf Tempe today.  Sawed right off in broad daylight.  According to the cops, car break ins and catalytic converter thefts happen frequently here.  BEWARE!  The water park management doesnt give a shit.  Even the cop laughs because they always say the same thing:  ""Our camera is broken but its getting fixed next week"".  What a joke.  If you go, have someone drop you off.  Youve been warned!"
1,"When I was growing up we called this the canal. In other parts of town it is still called the canal. In some places people actually fish from it. I think they die right after they eat their catch, which is why you dont see them very often. Over the years you periodically hear about dead bodies being found in the canal as well.  Google it. What is so annoying about this is that Scottsdale, is trying to make it seem like this isnt the same heinous canal thats always been there. When I heard about the development around the Scottsdale Waterfront, I couldnt figure out what they were talking about. What water? Then I started cracking up when I found out it was the canal. Come on Scottsdale, you can put a dress and lipstick on a pig, but it is still a pig. You are not fooling anyone."
1,"Im very displeased with the service I receive from the Republican party in Arizona.  First, they provide us with John McCain.  Then, Jan Brewer.  Then they crap SB 1070 all over us, which we didnt even vote on.  Ive never received anything but lousy politics from these people."
4,"I had expected this place to be a rather small museum, but it is actually quite large and is packed with artifacts and pieces from Native American tribes.  During our visit, we took a tour given by a Navajo student.  He was very knowledgeable and definitely kept everyones attention with the information that he provided.  With the amount of exhibits on display in this museum, you can easily spend two or three hours just taking in everything that is offered.  There is a wide range of items on display from dolls to paintings to glass work to clothing and jewelry.  Another cool thing is that this museum allows you to photograph anything that you want."
4,"One of my new favorite neighborhood bars!  We had a Canada Day shindig here and its a great little neighborhood bar with fair drink prices and super friendly bar staff. Youd never know that theres a bar inside when you get to the parking lot behind the Ice Rink - just look for the signs on the top of the building.  They have lots of TVs for hockey fans and the bar looks right out onto the ice so you can watch people skate. They had a great jukebox and the Rockband kit so you can rock out with all your newest bar friends.  For food selection you have BBQ, BBQ, or BBQ...either beef, pork, or chicken, with a side for $6.50. Tasty stuff! Great beer selection including Molson Canadian or Labatt Blue."
1,"I used to go here at least 3 times a week for Happy hour.  The volcano chicken was my favorite meal.  However, the last time I was in there I had a cricket in my water.  I took a sip squeezed the lemon, and thought there was something wrong with the taste.  I checked and at first thought it was a lemon seed but no, sure enough it was a cricket (in which i took a picture).  The way this restaurant handled an insect in my water was repulsive.  One of the male bartenders came over and brought a new water saying, ""It happens.""  No, sorry thats disgusting.  If i hadnt been craving the volcano chicken I went there for I would have just left.  And then on top of getting a cricket in my water theres no discount or compensation off of my bill."
1,"This place has gone so downhill. If I hadnt gotten my chips, salsa & water immediately, I wouldve walked out. Margaritas are always awesome. But the service and food is straight up AWFUL. Microwaved enchiladas, no rice, rude, cold, unfriendly, uninviting service...If youre looking for a fabulous, neighborhood mexican restaurant, try Las Glorias Grill. The location isnt as great, but the food, service and drinks, blows this place outta the water. After years of going to aunt chiladas, Im NEVER going back again. They dont deserve your money either...."
4,"I stumbled in here craving breakfast because it was very close to the airport and very close to the Aloft hotel I was staying at.  Yes, I am a tourist and yes, I am from a part of the US where cowboys are not common, so walking into a place full of country western paraphanalia made me smile.  The service was good, the food was delicious, and I walked out with a few good photos.  The coffee was a tad bit weak, but Im a starbucks bold drinker, so I dont hold it against them."
5,"Ah what a beauty and wonder Camelback mountain is. However I do warn beginners to use the easier trail on the East side near Invergorden which runs north south and turns into 64th st. It is a bit of a walk from the parking through the neighborhood but the hike is less treacherous and much easier and takes you up a gradual slope to the top. Be very careful its easy to loose the trail on that side too.  Of course all the Phoenicians like to go to Echo Canyon at Mcdonald and 44th street bend. Parking can be bad at peak times on weekends--I definetely recommend late afternoon hiking, less exhaustion from heat, less crowds and a glorious sunset at the top.  Happy Hiking my Dear Phoenicians."
2,"When I was younger and first moved to Arizona, Serranos on Rural Road became a family tradition to get mexican food. It was basically all I knew till adulthood. If I would have reviewed this place 10 years ago, it would have been 5 stars but now the blinders are off and I have money to try better places. One by one they all seem to dwarf Serranos in most every way. I feel kinda guilty writing this and hope my family does not read this :) But it has to be said. I would still eat at Serranos but it doesnt have the same feeling anymore. The Chimichangas are good and their bean dip is awesome. Nothing I have had is gross or anything but its just   basic greasy mexican food. There are better places out there. Once again to any family reading this....Im sorry :)"
2,"Just o.k.  We had the Italian Stallion, it tasted very good, but between 2 adults left us pretty hungry.  For 14 dollars, it seemed to be more of an appetizer."
3,"Not really memorable but, good dependable Chinese food. I like the space too."
5,"This review is for locals...the Hyatt isnt just a beautiful spot to stay it, its also a perfect spot to just sit and enjoy the day! Ive done this several times, many times for dinner and drinks afterward on the patio. Most recently, I decided to set up shop and do some work from one of the comfy chairs on the outdoor patio which allowed me to enjoy the gorgeous Arizona weather and still get some work done. They do an excellent job of making the hotel amenities comfortable and welcoming.  For hotel guests, if you are planning to stay here, be sure to look into staying in one of the rooms that sit on the man made lake. They have great patios right on the water so when you wake up, you could have breakfast on the lake! It doesnt get much better than that."
2,"Ive always said if the guacamole, chips and salsa arent good, the food is not likely to be good either.  I was right, Guacamole was not very good at all, same with the salsa.  Rest of the food was just okay but for a restaurant in the Biltmore I expected so much better.  Just as a note, when it comes to Mexican food, Im super critical.  This place will probably get a higher ratings from people of the Midwest."
3,"Its three stars because I dont know how to rate it -- I didnt think it was very good at all when I went the other night during their grand opening, but maybe I just dont have a taste for it.  Service was prompt and polite.  The food?  Eh.  I had one of the house specials.  I didnt think it was very special.  I do think the waiter deserves bonus points for talking me into a half order rather than a full order.  The lemon-lime beverage was strong and sweet."
1,"Wednesday 7pm.  This place is your average over priced, lack of taste chain food restaurant and this place was no different.  I have to say, I was super disappointed as I have always heard rave reviews, now Im starting to question who I associate with and their taste in food. Service=slow. Food=just tastes like salt Noise=loud and they do a dance...like a lot. Go somewhere else and skip Joes Crabs."
5,"This is by far the best Chicken Fried Steak around!  Not to mention their mashed potatoes, salad and biscuit!  Ive never been able to clean my plate here, which is great since I always have an extra meal!   Of course you can always get the lunch portion which is smaller, but then you dont have the extra goodies for later!   Its a small down home place, dress comfy and go there to eat up!  The wait staff is always the best and they know their stuff!   Ive had their T-Bone here, and its good, but really hard to go there and not get what made them famous!  Wonderful food! Prices for lunch are around $7.00 and dinner around $12.00 - really hard to beat for real down home cooking!"
3,"Went here for fathers day with my girlfriends parents because they gave a free entree for dad. He choose the fish and chips which looked amazing, I had fish tacos, my girlfirend had the steak and her mom got a salad. Everyhting was good. The service was great and the beers were decent. It was everything I could expect from a chain and thensome. I might even go back."
2,"This place bothers me.  I already everything about country so going to these kind of places freaks me out.  I was forced to go here because the boyfriends parents were in town and they choose Cadillac Ranch due to their type of ""cuisine"". I have to say the foo d wasnt bad.  Server messed up my order but when they got it right it was ok.  I will not go here again however.  Sorry."
1,"This was the most HORRIBLE floor cleaning I have ever seen!!!!! We took before and after pictures and cannot tell the difference at all! The guy was not friendly and just wanted our money even though he did not do his job! I would NEVER recommend this company to anyone. We paid $1000 and got $20 worth of service. I mopped the floor the day after the cleaning guy was here and got a lot of the ""staining as he would say"" off easily. I have included a picture that we wrote in the floor with a paper towel after the cleaning....can you read the saying? That is exctaly how we felt after the service. REALLY?!?!?"
4,"Fun place for happy hour. Good prices, good food and great staff."
1,"Wow! I cant believe this place gets so many good reviews.  I was hauled here once by co-workers looking for a cheap meal. But, how much value does your lunch dollar have when you dont even want to eat the food? Dry and sticky rice; ""white meat chicken"" unidientifiable as such, and a sweet glaze that provided the only flavor. Quite frankly, it was disgusting, and none of the dishes my co-workers had looked any better (though they seemed to be fine with them). I should know to stay away from restaurants that have pictures of their menu items on the wall. The one star is only for the fast and friendly service."
2,"So everyone in Old Town has been waiting for a good sports bar forever. When everyone heard Thunder Dan was coming to town the excitement starting buzzing. Well this time Thunder Dan didnt hit this buzzer beater. First off it does get two stars for a reason so lets start there. The atmosphere is great. The venue is super cool and there is tons of tvs.  Thats pretty much where it stops. The food isnt great and is relatively slow. I have had a burger, wings, the chicken quesadilla and a couple of other things which didnt impress me. Plus the service was super slow... This kind of reminds me of the Suns-Bulls series super exciting but just misses the mark of greatness. I am sticking with my old faithful two blocks away Zipps."
1,"Just had Daphnes for the last time. In the 3 times that we have ordered from them, they cannot seem to get a simple order right. One Kids Burger with Apple Slices (Nope) one side of hummus(Nope) But they are quick to charge you for the order. Then you call and talk to a girl name Liz and she begins to tell you that they are correct and you the customer are wrong. Even though I have all the food sitting in front of me nope still no kids burger or side of hummus. HMMMMM,.. keep letting her answer the phone and you will see your to go customer base decline. We are an office in Scottsdale that everyday is ordering lunch for the office, Daphnes has officially been removed from the menu book. Nice customer service!!!!!!"
1,"Hey Thai Elephant! Stop sucking! You used to be so good. Why is my egg roll cold? Why dont I get a fork with my food.... after asking!? Why wont you make me the Tiger on Fire for lunch when I got it last week for lunch?... AND its on the menu! When did you decide to cut my curry portion in half almost? When did your service start sucking? Hey every person that decided that my two top was not important enough to attend! Why did it take 10 minutes to order my drink and then an additional ten minutes to actually get my drink? By the way, Tiger beer is on your menu. If you are not going to actually offer it, then you need to take it off your menu. I cant believe its come to this... I used to love you. You broke my heart for the last time."
2,"The food is good here, ordered the Mole enchiladas with no complaints, however we also ordered a skinny margarita which was not very strong and $15 ea! The regular margaritas are fine and priced okay at $8, but to charge $15 without warning is usury. The service was okay, not great. The menu is also hard to read because the type and busy background design. I would have given 4 stars if the margaritas were $11, but $15?? This is not Modern Steak or the W !!"
1,"If you are over 24 you are too old to be here.   First, this place has beer.  Dont order mixed drinks, dont order wine, both are gross unless your sole purpose is to get trashed, which is the mission of every underage and young, young 20-something at this bar. This is the place youd go to with your fake ID because when youre 19 this is what you think a bar should be. Expect people over drinking and throwing up very early on in the evening in the bathroom."
5,"I LOVE White Lion Tea. The company uses great quality of everything!!! My favorites are Tuscany, Ginger Peach, Green Passion Tea, White Ambrosia Tea as far as I have tried :)  Everytime I opened a tea bag, I have to take a good deep inhale from a tea bag. Its smell soooo great as the tea taste. Thank you White Lion for having such awesome products !!!"
5,"In my opinion, one of the best steakhouses in town.  My husband and I go here for all our special occasions and have never had one bad meal.  The service is the best just like their steaks.  I recommend the Caesar salad, fillet, creamed spinach, cream corn, garlic and lobster mashed potatoes.  We will continue our tradition and keep coming back here."
2,"First time experience. Tried turkey burger from the skinyalicous menu. Burger was ok but greasy. They served me a salad that has gone bad.  You donot serve a salad with rotting vegetables. Also Shepard pie we ordered had extra ingredients such as zuccini, so they should have warned us about not being a proper Shepard pie.  Gordon Ramsay would have been mad.  Service was good. Only saving grace."
5,Amazing bagels and a great staff. I always get the build your bagel sandwich its heaven!
