class,text
1,"on the granger movie gauge of 1 to 10 , the powerpuff girls is a fast , frenetic , funny , even punny 6 -- aimed specifically at a grade-school audience ."
1,"this new movie version of the alexandre dumas classic is the stuff of high romance , brought off with considerable wit ."
1,"when twentysomething hotsies make movies about their lives , hard-driving narcissism is a given , but what a world we 'd live in if argento 's hollywood counterparts ... had this much imagination and nerve ."
1,the charms of the lead performances allow us to forget most of the film 's problems .
1,"birthday girl lucks out with chaplin and kidman , who are capable of anteing up some movie star charisma when they need it to sell us on this twisted love story , but who can also negotiate the movie 's darker turns ."
1,it 's a day at the beach -- with air conditioning and popcorn .
1,"for those of an indulgent , slightly sunbaked and summery mind , sex and lucia may well prove diverting enough ."
1,the movie 's thesis -- elegant technology for the masses -- is surprisingly refreshing .
1,enriched by a strong and unforced supporting cast .
1,"the re-release of ron howard 's apollo 13 in the imax format proves absolutely that really , really , really good things can come in enormous packages ."
1,"like shrek , spirit 's visual imagination reminds you of why animation is such a perfect medium for children , because of the way it allows the mind to enter and accept another world ."
1,the chateau cleverly probes the cross-cultural differences between gauls and yanks .
1,"you may be captivated , as i was , by its moods , and by its subtly transformed star , and still wonder why paul thomas anderson ever had the inclination to make the most sincere and artful movie in which adam sandler will probably ever appear ."
1,"a movie that both thrills the eye and , in its over-the-top way , touches the heart ."
1,"a sexy , surprising romance ... idemoto and kim make a gorgeous pair ... their scenes brim with sexual possibility and emotional danger ."
1,"if you 've grown tired of going where no man has gone before , but several movies have - take heart ."
1,it 's no lie -- big fat liar is a real charmer .
1,i encourage young and old alike to go see this unique and entertaining twist on the classic whale 's tale -- you wo n't be sorry !
1,"the story gives ample opportunity for large-scale action and suspense , which director shekhar kapur supplies with tremendous skill ."
1,you never know where changing lanes is going to take you but it 's a heck of a ride .
1,wise and deadpan humorous .
1,"for the first time in years , de niro digs deep emotionally , perhaps because he 's been stirred by the powerful work of his co-stars ."
1,succeeds where its recent predecessor miserably fails because it demands that you suffer the dreadfulness of war from both sides .
1,a tour de force of modern cinema .
1,"with so many bad romances out there , this is the kind of movie that deserves a chance to shine ."
1,`` brown sugar '' admirably aspires to be more than another `` best man '' clone by weaving a theme throughout this funny film .
1,birthday girl walks a tricky tightrope between being wickedly funny and just plain wicked .
1,"it is amusing , and that 's all it needs to be ."
1,"very amusing , not the usual route in a thriller , and the performances are odd and pixilated and sometimes both ."
1,those eternally devoted to the insanity of black will have an intermittently good time .
1,elvira fans could hardly ask for more .
1,"scooby doo is surely everything its fans are hoping it will be , and in that sense is a movie that deserves recommendation ."
1,chaiken ably balances real-time rhythms with propulsive incident .
1,"a solid , psychological action film from hong kong ."
1,cusack 's just brilliant in this .
1,"as warm as it is wise , deftly setting off uproarious humor with an underlying seriousness that sneaks up on the viewer , providing an experience that is richer than anticipated ."
1,"the real star of this movie is the score , as in the songs translate well to film , and it 's really well directed ."
1,"the characters are complex and quirky , but entirely believable as the remarkable ensemble cast brings them to life ."
1,"escaping the studio , piccoli is warmly affecting and so is this adroitly minimalist movie ."
1,"for a long time the film succeeds with its dark , delicate treatment of these characters and its unerring respect for them ."
1,"though it lacks the utter authority of a genre gem , there 's a certain robustness to this engaging mix of love and bloodletting ."
1,"no worse a film than breaking out , and breaking out was utterly charming ."
1,"last orders nurtures the multi-layers of its characters , allowing us to remember that life 's ultimately a gamble and last orders are to be embraced ."
1,they can and will turn on a dime from oddly humorous to tediously sentimental .
1,toes the fine line between cheese and earnestness remarkably well ; everything is delivered with such conviction that it 's hard not to be carried away .
1,"weaver and lapaglia are both excellent , in the kind of low-key way that allows us to forget that they are actually movie folk ."
1,pretty good little movie .
1,"it 's one of those baseball pictures where the hero is stoic , the wife is patient , the kids are as cute as all get-out and the odds against success are long enough to intimidate , but short enough to make a dream seem possible ."
1,should be required viewing for civics classes and would-be public servants alike .
1,"evokes a palpable sense of disconnection , made all the more poignant by the incessant use of cell phones ."
1,"a gem of a romantic crime comedy that turns out to be clever , amusing and unpredictable ."
1,"bogdanovich puts history in perspective and , via kirsten dunst 's remarkable performance , he showcases davies as a young woman of great charm , generosity and diplomacy ."
1,"it looks closely , insightfully at fragile , complex relationships ."
1,p.t. anderson understands the grandness of romance and how love is the great equalizer that can calm us of our daily ills and bring out joys in our lives that we never knew were possible .
1,huppert and girardot give performances of exceptional honesty .
1,"other than the slightly flawed -lrb- and fairly unbelievable -rrb- finale , everything else is top shelf ."
1,"a stirring , funny and finally transporting re-imagining of beauty and the beast and 1930s horror films"
1,"it 's a treat watching shaw , a british stage icon , melting under the heat of phocion 's attentions ."
1,"it 's hard to imagine anybody ever being `` in the mood '' to view a movie as harrowing and painful as the grey zone , but it 's equally hard to imagine anybody being able to tear their eyes away from the screen once it 's started ."
1,some remarkable achival film about how shanghai -lrb- of all places -rrb- served jews who escaped the holocaust .
1,"never lets go your emotions , taking them to surprising highs , sorrowful lows and hidden impulsive niches ... gorgeous , passionate , and at times uncommonly moving ."
1,astonishing ... -lrb- frames -rrb- profound ethical and philosophical questions in the form of dazzling pop entertainment .
1,"a pretty decent kid-pleasing , tolerable-to-adults lark of a movie ."
1,part of the charm of satin rouge is that it avoids the obvious with humour and lightness .
1,-lrb- a -rrb- strong piece of work .
1,perhaps the best sports movie i 've ever seen .
1,"adams , with four scriptwriters , takes care with the characters , who are so believable that you feel what they feel ."
1,"a first-class road movie that proves you can run away from home , but your ego and all your problems go with you ."
1,"amy and matthew have a bit of a phony relationship , but the film works in spite of it ."
1,a flick about our infantilized culture that is n't entirely infantile .
1,george lucas returns as a visionary with a tale full of nuance and character dimension .
1,"-lrb- reynolds -rrb- takes a classic story , casts attractive and talented actors and uses a magnificent landscape to create a feature film that is wickedly fun to watch ."
1,kinnear ... gives his best screen performance with an oddly winning portrayal of one of life 's ultimate losers .
1,"my big fat greek wedding is not only the best date movie of the year , it 's also a -- dare i say it twice -- delightfully charming -- and totally american , i might add -- slice of comedic bliss ."
1,"a sloppy , amusing comedy that proceeds from a stunningly unoriginal premise ."
1,"the film 's strength is n't in its details , but in the larger picture it paints - of a culture in conflict with itself , with the thin veneer of nationalism that covers our deepest , media-soaked fears ."
1,griffin & co. manage to be spectacularly outrageous .
1,you 'll know a star when you see one .
1,there 's a lot of tooth in roger dodger .
1,the entire movie establishes a wonderfully creepy mood .
1,if you open yourself up to mr. reggio 's theory of this imagery as the movie 's set ... it can impart an almost visceral sense of dislocation and change .
1,psychologically savvy .
1,"entirely suspenseful , extremely well-paced and ultimately ... dare i say , entertaining !"
1,roman polanski 's autobiographical gesture at redemption is better than ` shindler 's list ' - it is more than merely a holocaust movie .
1,there 's much tongue in cheek in the film and there 's no doubt the filmmaker is having fun with it all .
1,evokes the style and flash of the double-cross that made mamet 's `` house of games '' and last fall 's `` heist '' so much fun .
1,"chicago offers much colorful eye candy , including the spectacle of gere in his dancing shoes , hoofing and crooning with the best of them ."
1,it 's fascinating to see how bettany and mcdowell play off each other .
1,"well-acted , well-directed and , for all its moodiness , not too pretentious ."
1,much smarter and more attentive than it first sets out to be .
1,"there is little question that this is a serious work by an important director who has something new to say about how , in the flip-flop of courtship , we often reel in when we should be playing out ."
1,"-lrb- taymor -rrb- utilizes the idea of making kahlo 's art a living , breathing part of the movie , often catapulting the artist into her own work ."
1,"bluto blutarsky , we miss you ."
1,"efficient , suitably anonymous chiller ."
1,this real-life hollywood fairy-tale is more engaging than the usual fantasies hollywood produces .
1,arguably the best script that besson has written in years .
1,strangely comes off as a kingdom more mild than wild .
1,"every moment crackles with tension , and by the end of the flick , you 're on the edge of your seat ."
1,"yes , mibii is rote work and predictable , but with a philosophical visual coming right at the end that extravagantly redeems it ."
1,"if you 're as happy listening to movies as you are watching them , and the slow parade of human frailty fascinates you , then you 're at the right film ."
1,the most consistently funny of the austin powers films .
1,a lovably old-school hollywood confection .
1,one-of-a-kind near-masterpiece .
1,"the art direction and costumes are gorgeous and finely detailed , and kurys ' direction is clever and insightful ."
1,"this breezy caper movie becomes a soulful , incisive meditation on the way we were , and the way we are ."
1,"this is pure , exciting moviemaking ."
1,"ash wednesday is not edward burns ' best film , but it is a good and ambitious film ."
1,"much credit must be given to the water-camera operating team of don king , sonny miller , and michael stewart ."
1,"it is amusing , and that 's all it needs to be ."
1,this is christmas future for a lot of baby boomers .
1,"it 's a technically superb film , shining with all the usual spielberg flair , expertly utilizing the talents of his top-notch creative team ."
1,"with this masterful , flawless film , -lrb- wang -rrb- emerges in the front ranks of china 's now numerous , world-renowned filmmakers ."
1,"as part of mr. dong 's continuing exploration of homosexuality in america , family fundamentals is an earnest study in despair ."
1,"i 'm sure mainstream audiences will be baffled , but , for those with at least a minimal appreciation of woolf and clarissa dalloway , the hours represents two of those well spent ."
1,"if s&m seems like a strange route to true love , maybe it is , but it 's to this film 's -lrb- and its makers ' -rrb- credit that we believe that that 's exactly what these two people need to find each other -- and themselves ."
1,"it 's the kind of movie that , aside from robert altman , spike lee , the coen brothers and a few others , our moviemakers do n't make often enough ."
1,... there is enough originality in ` life ' to distance it from the pack of paint-by-number romantic comedies that so often end up on cinema screens .
1,a poignant lyricism runs through balzac and the little chinese seamstress that transforms this story about love and culture into a cinematic poem .
1,-lrb- grant -rrb- goes beyond his usual fluttering and stammering and captures the soul of a man in pain who gradually comes to recognize it and deal with it .
1,"confessions is n't always coherent , but it 's sharply comic and surprisingly touching , so hold the gong ."
1,"unfolds in a low-key , organic way that encourages you to accept it as life and go with its flow ."
1,psychologically savvy .
1,`` cremaster 3 '' should come with the warning `` for serious film buffs only ! ''
1,"k-19 : the widowmaker is derivative , overlong , and bombastic -- yet surprisingly entertaining ."
1,"this is an extraordinary film , not least because it is japanese and yet feels universal ."
1,"that jack nicholson makes this man so watchable is a tribute not only to his craft , but to his legend ."
1,"as an introduction to the man 's theories and influence , derrida is all but useless ; as a portrait of the artist as an endlessly inquisitive old man , however , it 's invaluable ."
1,a return to pure disney magic and is enjoyable family fare .
1,"the son of the bride 's humour is born out of an engaging storyline , which also is n't embarrassed to make you reach for the tissues ."
1,"elaborate special effects take centre screen , so that the human story is pushed to one side ."
1,what could have been a daytime soap opera is actually a compelling look at a young woman 's tragic odyssey .
1,cinematic poetry showcases the city 's old-world charm before machines change nearly everything .
1,"over the years , hollywood has crafted a solid formula for successful animated movies , and ice age only improves on it , with terrific computer graphics , inventive action sequences and a droll sense of humor ."
1,"its compelling mix of trial movie , escape movie and unexpected fable ensures the film never feels draggy ."
1,"thirteen conversations about one thing lays out a narrative puzzle that interweaves individual stories , and , like a mobius strip , elliptically loops back to where it began ."
1,"nicks refuses to let slackers be seen as just another teen movie , which means he can be forgiven for frequently pandering to fans of the gross-out comedy ."
1,deserves a place of honor next to nanook as a landmark in film history .
1,"high drama , disney-style - a wing and a prayer and a hunky has-been pursuing his castle in the sky ."
1,an ingenious and often harrowing look at damaged people and how families can offer either despair or consolation .
1,poignant japanese epic about adolescent anomie and heartbreak .
1,"while broomfield 's film does n't capture the effect of these tragic deaths on hip-hop culture , it succeeds as a powerful look at a failure of our justice system ."
1,"an enjoyable , if occasionally flawed , experiment ."
1,`` the best disney movie since the lion king ''
1,able to provide insight into a fascinating part of theater history .
1,discursive but oddly riveting documentary .
1,"like blended shades of lipstick , these components combine into one terrific story with lots of laughs ."
1,"` if you are in the mood for an intelligent weepy , it can easily worm its way into your heart . '"
1,quitting offers piercing domestic drama with spikes of sly humor .
1,"if the film fails to fulfill its own ambitious goals , it nonetheless sustains interest during the long build-up of expository material ."
1,it 's better than the phantom menace .
1,"when cowering and begging at the feet a scruffy giannini , madonna gives her best performance since abel ferrara had her beaten to a pulp in his dangerous game ."
1,a subtle and well-crafted -lrb- for the most part -rrb- chiller .
1,the gentle comic treatment of adolescent sturm und drang should please fans of chris fuhrman 's posthumously published cult novel .
1,"while it 's nothing we have n't seen before from murphy , i spy is still fun and enjoyable and so aggressively silly that it 's more than a worthwhile effort ."
1,demonstrates a vivid imagination and an impressive style that result in some terrific setpieces .
1,we 're drawn in by the dark luster .
1,"you need n't be steeped in '50s sociology , pop culture or movie lore to appreciate the emotional depth of haynes ' work ."
1,"the old-world - meets-new mesh is incarnated in the movie 's soundtrack , a joyful effusion of disco bollywood that , by the end of monsoon wedding , sent my spirit soaring out of the theater ."
1,"first-time writer-director serry shows a remarkable gift for storytelling with this moving , effective little film ."
1,bound to appeal to women looking for a howlingly trashy time .
1,... takes the beauty of baseball and melds it with a story that could touch anyone regardless of their familiarity with the sport
1,"by not averting his eyes , solondz forces us to consider the unthinkable , the unacceptable , the unmentionable ."
1,leigh makes these lives count .
1,ken russell would love this .
1,the stunt work is top-notch ; the dialogue and drama often food-spittingly funny .
1,a well-executed spy-thriller .
1,"though it lacks the utter authority of a genre gem , there 's a certain robustness to this engaging mix of love and bloodletting ."
1,"an honest , sensitive story from a vietnamese point of view ."
1,"even at its worst , it 's not half-bad ."
1,adaptation is intricately constructed and in a strange way nails all of orlean 's themes without being a true adaptation of her book .
1,"an ambitiously naturalistic , albeit half-baked , drama about an abused , inner-city autistic teen ."
1,"too damn weird to pass up , and for the blacklight crowd , way cheaper -lrb- and better -rrb- than pink floyd tickets ."
1,an ebullient tunisian film about the startling transformation of a tradition-bound widow who is drawn into the exotic world of belly dancing .
1,"we 've seen the hippie-turned-yuppie plot before , but there 's an enthusiastic charm in fire that makes the formula fresh again ."
1,it also shows how deeply felt emotions can draw people together across the walls that might otherwise separate them .
1,despite its flaws ... belinsky is still able to create an engaging story that keeps you guessing at almost every turn .
1,"yes , mibii is rote work and predictable , but with a philosophical visual coming right at the end that extravagantly redeems it ."
1,it 's fun lite .
1,vincent gallo is right at home in this french shocker playing his usual bad boy weirdo role .
1,it 's worth taking the kids to .
1,"the movie itself is far from disappointing , offering an original take on courtroom movies , a few nifty twists that are so crucial to the genre and another first-rate performance by top-billed star bruce willis ."
1,there are some movies that hit you from the first scene and you know it 's going to be a trip .
1,intriguing and downright intoxicating .
1,one of the best of a growing strain of daring films ... that argue that any sexual relationship that does n't hurt anyone and works for its participants is a relationship that is worthy of our respect .
1,"this rush to profits has created a predictably efficient piece of business notable largely for its overwhelming creepiness , for an eagerness to create images you wish you had n't seen , which , in this day and age , is of course the point ."
1,"awesome work : ineffable , elusive , yet inexplicably powerful"
1,"nair 's cast is so large it 's altman-esque , but she deftly spins the multiple stories in a vibrant and intoxicating fashion ."
1,"except it 's much , much better ."
1,a dazzling thing to behold -- as long as you 're wearing the somewhat cumbersome 3d goggles the theater provides .
1,"often messy and frustrating , but very pleasing at its best moments , it 's very much like life itself ."
1,there are scenes of cinematic perfection that steal your heart away .
1,"symbolically , warm water under a red bridge is a celebration of feminine energy , a tribute to the power of women to heal ."
1,"what 's so fun about this silly , outrageous , ingenious thriller is the director 's talent ."
1,"a stylish but steady , and ultimately very satisfying , piece of character-driven storytelling ."
1,a zinger-filled crowd-pleaser that open-minded elvis fans -lrb- but by no means all -rrb- will have fun with .
1,a tour de force of modern cinema .
1,"a sun-drenched masterpiece , part parlor game , part psychological case study , part droll social satire ."
1,"the way home is an ode to unconditional love and compassion garnered from years of seeing it all , a condition only the old are privy to , and ... often misconstrued as weakness ."
1,australian actor\/director john polson and award-winning english cinematographer giles nuttgens make a terrific effort at disguising the obvious with energy and innovation .
1,the wild thornberrys movie is pleasant enough and the message of our close ties with animals can certainly not be emphasized enough .
1,"the story , once it gets rolling , is nothing short of a great one ."
1,told just proficiently enough to trounce its overly comfortable trappings .
1,"the filmmakers wisely decided to let crocodile hunter steve irwin do what he does best , and fashion a story around him ."
1,"ultimately , `` mib ii '' succeeds due to its rapid-fire delivery and enough inspired levity that it ca n't be dismissed as mindless ."
1,"thought-provoking and stylish , if also somewhat hermetic ."
1,it reaffirms life as it looks in the face of death .
1,about the best thing you could say about narc is that it 's a rock-solid little genre picture .
1,"it 's tough to watch , but it 's a fantastic movie ."
1,-lrb- grant -rrb- goes beyond his usual fluttering and stammering and captures the soul of a man in pain who gradually comes to recognize it and deal with it .
1,but mr. polanski creates images even more haunting than those in mr. spielberg 's 1993 classic .
1,"sly , sophisticated and surprising ."
1,a fine documentary can be distinguished from a mediocre one by the better film 's ability to make its subject interesting to those who are n't part of its supposed target audience .
1,a quirky comedy set in newfoundland that cleverly captures the dry wit that 's so prevalent on the rock .
1,the gags that fly at such a furiously funny pace that the only rip off that we were aware of was the one we felt when the movie ended so damned soon .
1,toes the fine line between cheese and earnestness remarkably well ; everything is delivered with such conviction that it 's hard not to be carried away .
1,a suffocating rape-payback horror show that hinges on the subgenre 's most enabling victim ... and an ebullient affection for industrial-model meat freezers .
1,one ca n't deny its seriousness and quality .
1,"pan nalin 's exposition is beautiful and mysterious , and the interviews that follow , with the practitioners of this ancient indian practice , are as subtle and as enigmatic ."
1,"like vardalos and corbett , who play their roles with vibrant charm , the film , directed by joel zwick , is heartfelt and hilarious in ways you ca n't fake ."
1,"the far future may be awesome to consider , but from period detail to matters of the heart , this film is most transporting when it stays put in the past ."
1,"one of recent memory 's most thoughtful films about art , ethics , and the cost of moral compromise ."
1,a must see for all sides of the political spectrum
1,"what makes salton sea surprisingly engrossing is that caruso takes an atypically hypnotic approach to a world that 's often handled in fast-edit , hopped-up fashion ."
1,his work transcends the boy-meets-girl posturing of typical love stories .
1,"it provides the grand , intelligent entertainment of a superior cast playing smart people amid a compelling plot ."
1,"although mainstream american movies tend to exploit the familiar , every once in a while a film arrives from the margin that gives viewers a chance to learn , to grow , to travel ."
1,"both heartbreaking and heartwarming ... just a simple fable done in an artless sytle , but it 's tremendously moving ."
1,"a hugely rewarding experience that 's every bit as enlightening , insightful and entertaining as grant 's two best films -- four weddings and a funeral and bridget jones 's diary ."
1,"despite besson 's high-profile name being wasabi 's big selling point , there is no doubt that krawczyk deserves a huge amount of the credit for the film 's thoroughly winning tone ."
1,"visually breathtaking , viscerally exciting , and dramatically moving , it 's the very definition of epic adventure ."
1,"could use a little more humanity , but it never lacks in eye-popping visuals ."
1,"watching this film , one is left with the inescapable conclusion that hitchens ' obsession with kissinger is , at bottom , a sophisticated flower child 's desire to purge the world of the tooth and claw of human power ."
1,"the movie enters a realm where few non-porn films venture , and comes across as darkly funny , energetic , and surprisingly gentle ."
1,"the trick when watching godard is to catch the pitch of his poetics , savor the pleasure of his sounds and images , and ponder the historical , philosophical , and ethical issues that intersect with them ."
1,his healthy sense of satire is light and fun ...
1,"formuliac , but fun ."
1,leigh 's film is full of memorable performances from top to bottom .
1,naomi watts is terrific as rachel ; her petite frame and vulnerable persona emphasising her plight and isolation .
1,sleek and arty .
1,here is a vh1 behind the music special that has something a little more special behind it : music that did n't sell many records but helped change a nation .
1,"you may leave the theater with more questions than answers , but darned if your toes wo n't still be tapping ."
1,"the film belongs to the marvelous verdu , a sexy slip of an earth mother who mourns her tragedies in private and embraces life in public"
1,salma goes native and she 's never been better in this colorful bio-pic of a mexican icon .
1,"unfolds as one of the most politically audacious films of recent decades from any country , but especially from france ."
1,"corny , schmaltzy and predictable , but still manages to be kind of heartwarming , nonetheless ."
1,"i liked it because it was so endlessly , grotesquely , inventive ."
1,hashiguchi uses the situation to evoke a japan bustling atop an undercurrent of loneliness and isolation .
1,offers an interesting look at the rapidly changing face of beijing .
1,a polished and vastly entertaining caper film that puts the sting back into the con .
1,changing lanes is an anomaly for a hollywood movie ; it 's a well-written and occasionally challenging social drama that actually has something interesting to say .
0,"and as with most late-night bull sessions , eventually the content is n't nearly as captivating as the rowdy participants think it is ."
0,mattei 's underdeveloped effort here is nothing but a convenient conveyor belt of brooding personalities that parade about as if they were coming back from stock character camp -- a drowsy drama infatuated by its own pretentious self-examination .
0,the story alone could force you to scratch a hole in your head .
0,mr. soderbergh 's direction and visual style struck me as unusually and unimpressively fussy and pretentious .
0,it appears that something has been lost in the translation to the screen .
0,"like many such biographical melodramas , it suffers from the awkwardness that results from adhering to the messiness of true stories ."
0,"it plods along methodically , somehow under the assumption that its `` dead wife communicating from beyond the grave '' framework is even remotely new or interesting ."
0,but it 's hard to imagine a more generic effort in the genre .
0,i 'm not exactly sure what this movie thinks it is about .
0,essentially `` fatal attraction '' remade for viewers who were in diapers when the original was released in 1987 .
0,"the director knows how to apply textural gloss , but his portrait of sex-as-war is strictly sitcom ."
0,"sex ironically has little to do with the story , which becomes something about how lame it is to try and evade your responsibilities and that you should never , ever , leave a large dog alone with a toddler ."
0,"the movie is dawn of the dead crossed with john carpenter 's ghosts of mars , with zombies not as ghoulish as the first and trains not as big as the second ."
0,"a jumbled fantasy comedy that did not figure out a coherent game plan at scripting , shooting or post-production stages ."
0,it offers little beyond the momentary joys of pretty and weightless intellectual entertainment .
0,"snoots will no doubt rally to its cause , trotting out threadbare standbys like ` masterpiece ' and ` triumph ' and all that malarkey , but rarely does an established filmmaker so ardently waste viewers ' time with a gobbler like this ."
0,the film does n't show enough of the creative process or even of what was created for the non-fan to figure out what makes wilco a big deal .
0,it 's a mindless action flick with a twist -- far better suited to video-viewing than the multiplex .
0,"did no one on the set have a sense of humor , or did they not have the nerve to speak up ?"
0,it 's fitting that a movie as artificial and soulless as the country bears owes its genesis to an animatronic display at disneyland .
0,"on a cutting room floor somewhere lies ... footage that might have made no such thing a trenchant , ironic cultural satire instead of a frustrating misfire ."
0,"shunji iwai 's all about lily chou chou is a beautifully shot , but ultimately flawed film about growing up in japan ."
0,... overly melodramatic ...
0,"he 's just a sad aristocrat in tattered finery , and the film seems as deflated as he does ."
0,but it 's too long and too convoluted and it ends in a muddle .
0,just dreadful .
0,"the tuxedo was n't just bad ; it was , as my friend david cross would call it , ` hungry-man portions of bad ' ."
0,"... while each moment of this broken character study is rich in emotional texture , the journey does n't really go anywhere ."
0,does n't add up to much .
0,a crass and insulting homage to great films like some like it hot and the john wayne classics .
0,"each scene drags , underscoring the obvious , and sentiment is slathered on top ."
0,you get the impression that writer and director burr steers knows the territory ... but his sense of humor has yet to lose the smug self-satisfaction usually associated with the better private schools .
0,this thing works on no level whatsoever for me .
0,disney again ransacks its archives for a quick-buck sequel .
0,lacks depth .
0,"the so-inept - it 's - surreal dubbing -lrb- featuring the voices of glenn close , regis philbin and breckin meyer -rrb- brings back memories of cheesy old godzilla flicks ."
0,chelsea walls is a case of too many chefs fussing over too weak a recipe .
0,"this mild-mannered farce , directed by one of its writers , john c. walsh , is corny in a way that bespeaks an expiration date passed a long time ago ."
0,"potty-mouthed enough for pg-13 , yet not as hilariously raunchy as south park , this strangely schizo cartoon seems suited neither to kids or adults ."
0,kaufman 's script is never especially clever and often is rather pretentious .
0,director douglas mcgrath takes on nickleby with all the halfhearted zeal of an 8th grade boy delving into required reading .
0,"well , this movie proves you wrong on both counts ."
0,the characters never change .
0,"muddled , melodramatic paranormal romance is an all-time low for kevin costner ."
0,it 's splash without the jokes .
0,sheridan 's take on the author 's schoolboy memoir ... is a rather toothless take on a hard young life .
0,this painfully unfunny farce traffics in tired stereotypes and encumbers itself with complications ... that have no bearing on the story .
0,"a woefully dull , redundant concept that bears more than a whiff of exploitation , despite iwai 's vaunted empathy ."
0,"it 's difficult to imagine that a more confused , less interesting and more sloppily made film could possibly come down the road in 2002 ."
0,"i guess it just goes to show that if you give a filmmaker an unlimited amount of phony blood , nothing good can happen ."
0,"i admire it and yet can not recommend it , because it overstays its natural running time ."
0,plays like some corny television production from a bygone era
0,apparently reassembled from the cutting-room floor of any given daytime soap .
0,an occasionally interesting but mostly repetitive look at a slice of counterculture that might be best forgotten .
0,knockaround guys plays like a student film by two guys who desperately want to be quentin tarantino when they grow up .
0,"tries too hard to be funny in a way that 's too loud , too goofy and too short of an attention span ."
0,"i just saw this movie ... well , it 's probably not accurate to call it a movie ."
0,the only surprise is that heavyweights joel silver and robert zemeckis agreed to produce this ; i assume the director has pictures of them cavorting in ladies ' underwear .
0,the package in which this fascinating -- and timely -- content comes wrapped is disappointingly generic .
0,the good girl is a film in which the talent is undeniable but the results are underwhelming .
0,"star trek was kind of terrific once , but now it is a copy of a copy of a copy ."
0,"he seems to want both , but succeeds in making neither ."
0,"franco is an excellent choice for the walled-off but combustible hustler , but he does not give the transcendent performance sonny needs to overcome gaps in character development and story logic ."
0,"co-writer\/director jonathan parker 's attempts to fashion a brazil-like , hyper-real satire fall dreadfully short ."
0,it sucked .
0,"wes craven 's presence is felt ; not the craven of ' a nightmare on elm street ' or ` the hills have eyes , ' but the sad schlock merchant of ` deadly friend . '"
0,a terrible adaptation of a play that only ever walked the delicate tightrope between farcical and loathsome .
0,"it 's leaden and predictable , and laughs are lacking ."
0,i 'm not sure which will take longer to heal : the welt on johnny knoxville 's stomach from a riot-control projectile or my own tortured psyche .
0,like a soft drink that 's been sitting open too long : it 's too much syrup and not enough fizz .
0,"maybe you 'll be lucky , and there 'll be a power outage during your screening so you can get your money back ."
0,a great script brought down by lousy direction .
0,to call this film a lump of coal would only be to flatter it .
0,"a horror movie with seriously dumb characters , which somewhat dilutes the pleasure of watching them stalked by creepy-crawly bug things that live only in the darkness ."
0,"what little atmosphere is generated by the shadowy lighting , macabre sets , and endless rain is offset by the sheer ugliness of everything else ."
0,but the film itself is ultimately quite unengaging .
0,possibly the most irresponsible picture ever released by a major film studio .
0,"it 's hard to say who might enjoy this , are there tolstoy groupies out there ?"
0,"instead , it 'll only put you to sleep ."
0,"should n't have been allowed to use the word `` new '' in its title , because there 's not an original character , siuation or joke in the entire movie ."
0,there 's no energy .
0,i have to admit i walked out of runteldat .
0,"if i want a real movie , i 'll buy the criterion dvd ."
0,"take away the controversy , and it 's not much more watchable than a mexican soap opera ."
0,"narratively , trouble every day is a plodding mess ."
0,"this is a fragmented film , once a good idea that was followed by the bad idea to turn it into a movie ."
0,"... blade ii is still top-heavy with blazing guns , cheatfully filmed martial arts , disintegrating bloodsucker computer effects and jagged camera moves that serve no other purpose than to call attention to themselves ."
0,becomes the last thing you would expect from a film with this title or indeed from any plympton film : boring .
0,novak contemplates a heartland so overwhelmed by its lack of purpose that it seeks excitement in manufactured high drama .
0,ends up offering nothing more than the latest schwarzenegger or stallone flick would .
0,it 's as if a bored cage spent the duration of the film 's shooting schedule waiting to scream : `` got aids yet ? ''
0,"with flashbulb editing as cover for the absence of narrative continuity , undisputed is nearly incoherent , an excuse to get to the closing bout ... by which time it 's impossible to care who wins ."
0,"hart 's war seems to want to be a character study , but apparently ca n't quite decide which character ."
0,"though impostor deviously adopts the guise of a modern motion picture , it too is a bomb ."
0,"even in the summertime , the most restless young audience deserves the dignity of an action hero motivated by something more than franchise possibilities ."
0,lame sweet home leaves no southern stereotype unturned .
0,"a piece of mildly entertaining , inoffensive fluff that drifts aimlessly for 90 minutes before lodging in the cracks of that ever-growing category : unembarrassing but unmemorable ."
0,these characters become wearisome .
0,a wildly inconsistent emotional experience .
0,"as is often the case with ambitious , eager first-time filmmakers , mr. murray , a prolific director of music videos , stuffs his debut with more plot than it can comfortably hold ."
0,"the issues are presented in such a lousy way , complete with some of the year 's -lrb- unintentionally -rrb- funniest moments , that it 's impossible to care ."
0,"it 's a lot to ask people to sit still for two hours and change watching such a character , especially when rendered in as flat and impassive a manner as phoenix 's ."
0,empire ca n't make up its mind whether it wants to be a gangster flick or an art film .
0,leaks treacle from every pore .
0,"this is surely one of the most frantic , virulent and foul-natured christmas season pics ever delivered by a hollywood studio ."
0,"... the film 's considered approach to its subject matter is too calm and thoughtful for agitprop , and the thinness of its characterizations makes it a failure as straight drama . '"
0,"for a film about explosions and death and spies , `` ballistic : ecks vs. sever '' seems as safe as a children 's film ."
0,"an exit sign , that is ."
0,this thing is just garbage .
0,the whole talking-animal thing is grisly .
0,"not exaggerated enough to be a parody of gross-out flicks , college flicks , or even flicks in general ."
0,bad movie .
0,"the most memorable moment was when green threw medical equipment at a window ; not because it was particularly funny , but because i had a serious urge to grab the old lady at the end of my aisle 's walker and toss it at the screen in frustration ."
0,"too stagey , talky -- and long -- for its own good ."
0,"the acting is amateurish , the cinematography is atrocious , the direction is clumsy , the writing is insipid and the violence is at once luridly graphic and laughably unconvincing ."
0,"it 's hard to say who might enjoy this , are there tolstoy groupies out there ?"
0,"the gifted crudup has the perfect face to play a handsome blank yearning to find himself , and his cipherlike personality and bad behavior would play fine if the movie knew what to do with him ."
0,disappointing in comparison to other recent war movies ... or any other john woo flick for that matter .
0,"nonsensical , dull `` cyber-horror '' flick is a grim , hollow exercise in flat scares and bad acting ."
0,"just a string of stale gags , with no good inside dope , and no particular bite ."
0,"it does n't flinch from its unsettling prognosis , namely , that the legacy of war is a kind of perpetual pain ."
0,"it 's so tedious that it makes you forgive every fake , dishonest , entertaining and , ultimately , more perceptive moment in bridget jones 's diary ."
0,"with the exception of some fleetingly amusing improvisations by cedric the entertainer as perry 's boss , there is n't a redeeming moment here ."
0,the characters are never more than sketches ... which leaves any true emotional connection or identification frustratingly out of reach .
0,daughter from danang reveals that efforts toward closure only open new wounds .
0,"this is sandler running on empty , repeating what he 's already done way too often ."
0,"wendigo wants to be a monster movie for the art-house crowd , but it falls into the trap of pretention almost every time ."
0,... really horrible drek .
0,"showtime is n't particularly assaultive , but it can still make you feel that you never want to see another car chase , explosion or gunfight again ."
0,"pumpkin takes an admirable look at the hypocrisy of political correctness , but it does so with such an uneven tone that you never know when humor ends and tragedy begins ."
0,"like its title character , esther kahn is unusual but unfortunately also irritating ."
0,"loosely speaking , we 're in all of me territory again , and , strictly speaking , schneider is no steve martin ."
0,"about as enjoyable , i would imagine , as searching for a quarter in a giant pile of elephant feces ... positively dreadful ."
0,"it looks good , but it is essentially empty ."
0,"it 's not original , and , robbed of the element of surprise , it does n't have any huge laughs in its story of irresponsible cops who love to play pranks ."
0,"pc stability notwithstanding , the film suffers from a simplistic narrative and a pat , fairy-tale conclusion ."
0,"forget the misleading title , what 's with the unexplained baboon cameo ?"
0,it is not the first time that director sara sugarman stoops to having characters drop their pants for laughs and not the last time she fails to provoke them .
0,"swinging , the film makes it seem , is not a hobby that attracts the young and fit ."
0,staggers between flaccid satire and what is supposed to be madcap farce .
0,"combining quick-cut editing and a blaring heavy metal much of the time , beck seems to be under the illusion that he 's shooting the latest system of a down video ."
0,i still want my money back .
0,"this would-be ` james bond for the extreme generation ' pic is one big , dumb action movie ."
0,the piquant story needs more dramatic meat on its bones .
0,most of the movie is so deadly dull that watching the proverbial paint dry would be a welcome improvement .
0,about one in three gags in white 's intermittently wise script hits its mark ; the rest are padding unashamedly appropriated from the teen-exploitation playbook .
0,"this is the sort of burly action flick where one coincidence pummels another , narrative necessity is a drunken roundhouse , and whatever passes for logic is a factor of the last plot device left standing ."
0,wildly incompetent but brilliantly named half past dead -- or for seagal pessimists : totally past his prime .
0,"an ugly , revolting movie ."
0,it 's just merely very bad .
0,"there is n't nearly enough fun here , despite the presence of some appealing ingredients ."
0,american chai encourages rueful laughter at stereotypes only an indian-american would recognize .
0,the master of disguise is awful .
0,"mattei so completely loses himself to the film 's circular structure to ever offer any insightful discourse on , well , love in the time of money ."
0,"i 'll stay with the stage versions , however , which bite cleaner , and deeper ."
0,the first question to ask about bad company is why anthony hopkins is in it .
0,"this mild-mannered farce , directed by one of its writers , john c. walsh , is corny in a way that bespeaks an expiration date passed a long time ago ."
0,where their heads were is anyone 's guess .
0,"haneke 's script -lrb- from elfriede jelinek 's novel -rrb- is contrived , unmotivated , and psychologically unpersuasive , with an inconclusive ending ."
0,"by getting myself wrapped up in the visuals and eccentricities of many of the characters , i found myself confused when it came time to get to the heart of the movie ."
0,the rollerball sequences feel sanitised and stagey .
0,eerily accurate depiction of depression .
0,millions of dollars heaped upon a project of such vast proportions need to reap more rewards than spiffy bluescreen technique and stylish weaponry .
0,insufferably naive .
0,constantly slips from the grasp of its maker .
0,hip-hop rarely comes alive as its own fire-breathing entity in this picture .
0,"though impostor deviously adopts the guise of a modern motion picture , it too is a bomb ."
0,"no , i hate it ."
0,"jackson shamefully strolls through this mess with a smug grin , inexplicably wearing a kilt and carrying a bag of golf clubs over one shoulder ."
0,but it also comes with the laziness and arrogance of a thing that already knows it 's won .
0,a feeble tootsie knockoff .
0,"interview with the assassin is structured less as a documentary and more as a found relic , and as such the film has a difficult time shaking its blair witch project real-time roots ."
0,"... unlike -lrb- scorsese 's mean streets -rrb- , ash wednesday is essentially devoid of interesting characters or even a halfway intriguing plot ."
0,... a boring parade of talking heads and technical gibberish that will do little to advance the linux cause .
0,"klein , charming in comedies like american pie and dead-on in election , delivers one of the saddest action hero performances ever witnessed ."
0,one of those so-so films that could have been much better .
0,"priggish , lethargically paced parable of renewal ."
0,a generic international version of a typical american horror film .
0,"while the production details are lavish , film has little insight into the historical period and its artists , particularly in how sand developed a notorious reputation ."
0,animated drivel meant to enhance the self-image of drooling idiots .
0,boyd 's screenplay -lrb- co-written with guardian hack nick davies -rrb- has a florid turn of phrase that owes more to guy ritchie than the bard of avon .
0,deserving of its critical backlash and more .
0,woefully pretentious .
0,"despite its sincere acting , signs is just another unoriginal run of the mill sci-fi film with a flimsy ending and lots of hype ."
0,"shunji iwai 's all about lily chou chou is a beautifully shot , but ultimately flawed film about growing up in japan ."
0,"by the time you reach the finale , you 're likely wondering why you 've been watching all this strutting and posturing ."
0,plays like an unbalanced mixture of graphic combat footage and almost saccharine domestic interludes that are pure hollywood .
0,"what jackson has done is proven that no amount of imagination , no creature , no fantasy story and no incredibly outlandish scenery"
0,it 's bedeviled by labored writing and slack direction .
0,hollywood ending just is n't very funny .
0,"unfortunately , that 's precisely what arthur dong 's family fundamentals does ."
0,"-lrb- evans is -rrb- a fascinating character , and deserves a better vehicle than this facetious smirk of a movie ."
0,what makes esther kahn so demanding is that it progresses in such a low-key manner that it risks monotony .
0,it 's that painful .
0,... silly humbuggery ...
0,"it 's not a bad premise , just a bad movie ."
0,"outer-space buffs might love this film , but others will find its pleasures intermittent ."
0,"the most memorable moment was when green threw medical equipment at a window ; not because it was particularly funny , but because i had a serious urge to grab the old lady at the end of my aisle 's walker and toss it at the screen in frustration ."
0,"long before it 's over , you 'll be thinking of 51 ways to leave this loser ."
0,"we 're left with a story that tries to grab us , only to keep letting go at all the wrong moments ."
0,do n't be fooled by the impressive cast list - eye see you is pure junk .
0,"` martin lawrence live ' is so self-pitying , i almost expected there to be a collection taken for the comedian at the end of the show ."
0,"the first hour is tedious though ford and neeson capably hold our interest , but its just not a thrilling movie ."
0,"well , this movie proves you wrong on both counts ."
0,"what they 're doing is a matter of plumbing arrangements and mind games , of no erotic or sensuous charge ."
0,its appeal will probably limited to lds church members and undemanding armchair tourists .
0,"it should be interesting , it should be poignant , it turns out to be affected and boring ."
0,director jay russell weighs down his capricious fairy-tale with heavy sentiment and lightweight meaning .
0,"oedekerk mugs mercilessly , and the genuinely funny jokes are few and far between ."
0,dreary tale of middle-class angst
0,"its salient points are simultaneously buried , drowned and smothered in the excesses of writer-director roger avary ."
0,"... unspeakably , unbearably dull , featuring reams of flatly delivered dialogue and a heroine who comes across as both shallow and dim-witted ."
0,"in the end , the movie bogs down in insignificance , saying nothing about kennedy 's assassination and revealing nothing about the pathology it pretends to investigate ."
0,... a sour little movie at its core ; an exploration of the emptiness that underlay the relentless gaiety of the 1920 's ... the film 's ending has a `` what was it all for ? ''
0,believability was n't one of the film 's virtues .
0,"it feels like an after-school special gussied up with some fancy special effects , and watching its rote plot points connect is about as exciting as gazing at an egg timer for 93 minutes ."
0,"none of this so-called satire has any sting to it , as if woody is afraid of biting the hand that has finally , to some extent , warmed up to him ."
0,set in a 1986 harlem that does n't look much like anywhere in new york .
0,"sad nonsense , this ."
0,it 's makes a better travelogue than movie .
0,one of the most highly-praised disappointments i 've had the misfortune to watch in quite some time .
0,poor ben bratt could n't find stardom if mapquest emailed him point-to-point driving directions .
0,the cumulative effect of the movie is repulsive and depressing .
0,it is n't scary .
0,a major waste ... generic .
0,"... an incredibly heavy-handed , manipulative dud that feels all too familiar ."
0,"all the sensuality , all the eroticism of a good vampire tale has been , pardon the pun , sucked out and replaced by goth goofiness ."
0,gaping plot holes sink this ` sub ' - standard thriller and drag audience enthusiasm to crush depth .
0,is n't it a bit early in his career for director barry sonnenfeld to do a homage to himself ?
0,"broomfield 's style of journalism is hardly journalism at all , and even those with an avid interest in the subject will grow impatient ."
0,less a study in madness or love than a study in schoolgirl obsession .
0,more tiring than anything .
0,how do you make a movie with depth about a man who lacked any ?
0,shot like a postcard and overacted with all the boozy self-indulgence that brings out the worst in otherwise talented actors ...
0,"replacing john carpenter 's stylish tracking shots is degraded , handheld blair witch video-cam footage ."
0,barney throws away the goodwill the first half of his movie generates by orchestrating a finale that is impenetrable and dull .
0,a grand fart coming from a director beginning to resemble someone 's crazy french grandfather .
0,stone seems to have a knack for wrapping the theater in a cold blanket of urban desperation .
0,it 's horribly depressing and not very well done .
0,blue crush is as predictable as the tides .
0,"the film contains no good jokes , no good scenes , barely a moment when carvey 's saturday night live-honed mimicry rises above the level of embarrassment ."
0,"offers big , fat , dumb laughs that may make you hate yourself for giving in ."
0,the lead actors share no chemistry or engaging charisma .
0,"-lrb- johnnie to and wai ka fai are -rrb- sure to find an enthusiastic audience among american action-adventure buffs , but the film 's interests may be too narrow to attract crossover viewers ."
0,mindless and boring martial arts and gunplay with too little excitement and zero compelling storyline .
0,"at three hours and with very little story or character development , there is plenty of room for editing , and a much shorter cut surely would have resulted in a smoother , more focused narrative without sacrificing any of the cultural intrigue ."
0,"no new plot conceptions or environmental changes , just different bodies for sharp objects to rip through ."
0,sewer rats could watch this movie and be so skeeved out that they 'd need a shower .
0,a dumb movie with dumb characters doing dumb things and you have to be really dumb not to see where this is going .
0,"they just have problems , which are neither original nor are presented in convincing way ."
