class,text
0,bad movie .
1,"my big fat greek wedding is not only the best date movie of the year , it 's also a -- dare i say it twice -- delightfully charming -- and totally american , i might add -- slice of comedic bliss ."
0,daughter from danang reveals that efforts toward closure only open new wounds .
1,we 're drawn in by the dark luster .
1,"this breezy caper movie becomes a soulful , incisive meditation on the way we were , and the way we are ."
0,most of the movie is so deadly dull that watching the proverbial paint dry would be a welcome improvement .
0,... really horrible drek .
1,"this is an extraordinary film , not least because it is japanese and yet feels universal ."
1,"amy and matthew have a bit of a phony relationship , but the film works in spite of it ."
0,do n't be fooled by the impressive cast list - eye see you is pure junk .
1,"the re-release of ron howard 's apollo 13 in the imax format proves absolutely that really , really , really good things can come in enormous packages ."
1,a zinger-filled crowd-pleaser that open-minded elvis fans -lrb- but by no means all -rrb- will have fun with .
0,"this mild-mannered farce , directed by one of its writers , john c. walsh , is corny in a way that bespeaks an expiration date passed a long time ago ."
1,there 's much tongue in cheek in the film and there 's no doubt the filmmaker is having fun with it all .
0,"it 's so tedious that it makes you forgive every fake , dishonest , entertaining and , ultimately , more perceptive moment in bridget jones 's diary ."
0,"swinging , the film makes it seem , is not a hobby that attracts the young and fit ."
0,"at three hours and with very little story or character development , there is plenty of room for editing , and a much shorter cut surely would have resulted in a smoother , more focused narrative without sacrificing any of the cultural intrigue ."
1,elvira fans could hardly ask for more .
0,a terrible adaptation of a play that only ever walked the delicate tightrope between farcical and loathsome .
0,"haneke 's script -lrb- from elfriede jelinek 's novel -rrb- is contrived , unmotivated , and psychologically unpersuasive , with an inconclusive ending ."
0,"the film contains no good jokes , no good scenes , barely a moment when carvey 's saturday night live-honed mimicry rises above the level of embarrassment ."
0,"offers big , fat , dumb laughs that may make you hate yourself for giving in ."
0,"each scene drags , underscoring the obvious , and sentiment is slathered on top ."
0,"for a film about explosions and death and spies , `` ballistic : ecks vs. sever '' seems as safe as a children 's film ."
1,griffin & co. manage to be spectacularly outrageous .
0,"... unspeakably , unbearably dull , featuring reams of flatly delivered dialogue and a heroine who comes across as both shallow and dim-witted ."
0,sewer rats could watch this movie and be so skeeved out that they 'd need a shower .
1,a fine documentary can be distinguished from a mediocre one by the better film 's ability to make its subject interesting to those who are n't part of its supposed target audience .
1,a lovably old-school hollywood confection .
0,"narratively , trouble every day is a plodding mess ."
0,"... an incredibly heavy-handed , manipulative dud that feels all too familiar ."
0,"... blade ii is still top-heavy with blazing guns , cheatfully filmed martial arts , disintegrating bloodsucker computer effects and jagged camera moves that serve no other purpose than to call attention to themselves ."
0,"unfortunately , that 's precisely what arthur dong 's family fundamentals does ."
1,"we 've seen the hippie-turned-yuppie plot before , but there 's an enthusiastic charm in fire that makes the formula fresh again ."
1,"when twentysomething hotsies make movies about their lives , hard-driving narcissism is a given , but what a world we 'd live in if argento 's hollywood counterparts ... had this much imagination and nerve ."
0,"take away the controversy , and it 's not much more watchable than a mexican soap opera ."
0,"by getting myself wrapped up in the visuals and eccentricities of many of the characters , i found myself confused when it came time to get to the heart of the movie ."
1,george lucas returns as a visionary with a tale full of nuance and character dimension .
1,but mr. polanski creates images even more haunting than those in mr. spielberg 's 1993 classic .
1,part of the charm of satin rouge is that it avoids the obvious with humour and lightness .
0,"it 's not original , and , robbed of the element of surprise , it does n't have any huge laughs in its story of irresponsible cops who love to play pranks ."
1,"efficient , suitably anonymous chiller ."
0,barney throws away the goodwill the first half of his movie generates by orchestrating a finale that is impenetrable and dull .
1,"awesome work : ineffable , elusive , yet inexplicably powerful"
1,"a solid , psychological action film from hong kong ."
1,you 'll know a star when you see one .
1,"on the granger movie gauge of 1 to 10 , the powerpuff girls is a fast , frenetic , funny , even punny 6 -- aimed specifically at a grade-school audience ."
1,the chateau cleverly probes the cross-cultural differences between gauls and yanks .
0,hip-hop rarely comes alive as its own fire-breathing entity in this picture .
1,succeeds where its recent predecessor miserably fails because it demands that you suffer the dreadfulness of war from both sides .
