class,text
0,"once the viewer accepts the huge leaps of faith required in the film's premise , it's a lot of fun to strap oneself in and enjoy this goofy ride . "
0,"as a movie , it never seems fresh and vital . it never plays as dramatic even when dramatic things happen to people . it labours as storytelling . "
0,"in its ragged , cheap and unassuming way , the movie works . "
0,the film is an enjoyable family film -- pretty much aimed at any youngster who loves horses . 
0,"thekids will probably stay amused at the kaleidoscope of big , colorful characters . mom and dad can catch some quality naptime along the way . "
0,behan himself knew how to spin a tale and one can't help but think he'd appreciate this attempt to turn his life into art . 
0,in the end there is one word that best describes this film : honest . 
0,one just waits grimly for the next shock without developing much attachment to the characters . 
0,"at best , cletis tout might inspire a trip to the video store -- in search of a better movie experience . "
0,"a b-movie you can sit through , enjoy on a certain level and then forget . "
0,the problem with all of this : it's not really funny . 
0,"fans of plympton's shorts may marginally enjoy the film , but it is doubtful this listless feature will win him any new viewers . "
0,"many went to see the attraction for the sole reason that it was hot outside and there was air conditioning inside , and i don't think that a . c . will help this movie one bit . "
0,"in his determination to lighten the heavy subject matter , silberling also , to a certain extent , trivializes the movie with too many nervous gags and pratfalls . "
0,"can't kick about the assembled talent and the russos show genuine promise as comic filmmakers . still , this thing feels flimsy and ephemeral . "
0,scores by marshaling facts that speak for themselves . and they don't speak kindly . 
0,the disjointed mess flows as naturally as jolie's hideous yellow 'do . 
0,"smith examines the intimate , unguarded moments of folks who live in unusual homes -- which pop up in nearly every corner of the country . "
0,"instead of a hyperbolic beat-charged urban western , it's an unpretentious , sociologically pointed slice of life . "
0,"a heady , biting , be-bop ride through nighttime manhattan , a loquacious videologue of the modern male and the lengths to which he'll go to weave a protective cocoon around his own ego . "
0,"this is as lax and limp a comedy as i've seen in a while , a meander through worn-out material . "
0, . . . too sappy for its own good . 
0,"there's a scientific law to be discerned here that producers would be well to heed : mediocre movies start to drag as soon as the action speeds up ; when the explosions start , they fall to pieces . "
0,"an awful lot like one of [spears'] music videos in content -- except that it goes on for at least 90 more minutes and , worse , that you have to pay if you want to see it . "
0,"the screenwriters dig themselves in deeper every time they toss logic and science into what is essentially a "" dungeons and dragons "" fantasy with modern military weaponry . . . "
0,"if director michael dowse only superficially understands his characters , he doesn't hold them in contempt . "
0,the filmmakers needed more emphasis on the storytelling and less on the glamorous machine that thrusts the audience into a future they won't much care about . 
0,"mr . deeds is not really a film as much as it is a loose collection of not-so-funny gags , scattered moments of lazy humor . "
0,i found myself more appreciative of what the director was trying to do than of what he had actually done . 
0,"what is unique about his secret life is that an assumption of intelligence , tolerance , and acceptance is already made , and thus the movie can focus on telling a compelling story . "
0," "" sorority boys "" was funnier , and that movie was pretty bad . "
0,little more than a super-sized infomercial for the cable-sports channel and its summer x games . 
0,"if you're looking for a smart , nuanced look at de sade and what might have happened at picpus , sade is your film . "
0,the primitive force of this film seems to bubble up from the vast collective memory of the combatants . it's like watching a nightmare made flesh . 
0,"it's difficult to imagine that a more confused , less interesting and more sloppily made film could possibly come down the road in 2002 . "
0,director nolan shows here he can handle clever material with a flair . 
0,what doesn't this film have that an impressionable kid couldn't stand to hear ? 
0,haynes has so fanatically fetishized every bizarre old-movie idiosyncrasy with such monastic devotion you're not sure if you should applaud or look into having him committed . 
0,the movie starts with a legend and ends with a story that is so far-fetched it would be impossible to believe if it weren't true . this is the stuff that disney movies are made of . 
0,"beautifully crafted and brutally honest , promises offers an unexpected window into the complexities of the middle east struggle and into the humanity of its people . "
0, . . . another example of how sandler is losing his touch . 
0,"for the most part , the film does hold up pretty well . "
0," . . . only bond can save us from the latest eccentric , super-wealthy megalomaniac bent on world domination and destruction . "
0,"blisteringly rude , scarily funny , sorrowfully sympathetic to the damage it surveys , the film has in kieran culkin a pitch-perfect holden . "
0,"swimming isn't a major film . nor does it try to be . but what , in the end , is a major film ? if it's one that accomplishes what it sets out to do , then we ought to correct ourselves . "
0,it's almost as if it's an elaborate dare more than a full-blooded film . 
0,the ring just left me cold and wet like i was out in the seattle drizzle without rainwear . 
0,"this sade is hardly a perverse , dangerous libertine and agitator -- which would have made for better drama . he's just a sad aristocrat in tattered finery , and the film seems as deflated as he does . "
0,this gorgeous epic is guaranteed to lift the spirits of the whole family . 
0,"if you really want to understand what this story is really all about , you're far better served by the source material . "
0,compassionately explores the seemingly irreconcilable situation between conservative christian parents and their estranged gay and lesbian children . 
0,"if you're part of her targeted audience , you'll cheer . otherwise , maybe . "
0,"may not be a breakthrough in filmmaking , but it is unwavering and arresting . "
0,"the behind the scenes series is more interesting than the resulting movie , but it's still worth taking a look . "
0,although commentary on nachtwey is provided . . . it's the image that really tells the tale . 
0,"visits spy-movie territory like a novel you can't put down , examines a footnote to history seldom brought to light on the screen , and keeps you guessing from first frame to last . "
0,montias . . . pumps a lot of energy into his nicely nuanced narrative and surrounds himself with a cast of quirky -- but not stereotyped -- street characters . 
0,"can't kick about the assembled talent and the russos show genuine promise as comic filmmakers . still , this thing feels flimsy and ephemeral . "
0,"focuses on joan's raging hormones and sledgehammers the audience with spanish inquisitions about her "" madness "" so much that i became mad that i wasted 123 minutes and $9 . 50 on this 21st century torture device . "
0,"a merciless thriller , threateningly beautiful to look at and eerie to behold . "
0,"as 'chick flicks' go , this one is pretty miserable , resorting to string-pulling rather than legitimate character development and intelligent plotting . "
0,one of the best films that showcase a romance within the context of an artistic movement
0,directed by david twohy with the same great eye for eerie understatement that he brought to pitch black . 
0,"atanarjuat , unfolding on a cold-blasted primeval arctic plain , has the quality of totem . "
0,"the screenplay comes across , rather unintentionally , as hip-hop scooby-doo . "
0, . . . a mostly boring affair with a confusing sudden finale that's likely to irk viewers . 
0,"the film is probably worth seeing for the sheer spectacle of it all , for the sake of obtaining valuable information , and for finding more closure on a story that has always been missing several pieces . "
0,"although the film boils down to a lightweight story about matchmaking , the characters make italian for beginners worth the journey"
0,by the final whistle you're convinced that this mean machine was a decent tv outing that just doesn't have big screen magic . 
0,"[aniston is] so good , she manages to overcome the occasional nuggets of preciousness and self-consciousness in the story . "
0,"featuring a dangerously seductive performance from the great daniel auteuil , "" sade "" covers the same period as kaufmann's "" quills "" with more unsettlingly realistic results . "
0,"belleza , magia , poder , amor , misterio , y gran gran msica y visuales . . . qu ms se puede pedir ? . . . "
0,"if this movie belonged to a sorority , it would be called beta alpha delta . "
0,"a full experience , a love story and a murder mystery that expands into a meditation on the deep deceptions of innocence . "
0,"you wouldn't want to live waydowntown , but it is a hilarious place to visit . "
0,it is intensely personal and yet -- unlike quills -- deftly shows us the temper of the times . 
0,"like its bizarre heroine , it irrigates our souls . "
0,"twohy is not only skilled at building and maintaining suspense , he's also aware that a cast chock full of experienced character actors is the right fit for a haunted sub flick . "
0,"anyone who suffers through this film deserves , at the very least , a big box of consolation candy . "
0,"the kind of movie that comes along only occasionally , one so unconventional , gutsy and perfectly executed it takes your breath away . "
0,"like the series , the movie is funny , smart , visually inventive , and most of all , alive . "
0,initial strangeness inexorably gives way to rote sentimentality and mystical tenderness becomes narrative expedience . 
0,late marriage is an in-your-face family drama and black comedy that is filled with raw emotions conveying despair and love . 
0,"this epic film , eschewing dialogue and conventional narrative logic , tells a gripping tale of biological drama through a highly improbable series of evocative images , superb acting and editing , and haunting music . "
0,"shanghai ghetto may not be as dramatic as roman polanski's the pianist , but its compassionate spirit soars every bit as high . "
0,"more of the same from taiwanese auteur tsai ming-liang , which is good news to anyone who's fallen under the sweet , melancholy spell of this unique director's previous films . "
0,the film's thoroughly recycled plot and tiresome jokes . . . drag the movie down . 
0,"this insightful , oscar-nominated documentary , in which children on both sides of the ever-escalating conflict have their say away from watchful parental eyes , gives peace yet another chance . "
0,the film's tone and pacing are off almost from the get-go . 
0,many of benjamins' elements feel like they've been patched in from an episode of miami vice . 
0,"no earth-shattering accomplishment , but an unusually smart movie that the whole family can go to without a single person getting bored or talked down to . "
0,"asia authors herself as anna battista , an italian superstar and aspiring directress who just happens to be her own worst enemy . "
0,"a chance to see three splendid actors turn a larky chase movie into an emotionally satisfying exploration of the very human need to be somebody , and to belong to somebody . "
0,a film that loses sight of its own story . 
0,everything that was right about blade is wrong in its sequel . 
0," . . . if it had been only half-an-hour long or a tv special , the humor would have been fast and furious-- at ninety minutes , it drags . "
0,"the film is rich with colorful characters and enlivened by its strong , convincing picture of rural trinidad . "
0,happy times maintains an appealing veneer without becoming too cute about it . 
0,"this is a monumental achievement in practically every facet of inept filmmaking : joyless , idiotic , annoying , heavy-handed , visually atrocious , and often downright creepy . "
0,the trials of henry kissinger is a remarkable piece of filmmaking  because you get it . 
0,"if you really want to understand what this story is really all about , you're far better served by the source material . "
0,"with a story inspired by the tumultuous surroundings of los angeles , where feelings of marginalization loom for every dreamer with a burst bubble , the dogwalker has a few characters and ideas , but it never manages to put them on the same path . "
0,"has no reason to exist , other than to employ hollywood kids and people who owe favors to their famous parents . "
0,the plot convolutions ultimately add up to nothing more than jerking the audience's chain . 
0,the cast comes through even when the movie doesn't . 
0,the soundtrack alone -- the literal pulse of the thing -- will rock you in your seat . 
0,an annoying orgy of excess and exploitation that has no point and goes nowhere . 
0,"a full world has been presented onscreen , not some series of carefully structured plot points building to a pat resolution . "
0,it somehow managed to make its way past my crappola radar and find a small place in my heart
0,it is just too bad the film's story does not live up to its style . 
0,"a subtle , poignant picture of goodness that is flawed , compromised and sad . "
0,"[koshashvili] sometimes drags [the ideas] out ( the film needs tightening ) , but they're worth considering all the same . "
0,as simple and innocent a movie as you can imagine . this is a movie you can trust . 
0,"it's hard to like a film about a guy who is utterly unlikeable , and shiner , starring michael caine as an aging british boxing promoter desperate for a taste of fame and fortune , is certainly that . "
0,"a charming , vibrant , if under-edited adaptation of v . s . naipaul's genially cynical novel . "
0,"it's not like having a real film of nijinsky , but at least it's better than that eponymous 1980 biopic that used soap in the places where the mysteries lingered . "
0,rewarding for its brash originality and daring in etching a portrait of a man who refuses to take life's disappointments lying down . 
0,"were dylan thomas alive to witness first-time director ethan hawke's strained chelsea walls , he might have been tempted to change his landmark poem to , 'do not go gentle into that good theatre . '"
0,"the three leads produce adequate performances , but what's missing from this material is any depth of feeling . "
0,ranks among the best films ever made about the acting profession . 
0,"you really have to salute writer-director haneke ( he adapted elfriede jelinek's novel ) for making a film that isn't nearly as graphic but much more powerful , brutally shocking and difficult to watch . "
0,"i still can't relate to stuart : he's a mouse , for cryin' out loud , and all he does is milk it with despondent eyes and whine that nobody treats him human enough . "
0,"a haunting , rich film . . . [fraser] and caine blend beautifully with their sweet-and-sour mix of acting . "
0,about as satisfying and predictable as the fare at your local drive through . 
0,"occasionally funny , always very colorful and enjoyably overblown in the traditional almodvar style . "
0,"usually when i get this much syrup , i like pancakes to go with it . "
0,"a great looking , trippy adventure . i can't wait for the next one . "
0,"intriguing and beautiful film , but those of you who read the book are likely to be disappointed . "
0,"diaz , applegate , blair and posey are suitably kooky which should appeal to women and they strip down often enough to keep men alert , if not amused . "
0,"beautifully shot against the frozen winter landscapes of grenoble and geneva , the film unfolds with all the mounting tension of an expert thriller , until the tragedy beneath it all gradually reveals itself . "
0,"despite an impressive roster of stars and direction from kathryn bigelow , the weight of water is oppressively heavy . "
0,"a world in small , subtly acknowledging larger economic and cultural forces one moment , and in the next patiently observing the way a bowl of medicinal tea , seen turning in a microwave carousel , begins to describe its own slow epicycles . "
0,"the film fits into a genre that has been overexposed , redolent of a thousand cliches , and yet remains uniquely itself , vibrant with originality . "
0,"this charming , thought-provoking new york fest of life and love has its rewards . "
0,"i stopped thinking about how good it all was , and started doing nothing but reacting to it - feeling a part of its grand locations , thinking urgently as the protagonists struggled , feeling at the mercy of its inventiveness , gasping at its visual delights . "
0,"sandler has played weirdos for zany comic effect , and it's interesting to finally see him play one in a relatively subdued romantic dramedy . "
0,a superb southern gothic slice of horror that is easily the sickest movie to arrive in theaters in a very long time . and i mean that in the nicest way possible . 
0,"lan yu is at times too restrained , yet there are moments it captures the erotics of intimacy in a way that makes most american love stories look downright unfree . "
0,blue crush is as predictable as the tides . . . . the movie feels stitched together from stock situations and characters from other movies . 
0,"gooding is the energetic frontman , and it's hard to resist his enthusiasm , even if the filmmakers come up with nothing original in the way of slapstick sequences . "
0,"while the script starts promisingly , it loses steam towards the middle and never really develops beyond attacking obvious target . "
0,"it will probably prove interesting to ram dass fans , but to others it may feel like a parody of the mellow , peace-and-love side of the '60s counterculture . "
0,like leafing through an album of photos accompanied by the sketchiest of captions . 
0,"martha is rich in contradictions , her tightly wound personality running counter to the sensual pleasure she offers others through her art . "
0,if you dig on david mamet's mind tricks . . . rent this movie and enjoy ! 
0,the movie is undone by a filmmaking methodology that's just experimental enough to alienate the mainstream audience while ringing cliched to hardened indie-heads . 
0,"barry convinces us he's a dangerous , secretly unhinged guy who could easily have killed a president because it made him feel powerful . "
0,this sort of cute and cloying material is far from zhang's forte and it shows . 
0,"soul is what's lacking in every character in this movie and , subsequently , the movie itself . "
0,the lack of naturalness makes everything seem self-consciously poetic and forced . . . it's a pity that [nelson's] achievement doesn't match his ambition . 
0,plummer steals the show without resorting to camp as nicholas' wounded and wounding uncle ralph . it's a great performance and a reminder of dickens' grandeur . 
0,"it's always disappointing when a documentary fails to live up to -- or offer any new insight into -- its chosen topic . unfortunately , that's precisely what arthur dong's family fundamentals does . "
0,"by turns gripping , amusing , tender and heart-wrenching , laissez-passer has all the earmarks of french cinema at its best . "
0,"in the end , all you can do is admire the ensemble players and wonder what the point of it is . "
0,"although no pastry is violated , this nasty comedy pokes fun at the same easy targets as other rowdy raunch-fests -- farts , boobs , unmentionables -- without much success . "
0,manages to please its intended audience -- children -- without placing their parents in a coma-like state . 
0,"it's a bad sign when you're rooting for the film to hurry up and get to its subjects' deaths just so the documentary will be over , but it's indicative of how uncompelling the movie is unless it happens to cover your particular area of interest . "
0,this sort of cute and cloying material is far from zhang's forte and it shows . 
0,"nicks , seemingly uncertain what's going to make people laugh , runs the gamut from stale parody to raunchy sex gags to formula romantic comedy . "
0,about nowhere kids who appropriated turfs as they found them and become self-made celebrity athletes -- a low-down version of the american dream . 
0,maudlin and melodramatic we expected . boring we didn't . 
0,the film starts out as competent but unremarkable . . . and gradually grows into something of considerable power . 
0,"[a] superbly controlled , passionate adaptation of graham greene's 1955 novel . "
0,"the smug , oily demeanor that donovan adopts throughout the stupidly named pipe dream is just repulsive . "
0,"a sweet , tender sermon about a 12-year-old welsh boy more curious about god than girls , who learns that believing in something does matter . "
0,it's everything you don't go to the movies for . 
0,"even though many of these guys are less than adorable ( their lamentations are pretty much self-centered ) , there's something vital about the movie . "
0,"sounding like arnold schwarzenegger , with a physique to match , [ahola] has a wooden delivery and encounters a substantial arc of change that doesn't produce any real transformation . "
0,"few films have captured the chaos of an urban conflagration with such fury , and audience members will leave feeling as shaken as nesbitt's cooper looks when the bullets stop flying . "
0,"there are a few laughs and clever sight gags scattered about , but not enough to make this anything more than another big-budget bust . "
0,"viewers of "" the ring "" are more likely to remember the haunting images than the plot holes . "
0,"even with all those rough edges safely sanded down , the american insomnia is still pretty darned good . "
0,it somehow managed to make its way past my crappola radar and find a small place in my heart
0,mark me down as a non-believer in werewolf films that are not serious and rely on stupidity as a substitute for humor . 
0,meyjes' provocative film might be called an example of the haphazardness of evil . 
0,there's so much to look at in metropolis you hate to tear your eyes away from the images long enough to read the subtitles . 
0,"the people may be drawn comically , but the animals are rendered with skill and grace and the action scenes achieve true excitement . "
0,an atonal estrogen opera that demonizes feminism while gifting the most sympathetic male of the piece with a nice vomit bath at his wedding . 
0,there's not one decent performance from the cast and not one clever line of dialogue . 
0,"even if britney spears is really cute , her movie is really bad . "
0,"it has charm to spare , and unlike many romantic comedies , it does not alienate either gender in the audience . "
0,"the subtitled costume drama is set in a remote african empire before cell phones , guns , and the internal combustion engine , but the politics that thump through it are as timely as tomorrow . "
0,"sandler has played weirdos for zany comic effect , and it's interesting to finally see him play one in a relatively subdued romantic dramedy . "
0,"if you can push on through the slow spots , you'll be rewarded with some fine acting . "
0,"once the downward spiral comes to pass , auto focus bears out as your typical junkie opera . . . "
0," "" red dragon "" is entertaining . an obvious copy of one of the best films ever made , how could it not be ? but it is entertaining on an inferior level . it is a popcorn film , not a must-own , or even a must-see . "
0,it's too interested in jerking off in all its byzantine incarnations to bother pleasuring its audience . 
0,"defies logic , the laws of physics and almost anyone's willingness to believe in it . but darned if it doesn't also keep us riveted to our seats . "
0,"the film creates an effective sense of time and place , though sheridan is not above hitting us over the head with obvious stylistic contrivances . "
0,"what madonna does here can't properly be called acting -- more accurately , it's moving and it's talking and it's occasionally gesturing , sometimes all at once . "
0,"a painting brought to life , the tracker is an enigmatic visual essay set on a vast australian landscape . "
0,a realistically terrifying movie that puts another notch in the belt of the long list of renegade-cop tales . 
0,"perry's good and his is an interesting character , but "" serving sara "" hasn't much more to serve than silly fluff . nor is it a romantic comedy . "
0,"i'm sure the filmmaker would disagree , but , honestly , i don't see the point . it's a visual rorschach test and i must have failed . "
0,"smart , sassy interpretation of the oscar wilde play . "
0,"none of this is meaningful or memorable , but frosting isn't , either , and you wouldn't turn down a big bowl of that , would you ? "
0,"it stars schticky chris rock and stolid anthony hopkins , who seem barely in the same movie . their contrast is neither dramatic nor comic -- it's just a weird fizzle . "
0,the campy results make mel brooks' borscht belt schtick look sophisticated . 
0,strong setup and ambitious goals fade as the film descends into unsophisticated scare tactics and b-film thuggery . 
0,"chris columbus , the director , does a real wonderful job of being faithful to the story but also taking it into a cinematic era . "
0,"for all its brooding quality , ash wednesday is suspenseful and ultimately unpredictable , with a sterling ensemble cast . "
0,a muddle splashed with bloody beauty as vivid as any scorsese has ever given us . 
0,"halloween : resurrection is surprisingly effective , especially the opening sequence featuring the showdown between laurie and michael . "
0,"guy gets girl , guy loses girl , audience falls asleep . "
0,the footage of the rappers at play and the prison interview with suge knight are just two of the elements that will grab you . 
0,"this is a movie filled with unlikable , spiteful idiots ; whether or not their friendship is salvaged makes no difference in the least . "
0,"only an epic documentary could get it all down , and spike lee's jim brown : all american at long last gives its subject a movie worthy of his talents . "
0,"the sequel drops the adult aspects of the story in favor of talking reindeer and a life-size , plastic santa replacement ( also played by allen ) that is strongly reminiscent of that creepy family from the duracell commercials . "
0,a movie that tries to fuse the two 'woods' but winds up a bolly-holly masala mess . 
0,it recycles every clich about gays in what is essentially an extended soap opera . 
0,an off-beat and fanciful film about the human need for monsters to blame for all that is amiss in the world . 
0,"an uncomfortable movie , suffocating and sometimes almost senseless , the grey zone does have a center , though a morbid one . "
0,"harvard man is a semi-throwback , a reminiscence without nostalgia or sentimentality . "
0,japan's premier stylist of sex and blood hits audiences with what may be his most demented film to date . 
0,so unique and stubborn and charismatic that you want it to be better and more successful than it is . 
0,"chris columbus , the director , does a real wonderful job of being faithful to the story but also taking it into a cinematic era . "
0,"not a bad choice here , assuming that . . . the air-conditioning in the theater is working properly . "
0,"while insomnia is in many ways a conventional , even predictable remake , nolan's penetrating undercurrent of cerebral and cinemantic flair lends ( it ) stimulating depth . "
0,"granted , much of the marlovian argument is patently ridiculous ( was ben johnson really part of a massive cover-up ? ) but it's good fun . "
0,a haunting film about one of the great escapes of all time . 
0,"the dramatic scenes are frequently unintentionally funny , and the action sequences -- clearly the main event -- are surprisingly uninvolving . "
0,the weakest of the four harry potter books has been transformed into the stronger of the two films by the thinnest of margins . 
0,it's pithy without being saccharine ; it's funny without ever not taking itself seriously ; it's full of beautiful characters and great performances . 
0,huppert's superbly controlled display of murderous vulnerability ensures that malice has a very human face . 
0,"as violent , profane and exploitative as the most offensive action flick you've ever seen . "
0,"it's no surprise that as a director washington demands and receives excellent performances , from himself and from newcomer derek luke . "
0,"if you ever wondered what it would be like to be smack in the middle of a war zone armed with nothing but a camera , this oscar-nominated documentary takes you there . "
0,best to just pick up a blade of grass and chew on it while absorbing the scenic imagery and natural acting of a strong cast . 
0,"not for all tastes . but i , for one , was hooked by this fish's tale . "
0,"unlike trey parker , sandler doesn't understand that the idea of exploiting molestation for laughs is funny , not actually exploiting it yourself . "
0,"despite its old-hat set-up and predictable plot , empire still has enough moments to keep it entertaining . "
0,"just as the recent argentine film son of the bride reminded us that a feel-good movie can still show real heart , time of favor presents us with an action movie that actually has a brain . "
0,"you watch for that sense of openness , the little surprises . "
0,"the best movie of its kind since 'brazil . ' lucas , take notes . this is how you use special effects . "
0,"by the time its otherwise paint-by-numbers story reaches a finale , drumline has made band seem cool -- no small feat in the wake of american pie 2 . "
0,"it's excessively quirky and a little underconfident in its delivery , but otherwise this is the best 'old neighborhood' project since christopher walken kinda romanced cyndi lauper in the opportunists . "
0,"i don't think i laughed out loud once . and when you're talking about a slapstick comedy , that's a pretty big problem . "
0,borrows from other movies like it in the most ordinary and obvious fashion . 
0,"a bonanza of wacky sight gags , outlandish color schemes , and corny visual puns that can be appreciated equally as an abstract frank tashlin comedy and as a playful recapitulation of the artist's career . "
0,"what we have here is an examination of fathers , sons and sibling rivalry - squared and sideways"
0,it collapses when mr . taylor tries to shift the tone to a thriller's rush . 
0,"continually challenges perceptions of guilt and innocence , of good guys and bad , and asks us whether a noble end can justify evil means . "
0,those who don't entirely 'get' godard's distinctive discourse will still come away with a sense of his reserved but existential poignancy . 
0,the plot plummets into a comedy graveyard before janice comes racing to the rescue in the final reel . 
0,as simple and innocent a movie as you can imagine . this is a movie you can trust . 
0,"beautifully crafted and brutally honest , promises offers an unexpected window into the complexities of the middle east struggle and into the humanity of its people . "
0,"unless you're a fanatic , the best advice is : 'scooby' don't . "
0,"both stars manage to be funny , but , like the recent i spy , the star chemistry begs the question of whether random gags add up to a movie . "
0,"watching les destines , whose pace may not be for everyone , is to be virtually part of the creative process . "
0,anthony hopkins ? big deal ! we've already seen the prequel to the silence of the lambs and hannibal -- and it was better the first time . 
1,straight up : helicopters in action will take audiences on a series of aerial adventures . 
1,"set against the majestic landscape of canada's bay of fundy and the highest tides in the world , black swan is a dark comedy that weaves the innocent world of childhood , against the adult world of love , betrayal and murder . "
1,"but as she comes home , she opens a mysterious door that leads her to an artificial world : the holo-deck . "
1,"but this time , lucy , instead of thinking of herself first is able to comfort dante and forgive his momentary rage . "
1,paul doesn't see any other way but to commit suicide . 
1,"after a month , dante comes to see lucy to find out what she has decided . "
1,"a story of love and enchantment set in the coldest of winters , it explores the issues , dilemmas and barriers facing the lucky and unlucky in love in the 21st century , based on the novel of the same name by pullitzer prize-winning author carol shields . "
1,"a women from holland returns to indonesia , the country of her roots . "
1,suddenly a hand can do something no hand has done before and lips something no lips have ever done . 
1,"in a reciprocal effort , celebi uses his power and transports itself and sam to the present , ash ketchum's time . "
1,thomas' wish comes true and he stays up all night watching her . 
1,"he meets sunny , an afghan immigrant hot dog vendor , whose son is a would-be rapper , among others , and falls for laila , a fashion designer who still carries the expectations of her traditional parents . "
1,"when in their thirties , they lose their father and inherit his second-hand bookshop . "
1,"when he was a young boy , kyle ( chaney kley ) claimed that while he was sleeping , he accidentally woke up and saw the tooth fairy , who tried to kill him . "
1,"three mischevious employees ( paulo costanzo , woody harrelson , alicia silverstone ) of a bank in a small deserted town all make plans to rob at the same time , however none of them knows about the others . "
1,"in the burial society , sheldon kasner , an unlikely criminal who works as a bank loan manager , infiltrates the mysterious world of the chevrah kadisha ( the jewish society that prepares bodies for burial according to ancient ritual ) in order to steal a body and fake his own death after mobsters come after him looking for two million dollars that he is accused of having stolen . "
1,"in the end , debby , beth , and virginia find , if not the relationships of their dreams , peace with each other and within themselves . "
1,"rupi is typical aggressive trible girl , wildcat like manners and irrespective of free trible culture where sex before marriage is treated as part of education , nobody proposes to her knowing her love and devotion to kanna . "
1,this curious figure gives nicholas the impression he is pressing his young son closer to the girls in his life and away from bobby . 
1,"chandramukhi , a stunning courtesan instantly lost her heart to devdas . "
1,"in prospect bay , a remote outpost on the south australian coast , two communities , the goonyas ( whites ) and the nungas ( blacks ) , come together on the one field they have in common , the football field . "
1,"but genevieve is anticipating exactly that type of response from starla and soon turns everyone , including starla's friends and family , against her by playing the poor victim and making it appear that starla's the aggressor . "
1,three friends get together and bury a box making a pact to open it at midnight at their high school graduation . 
1,"eventually , crane teamed up with video technician john carpenter to document his exploits , an association that may very well have led to his murder in a scottsdale , arizona motel room in 1978 , which remains officially unsolved to this day . "
1,"in their new environment , the men relinquish their frat mentality and realize how hurtful they have been to women over the years . "
1,"anmol comes to india with his father-in- law ( paresh rawal ) and the moment they step into india they are picked up by choto chhatri ( johny lever ) , who takes them to a local goon , eaida anna ( sunil shetty ) . "
1,"well , robert's not a suitable chinese girl - but is he gay ? "
1,"in this sense it is merely a travelogue , yet there is so much more , spanning from the traditional to the avant-garde , from the sublime to the ridiculous , very different , highly original and with a unique zeitgeist narrative structure . "
1,will superfag save the world from peckerhead's evil diabolical plan ? 
1,"stifler plans to throw the ultimate bachelor party , and finch is not for letting stifler steal the maid of honor , who happens to be michelle's sexy younger sister , cadence . "
1,a group of british students enbark on summoning spirits on a ouija board after a night of clubbing . 
1,"with utter certainty that druden is the one from butcher's vision , inez plans their escape to richmond . "
1,"the military team must shut down the computer and get out , fighting their way past zombies , mutants , and the computer itself , before the virus escapes and infects the rest of the world . "
1,"two brothers inherit an old , broken down carousel on an abandoned boardwalk in new jersey . "
1,a seasoned call girl is offered a way out of the business if she uncovers a blackmail ring in a house of prostitution . 
1,their letter has been received in whitehall and merton corroborates their heroic story . 
1,"a serial killer is on the loose and kills herbert's assistant , dan cain . "
1,it is a study of dark forces lurking in the lives of teenagers today . 
1,"testing his theories with a time machine of his own invention , hartdegen is hurtled 800 , 000 years into the future , where he discovers that mankind has divided into the hunter - and the hunted . "
1,"based on an acclaimed 1935 novel about the war of liberation ( 1918-1920 ) that ensured estonia's independence , the film tells about a group of young schoolboys heading to the front to fight the army of soviet russia . "
1,"filled with hatred she seduced louie , her classmate who had a crush on her , to get back at him - and as a favor she would go to bed with him . "
1,ray misses a chance to see his brother paul before he dies of cancer . 
1,"claire soon learns that to navigate the military justice system , she'll need help from the somewhat unconventional charlie grimes ; meanwhile , claire's sister , jackie , is falling in love with wet-behind-the-ears lieutenant embry assigned as the official defense lawyer . "
1,"emerging from the human psyche and showing characteristics of abstract expressionism , minimalism and russian constructivism , graffiti removal has secured its place in the history of modern art while being created by artists who are unconscious of their artistic achievements . "
1,"back in france , werner recovers a taste for life and adrien returns to his solitary lifestyle . "
1,"stranded on a lonely road , a schoolbus full of high school basketball players , their coaches , and cheerleaders must defend themselves from the creeper - a flesh-eating ancient beast that resurfaces on the earth every 23 years to feed . "
1,"assigned to the vicious in-club slaying of a promising young rap act , the two detective delve into the recording industry where they hope to find answers - ideally ones that also come with property buyers or auditions . "
1,"can the elderly and feeble mccaleb , who had intended to spend his retirement living on his boat in the los angeles harbor , and who can't drive , and has to nap regularly , muster up the endurance to find the killer ? "
1,everyone thinks that it's him that has opened the chamber of secrets because that is what slytherin was famous for . 
1,"contrary to the homeless stereotype , jack's existence is ruled by discipline . "
1,her husband was the love of her life and she does not expect to find another . 
1,"but still , the killings do not stop with his death . "
1,"rebuffed in love and uncertain of life , simon is the story of a young englishman's physical and spiritual journey during algeria's battle for independence from france . "
1,"sixteen years later , germany , in the ruhrpott , to be exact : orphan t&#252 ; rlich and his friend josch are working their civil service , yet cause so much chaos that they decide to flee instead of being forced into the army . "
1,"always excitable and volatile , jie becomes reckless and dangerous when he has the gun in his hand . "
1,"at the age of 25 , tiz is considered a survivor . "
1,"the two black men ( anthony and michael ) are successful in the high tech world of silicon valley , and have known each other since childhood . "
1,"three mischevious employees ( paulo costanzo , woody harrelson , alicia silverstone ) of a bank in a small deserted town all make plans to rob at the same time , however none of them knows about the others . "
1,"though each with their distinctive story , all three are interwoven with the other . "
1,"keith bennets ( mark thompson ) mother passed away a year ago , and he feels like he has moved on with his life , until one morning his mothers jewellery shows up on keiths bathroom sink . "
1,"a young man ( keanu reeves ) plays a doctor caring for a man ( nicholson ) , who suffers a heart attack at the house of his young girlfriend's mother ( keaton ) . "
1,"the mexican dream , is a tragic comedy about the longings and delusions that lure so many illegal inmigrants to this country . "
1,"joe enders , a decorated marine who is by-the-book to a fault , is just coming back on duty ( by cheating on his medical tests ) . "
1,"an eager young englishman is dispatched to sarawak to become part of the british colonial government , encounters some unorthodox local traditions , and finds himself faced with tough decisions of the heart involving the beautiful young selima , the unwitting object of his affections . "
1,jamie lee curtis ( true lies ) and lindsay lohan ( the parent trap ) star in the remake of the 1976 disney classic freaky friday . 
1,"after spending a year in a mental instituton , molly peters finally returns home to her mother . "
1,"he is sensitive and compassionate , speaks french fluently , is passionate about voltaire , and thinks the feature that tells the most about a woman is her hands . "
1,from that moment on nothing is as it was before . . . 
1,"the doctor delivers the news that this has been a false pregnancy , one in which the embryo never develops . "
1,"unfortunately , stiles has bought off a crooked sheriff who intends to make the trip very difficult for red . . . "
1,highlights include detailed instructions on how to perform an icepick lobotomy with household utensils ; a cacophony of robotic voices ; and haunting stills that date back to the turn of the twentieth century . 
1,"heart-stopping talent doesn't seem to be enough when your parents want you to hang up your football boots , find a nice boyfriend and learn to cook the perfect chapatti . "
1,"they discover a little bit about love , dating and each other as the search through the thousands of hopefuls . "
1,"the teamster's union goes on strike against overnite transportation , a nationwide freight company that has resisted unionization . "
1,"as this sacrifice draws to its close , our story begins . "
1,chapman is on trial for a murder of latin american villagers while he was in the marines . 
1,"when the young and highly repressive king pentheus discovers that his own mother agave has given herself over to this upstart god of wine and erotic joy , he declares a state of war , despite the very stern warnings of cadmus , the former king and the famed prophet teiresias . "
1,"once the transformation is complete , he's ready to take on the evil perpetrators of operation whitewash--mr feather , penelope snow aka white she devil , and , ultimately , the man . "
1,"combining historical documentation , personal stories , and interviews with noted experts and legislators , this documentary honors the dildo's fight for legitimacy and its many admirers . "
1,"living in a beach shack with three roommates including her rebellious younger sister , she is up before dawn every morning to conquer the waves and count the days until the pipe masters surf competition . "
1,"together with john connor , it must stop the rise of the machines or all humanity will fall . "
1,what drives a young african-american man to become a member of the republican party and to run for a united states congressional seat in a district in south georgia with a disturbing racist history ? 
1,"now the inmates are retaliating , with seagal and ja rule leading them . "
1,"they get on from the word go , but now dad needs a liver transplant and ludvig and harald set about raising the wherewithal . "
1,"two pairs , each married for quite a long time , are living in a small east german town . "
1,this movie praise the right to be different and unique . 
1,"the fact that he owns the gun of a popular man , who got killed , from that town makes him prime suspect . "
1,"a film within a film , this is a contemporary story of the making of a historical epic about the armenian holocaust between 1915 and 1918 . "
1,"he meets up with the country bears , a long-since broken-up band , a parody of bands like the eagles . "
1,"unfortunately , her plan goes wrong , and she actually kills herself . "
1,the egoists is an ensemble piece that reveals the lives of several characters as they are brought together to mount a theatrical production . 
1,"klein ischgl actually turns out to be a stone-age-like townlet ( 9 inhabitants ) up the mountain , and t&#252 ; rlichs grandfather , who runs the place , even resists to electricity and indoor plumbing . "
1,roger swanson is a hopelessly cynical advertising copywriter with a razor-sharp wit who believes he has mastered the art of manipulating women . 
1,"unknown to anyone , inez has begun a secret tryst with druden ( james urbaniak ) , a sweet-spirited , oddly-romantic , and wealthy young lawyer in town . "
1,"on his journey , he comes of age , meeting a diverse group of people , from a random business man to keisha ( washington ) , a girl he inevitably falls for . "
1,"it's an instant success for simon , he meets the delightful mia who immediately takes a liking to him . "
1,his story explores the ramifications of leaving afghanistan and living as a refugee in america . 
1,"his plan goes awry , however , when the group is forced to work for a drug ring . "
1,"carlos ramirez , 28 , lives in the dominican neighborhood of washington heights in new york city , where his father eddie runs a local bodega . "
1,"when reuben buys a black-market cure for his unusual chest complaint , jenny is forced to make a terrible sacrifice . "
1,"after hours of searching for her hidden dream place in the nevada deserts , the taxi driver ( martin kove ) abruptly quits the search and demands that she's paying up immediately . "
1,"contrary to the homeless stereotype , jack's existence is ruled by discipline . "
1,"his mother persuades a renowned entomologist to take them on a trip to the jungle to search for the butterfly , leading to an adventure that will transform their lives . "
1,"in the heat of the moment dante blames lucy saying , "" you never wanted this baby . "
1,"she wants his blessing to marry a man she loves , but he tells her that she must marry a man of his choosing , and that she must undergo female circumcision . "
1,"because of being deeply moved from the sunflowers' beautiness , he takes one of them as a sign for his love back to the city . "
1,"tom is a charismatic late-night radio talk show host , whose unconventional upbringing has made him a little too quick to fall in love and marry , resulting in three divorces before the age of 40 . "
1,josh ( anthony michael hall ) is one of those guys who can't navigate the shallow ny singles scene . 
1,the story of two lads from belfast as they stumble their way through the london gay underworld in search of 'gainful employment' . 
1,"looking for a good story she also meets a welfare official , thomas , who also thinks that the foundation should be looked into . "
1,"he enters an unknown world of rituals and cutural perceptions , and fixes everything in his own unique way . "
1,"based on an attraction at disneyland , the country bear jamboree , "" the country bears "" ( 2002 ) is one in a long line of live action disney family films . "
1,alice must also come to terms with her slowly-returning memories . 
1,"unbeknownst to the contestants , the game's host has struck a deal with the soldiers hired to guard the money , and does not really have the player's best interests , or even basic safety , at heart . "
1,"ruthie &#38 ; connie demonstrates the wit and wisdom , heartache and joy of these two wonderfully funny and deeply complex women who live their private lives in public and with passion . "
1,"majandra delfino plays iris , the sheriff's little sister , and much to his dismay , david's love interest . "
1,"in a final game , johnathan and his team have to fight for mere survival against their real opponent - their boss alexi petrovich . "
1,george discovers both the princess and the truth behind her strange disappearance . 
1,"to get the job done , they must all do what they have never done before # trust each other . "
1,"only one person has the power to save the princess , a priestess . "
1,"urban ground squirrels is the hilarious tale of love , friendship , and experiences set against the battlefield of a modern college campus . "
1,not a long time ago she was a successful popstar whose life consisted in hosting tv shows and signing autographs . 
1,"poets is essentially a travelogue of the british isles , juxtaposed with an anthology of classical and contemporary verse , macro-cosmic in scope , microcosmic in its singular intensity . "
1,"crime can most certainly pay , if you "" know wot i mean ? "" "
1,"he enlists the support of other prisoners including crips , bloods and a very powerful jamaican mobster and is able to expand his drug empire . "
1,"determined not to let this opportunity slip by , she vows to act on that information right away . "
1,"josh is about to turn 30 ; he's mentally retarded , and likes to play at being a vampire . "
1,"after a drastic confrontation with the 'normal' outside world that results in fighting and panic , the group breaks up . "
1,the movie introduces us to frankie ( played by david eigenberg ) a would-be romeo who will put himself though great pains to find his juliet . 
1,"she frequently offers her hospitality to a 16-year-old prostitute , gr&#233 ; goire , a young man who became her friend . "
1,"when they fall in love for the first time , it's an impossible situation , because you can't just change your life overnight . "
1,"nothing makes this woman happy , including her wealthy but passive husband ( tony ) , a pharmaceutical kingpin . "
1,"the remaining friends must now rescue the captives , while desperately trying to avoid the long arm of the law . "
1,he faces the hostility and malice of the modern world . 
1,"but then the crew detects a break-in on their computer systems , and picard is captured by the romulans because shinzon needs him as his only matching supplier of genetic material . "
1,"pitted against steroid-taking competitors and the biggest sports-nutrition company in the world , he is up against odds and enemies who want to destroy him . "
1,ricky is an ex-con with two strikes against him and is desperately trying to stay straight . 
1,"mirabelle falls in love with the glamorous ray , and her life takes a magical turn , but eventually she realizes that she must empower herself and make a choice between them . "
1,"they go through three days of hell , friendship , madness and hope . "
1,"the film tells the story of a highly intelligent former state champion bodybuilder from small town ohio who has become obsessed with his scientific research and , consequently , has let his world-class physique go . "
1,"although a sympathetic judge assures desmond that when his financial situation reverses , he will be able to get his children back ; money is hard to come by . "
1,"mo is beautiful but bald , mei has excessive body hair ( that somehow resulted from a sexual assault ) , hung has a large red birthmark on her face , and pao has abnormally small eyes . "
1,"his old friends and family members have changed , almost beyond recognition . "
1,"ruby falls in love and becomes impregnated by sandy , a xerox shop worker . "
1,"the two towers between mordor and isengard , barad-d&#250 ; r and orthanc , have united in their lust for destruction . "
1,"obviously a socialist commentary , poets is in turn informative , witty and thought-provoking . "
1,"the camera cuts back and forth between gus and grace : he talks about what a great driver he is , she says he's a lousy driver . "
1,"told in flashback as danny reviews the razor eaters' videos , we see the spiralling rampage through two perspectives ( and two formats ) as danny and the razor eaters eventually collide in a thrilling , suspenseful climax . "
1,they quickly realize that the answer to their problems and the key to their happiness do not lie in achieving a perfect score . 
1,matt lee has to stay a few steps ahead of his own police force and everyone he's trusted in order to find out the truth . 
1,"this painter's block has lead to a desperate man obsessed with the need to paint , leaving the artist in a state of disarray . "
1,lucy is a wannabe writer who hides behind a dead end job in her hometown . 
1,depending on what you read witnesses say his penis was from 12 to 14 inches long . 
1,"the film , staged among some of the western art tradition's greatest masterpieces , climaxes in a pageant of color , motion , and music . "
1,"it tells a hard-hitting story of some of the people's lives which are affected by letters delivered by "" the lady in red "" night mail train from london to scotland . "
1,"he - rugged , handsome , the independent outdoor type - is hitching a ride back to la and knows a good bet when he sees one . "
1,archeology professor robert burns is on location leading an important dig in the ancient ruins on the far eastern chinese border . 
1,"in mid-1970s savannah , two bright but rebellious boys , francis doyle and tim sullivan , fight boredom , hormones and harsh teachers as they struggle to find something meaningful beyond the walls of their parish school . "
1,they quickly realize that the answer to their problems and the key to their happiness do not lie in achieving a perfect score . 
1,"by contrast , tom finds her world increasingly seductive , and as fatal gradually loses the only person she trusts , she discovers destiny has other plans . "
1,"he and his friends : virgil , daric and han lead a double life of mischief and petty crimes to alleviate the pressures of perfection . "
1,after another drunken night they are soon parted from all their accumulated cash . 
1,"the plan goes by smoothly , but troubles comes when ray actually falls in love with eva . "
1,"as she makes her way through the dazed world of the city's junkies , only one person seems able to provide any help : the obsessive and self-destructive miles , the last of the city's security officers . "
1,"but all four are having trouble dealing with it , and steve has a job offer in san francisco . "
1,alex enlists the aid of his old comrade father thomas ( addy ) and of a troubled artist ( sossamon ) upon whom he once performed an exorcism . 
1,"as she tries to clear her name , she uncovers information that leads to more murders and more unanswered questions . "
1,"he's confused , he's hurt , and he doesn't know what to do . "
1,"now , all the mutants need to fight together against an enemy in common : general william stryker , who is planning to destroy them all . "
1,they carry out a sentence pronounced by rule of law . 
1,the film first relates the journey of afghans refugees fleeing the bombing and war around herat and other cities to take refuge in ill-equipped camps . 
1,"tonight at hamilton high , the lesson is survival . "
1,"an interview with rick rescorla , head of security for morgan stanley dean witter , filmed in his office on the 44th floor of the world trade center in 1998 . "
1,"looking for a good story she also meets a welfare official , thomas , who also thinks that the foundation should be looked into . "
1,"in his way , meets prosit , a german villain on a persistant mission to find pots of gold in the superstition montains . "
1,as a woman who can let go of her need to be in control . 
1,the film is told in flashbacks with a female reporter interviewing gale . 
1,the gang quickly grab the publics' allegiance by targeting members of our community we'd all like to see 'get nailed' . 
1,his emotionally wrenching and often humorous long first night back ends in a mutually relentless swordfight with his prospective brother-in-law that forces him into coming to terms with his loss . 
1,a team of scientists is recruited in a crash project to send a ship and bomb into the center of the earth to prevent the catastrophe . 
1,in a post communist eastern european country in 1996 the food prices are outrageous and times are tough . 
1,"now , johnny and lena ( wayne's girlfriend ) are asked to make the ultimate baby product , called mighty baby . "
1,william baldwin and jodi lyn o'keefe of 'halloween : h20' fame are both set to star in a new movie playing as brother and sister who travel to their family's ancestral mansion after their father's death . 
1,ricky is an ex-con with two strikes against him and is desperately trying to stay straight . 
1,"by occasion , the family plays a bizarre game : when someone rings a bell , everyone has to undress as quikly as possible , dive in the swimming pool , and grab the wooden fish in the pool . "
1,"when her girlfriend decides to move away and lucy can't find the courage to go with her , she winds up in bed with her best friend from high school , dante . "
1,"she has to work in an other run down bar , with no chance to perform her songs . "
1,"swept into the final moments of the ceremony , jenny must decide ; should she hurt all the people who love her by running away , or simply say "" i do "" ? "
1,"james regards the cia's mission as an intriguing alternative to an ordinary life , but before he becomes an ops officer , james has to survive the agency's secret training ground , where green recruits are molded into seasoned veterans . "
1,skagerrak is the story of being hit by happiness when you least expect it . 
1,"after escaping from the racoon city medical facility alice searches for answers to the t-virus and how to contain it , all while trying to find a way to escape the ruined city with fellow survivors . "
1,the end isn't just being yourself all it takes to find your niche ? 
1,"when the general he's sent to kill delays his return to the country , john passes the time with manuela , a beautiful dancer who becomes his teacher and guide into argentina's sensual world of the tango . "
1,he is under the impression that rupi is dead . 
1,"accompanying them is jon's "" soulmate , "" todd , a 35-year old businessman recklessly reliving his adolescence , plus other "" circuit friends "" the boys make along the way . "
1,"ray's always playing the angles , and he's got his eye on a horse that's cheap because it's been misdiagnosed . "
1,"in a future where emotion and desire have been wiped away by an unshakable new narcotic , society exists simply to provide a constant source of the drug . "
1,"staked-out in his one-bedroom apartment with his kidnap victim , brian ( justin bartha ) , gigli soon realizes that what he thought would be a routine assignment soon becomes a tumultuous task . "
1,"when a cia agent is killed during a nuclear arms purchase , his partner oakes ( anthony hopkins ) , recruits his twin brother , jake hayes ( chris rock ) . "
1,how much is he willing to sacrifice in order to pull off his charade ? 
1,"levi , is an ex-navy man and an animal rights activist who returns home to find the war at home harder to fight than anything he's ever encountered , but what and who is he fighting for ? "
1,"to escape their troubles and find women , they book a trip on board a cruise-liner , unaware the travel agent has just played a horrid trick on them in retaliation for nick offending his secret gay lover . "
1,jordan is a mom &#38 ; an activist who is on a life long search for true faith as she tries to protect her only child from what she believes is injustice . 
1,"but for trey segal , that dream comes at a cost . "
1,wishing to free himself more firmly he locks himself into d&#233 ; pendance and lack of power . 
1,"narrated by james ellroy , stan brakhage , and dr . roy menninger . "
1,"a steadfast critic of united states foreign policy for decades , in the aftermath of the terrorist attacks of september 11th , his profile took a quantum leap as he provided much-needed analysis and historical perspective to concerned citizens throughout the world . "
1,america's best player is being pulled in to the ultimate cyber-terror . 
1,"when investigative reporter , chase somete and her team are on a trail of uncovering this organized fight ring , suk is torn between protecting the only family he knows , and defending the person who can bring him down . "
1,"thus , it is only natural that kyle begins a steady decline towards becoming one of the monsters he despises . "
1,stryker puts into motion a plan to eradicate the mutants and begins an offensive on the x-men mansion and school . 
1,especially when you would much rather want to be one of the cool muslim boys who wears those golden necklages and say cool stuff in arabian . 
1,"thurman plays a character known as the bride , a pregnant assassin who is shot by her boss , bill ( david carradine ) , on her wedding day , leaving herself and the wedding guests lying for dead . "
1,dead bodies are being found in the new york harbor . 
1,"and then , did you ever let fear get in your way and keep you from having the person you've always wanted to be with ? "
1,"this was also a time , in the midst of a chaotic , decaying environment , when a man tried to cope with the loss of his former lover . "
1,"levi , is an ex-navy man and an animal rights activist who returns home to find the war at home harder to fight than anything he's ever encountered , but what and who is he fighting for ? "
1,"when they get there , strange happenings invade the school . "
1,nomad explores the futility of insulating oneself from the sometimes painful reality of human interaction . 
1,"paulie , a pot smoking proctologist who has a list of pre-requisites for dating which reads like "" war and peace . "" "
1,"as his agent pushes him to be bigger , and valerie , the bakery owner , adds a surprise of her own , stan begins to strain under the pressures of mass production while simultaneously trying to create hand painted masterpieces . . . "
1,"a little girl uses her overactive imagination to turn her doll into a real live friend ; but when a monster kidnaps her doll , she must enter a dangerous , surreal world to find the monster and rescue her doll . "
1,ira member bobby sands is imprisoned in northern ireland . 
1,"while conquering the drug world , kilo falls in love with a local latina girl who quickly becomes pregnant . "
1,"en este ambiente de violencia y pesimismo , salva y &#193 ; ngel , dos p&#237 ; caros de barrio , se ganan la vida mendigando en el metro para sus patatas bravas y sus verm&#250 ; s de grifo . "
1,katie is a young girl who loves to climb . 
1,"ethan fernier is obsessed with the horror movies of b-movie director , winston korman . "
1,mother turns out to be his crazy accomplice in mass murder and his quest for immortality . 
1,lilo is a 5 year old hawaiian girl who's quite peculiar : she has an off beat take on life and is a little obsessed about taking care of downtrodden animals . 
1,"everything had been going along smoothly until the gang entered their final year of high school and the stakes were upped by the school's principal , mrs . stark . "
1,"in their fortuitous encounter , forged by fire , he makes peace with the past and she takes control of her destiny . "
1,"keith tells his wife karen , ( dana delaney ) about the jewellery and that is the last straw . "
1,"charlie is heartbroken when his girlfriend of three years , mallory , breaks up with him . "
1,"tension mounts , and as the cops arrive , morgan is growing impatient . "
1,but the record industry has passed them by^&#197 ; so has the general public whose musical tastes are continually changing . 
1,"only a little later , johnathan's life is already in extreme danger as well as those of his friends and teammates . "
1,the problem is that the mysterious inhabitants are murderous lunatics out to kill every one of them . . . 
1,a cold-hearted judge finds out when a seemingly crazy young couple break into his house and take him captive . 
1,"when his daughter is kidnapped and held in exchange for priceless diamonds , the leader of a crew of highly skilled urban thieves ( dmx ) forges an unlikely alliance with a taiwanese intelligence officer ( jet li ) to rescue her . "
1,"when crystal's infidelities become overwhelming , kali kicks her out . "
1,"she spends her days catering to edgar's whims and fighting off lame advances from his taciturn partner in crime , flowers ( arie verveen ) . "
1,"one is little miss perfect , one is an engaged prom queen , and the other is a pregnant outcast . "
1,"heavily pregnant , and wanting to terminate her pregnancy , she's on the run from the future parents , searching for sophie's old flame , ken . "
1,"however , as simone's fame skyrockets , he cannot bear to admit his fraud to himself or the world . "
1,"it is then an intimate view of the smoldering monochromatic site and the surrounding solitary streets , the ashen outskirts of new york's financial center , desolate and strewn with debris , the epicenter , a steel moonscape of dresdenesque remains . "
1,"unbeknownst to the contestants , the game's host has struck a deal with the soldiers hired to guard the money , and does not really have the player's best interests , or even basic safety , at heart . "
1,"based on an acclaimed 1935 novel about the war of liberation ( 1918-1920 ) that ensured estonia's independence , the film tells about a group of young schoolboys heading to the front to fight the army of soviet russia . "
1,a malediction passed from generation to generation has it that any woman in her family who sings will die . 
1,is the story of eight very different people who go on a catalogue modeling trip from sophisticated los angeles to the remote mountains of california . 
1,arroz con mango is a light romantic comedy about people and their drives . 
